ticker_id,ticker,origin_date,target_start_date,target_end_date,actual_vol,rolling_vol_baseline,ewma_vol_baseline,data_source,split,regime,regime_name
0,AAPL,2020-03-26,2020-03-27,2020-04-09,0.24996384757893564,0.2257990168122286,0.20051003275073684,synthetic_fallback_fast,train,2,High
1,MSFT,2020-03-26,2020-03-27,2020-04-09,0.29292665708183757,0.2632436087911936,0.24785067965855925,synthetic_fallback_fast,train,2,High
0,AAPL,2020-03-27,2020-03-30,2020-04-10,0.24409253261809097,0.22677528025813265,0.19899311514782428,synthetic_fallback_fast,train,2,High
1,MSFT,2020-03-27,2020-03-30,2020-04-10,0.27677517337856594,0.2724548013558544,0.2523598034877002,synthetic_fallback_fast,train,2,High
0,AAPL,2020-03-30,2020-03-31,2020-04-13,0.26488505082760655,0.21370537453042748,0.1931798430079813,synthetic_fallback_fast,train,2,High
1,MSFT,2020-03-30,2020-03-31,2020-04-13,0.2888853185608512,0.2670262389962549,0.24479646981340747,synthetic_fallback_fast,train,2,High
0,AAPL,2020-03-31,2020-04-01,2020-04-14,0.21212490357705516,0.242803344047949,0.22650414581494216,synthetic_fallback_fast,train,1,Medium
1,MSFT,2020-03-31,2020-04-01,2020-04-14,0.27407066832552834,0.2754140405027343,0.24935766249025595,synthetic_fallback_fast,train,2,High
0,AAPL,2020-04-01,2020-04-02,2020-04-15,0.1721743058492581,0.25699785265370756,0.2400037000160443,synthetic_fallback_fast,train,1,Medium
1,MSFT,2020-04-01,2020-04-02,2020-04-15,0.21532885540434885,0.3019050356423027,0.2776822235455382,synthetic_fallback_fast,train,1,Medium
0,AAPL,2020-04-02,2020-04-03,2020-04-16,0.151493539252938,0.2577097969920567,0.24312802049930377,synthetic_fallback_fast,train,1,Medium
1,MSFT,2020-04-02,2020-04-03,2020-04-16,0.170969707228764,0.3164124708165058,0.2887172331856558,synthetic_fallback_fast,train,1,Medium
0,AAPL,2020-04-03,2020-04-06,2020-04-17,0.15178493132873,0.24292359906902303,0.2392602028243102,synthetic_fallback_fast,train,1,Medium
1,MSFT,2020-04-03,2020-04-06,2020-04-17,0.15822223326362173,0.2981184121163325,0.285547828685057,synthetic_fallback_fast,train,1,Medium
0,AAPL,2020-04-06,2020-04-07,2020-04-20,0.16076732096009763,0.2433279331010845,0.23564224076688145,synthetic_fallback_fast,train,1,Medium
1,MSFT,2020-04-06,2020-04-07,2020-04-20,0.14512545049981224,0.2850281848173942,0.28157557507330566,synthetic_fallback_fast,train,0,Low
0,AAPL,2020-04-07,2020-04-08,2020-04-21,0.15783693951677683,0.2387987632591621,0.23010831366288467,synthetic_fallback_fast,train,1,Medium
1,MSFT,2020-04-07,2020-04-08,2020-04-21,0.1420481993461318,0.2865656642628129,0.2751927765358574,synthetic_fallback_fast,train,0,Low
0,AAPL,2020-04-08,2020-04-09,2020-04-22,0.1624131222612984,0.21704241059721702,0.22310760896577161,synthetic_fallback_fast,train,1,Medium
1,MSFT,2020-04-08,2020-04-09,2020-04-22,0.1582376696568614,0.2810155997568724,0.26697354874987855,synthetic_fallback_fast,train,1,Medium
0,AAPL,2020-04-09,2020-04-10,2020-04-23,0.1604004129187053,0.219037697561424,0.219243763281959,synthetic_fallback_fast,train,1,Medium
1,MSFT,2020-04-09,2020-04-10,2020-04-23,0.14584628327385088,0.2862654786135929,0.2662322769873601,synthetic_fallback_fast,train,0,Low
0,AAPL,2020-04-10,2020-04-13,2020-04-24,0.16461488960380197,0.21911950588055507,0.21285289348789319,synthetic_fallback_fast,train,1,Medium
1,MSFT,2020-04-10,2020-04-13,2020-04-24,0.1537654108750176,0.286784814504102,0.2590704577841071,synthetic_fallback_fast,train,0,Low
0,AAPL,2020-04-13,2020-04-14,2020-04-27,0.129148763917892,0.22382740174834403,0.22145275321886937,synthetic_fallback_fast,train,0,Low
1,MSFT,2020-04-13,2020-04-14,2020-04-27,0.13074647957196925,0.2877064122924415,0.25942434065890246,synthetic_fallback_fast,train,0,Low
0,AAPL,2020-04-14,2020-04-15,2020-04-28,0.12562918921897842,0.20722374622456022,0.21696462328498542,synthetic_fallback_fast,train,0,Low
1,MSFT,2020-04-14,2020-04-15,2020-04-28,0.1510664268912094,0.25240422604436036,0.2529103844135369,synthetic_fallback_fast,train,0,Low
0,AAPL,2020-04-15,2020-04-16,2020-04-29,0.125458175015527,0.19994181844886996,0.21073673045933639,synthetic_fallback_fast,train,0,Low
1,MSFT,2020-04-15,2020-04-16,2020-04-29,0.15080913599561718,0.2541451024462643,0.24780390246048672,synthetic_fallback_fast,train,0,Low
0,AAPL,2020-04-16,2020-04-17,2020-04-30,0.1380961395169862,0.2016857453408078,0.20655947774311992,synthetic_fallback_fast,train,0,Low
1,MSFT,2020-04-16,2020-04-17,2020-04-30,0.15293793070220912,0.2338607553823612,0.24140923082205296,synthetic_fallback_fast,train,0,Low
0,AAPL,2020-04-17,2020-04-20,2020-05-01,0.1292611026196541,0.20481115969987382,0.2045040528585533,synthetic_fallback_fast,train,0,Low
1,MSFT,2020-04-17,2020-04-20,2020-05-01,0.15475139067857224,0.23467232874851135,0.23542023232402184,synthetic_fallback_fast,train,0,Low
0,AAPL,2020-04-20,2020-04-21,2020-05-04,0.11514534453087429,0.2076355442787195,0.20667661952327387,synthetic_fallback_fast,train,0,Low
1,MSFT,2020-04-20,2020-04-21,2020-05-04,0.16949356035603372,0.23387305171150913,0.22876939934954524,synthetic_fallback_fast,train,1,Medium
0,AAPL,2020-04-21,2020-04-22,2020-05-05,0.11617358314114326,0.20791131347529226,0.20085095143209128,synthetic_fallback_fast,train,0,Low
1,MSFT,2020-04-21,2020-04-22,2020-05-05,0.16850044509512985,0.22608241056794848,0.2232830976385237,synthetic_fallback_fast,train,1,Medium
0,AAPL,2020-04-22,2020-04-23,2020-05-06,0.11584028505504354,0.20840007477331074,0.1974825772464051,synthetic_fallback_fast,train,0,Low
1,MSFT,2020-04-22,2020-04-23,2020-05-06,0.1534635413023023,0.22973345328974656,0.22341627007797552,synthetic_fallback_fast,train,0,Low
0,AAPL,2020-04-23,2020-04-24,2020-05-07,0.11185142786004851,0.210012163410785,0.1938004563874871,synthetic_fallback_fast,train,0,Low
1,MSFT,2020-04-23,2020-04-24,2020-05-07,0.14492258962481544,0.23138405819539168,0.22028538923266858,synthetic_fallback_fast,train,0,Low
0,AAPL,2020-04-24,2020-04-27,2020-05-08,0.10500931900931086,0.20818168310298785,0.19029586293520237,synthetic_fallback_fast,train,0,Low
1,MSFT,2020-04-24,2020-04-27,2020-05-08,0.1341644451047773,0.22388423144596206,0.217699831606991,synthetic_fallback_fast,train,0,Low
0,AAPL,2020-04-27,2020-04-28,2020-05-11,0.10447177738625206,0.20837885374176418,0.18510309823403773,synthetic_fallback_fast,train,0,Low
1,MSFT,2020-04-27,2020-04-28,2020-05-11,0.1348520295251549,0.22422016992285487,0.21170852577763338,synthetic_fallback_fast,train,0,Low
0,AAPL,2020-04-28,2020-04-29,2020-05-12,0.10182406073848467,0.1743268021581777,0.18074503935333838,synthetic_fallback_fast,train,0,Low
1,MSFT,2020-04-28,2020-04-29,2020-05-12,0.10593956256083961,0.22128691394892613,0.2154369458781782,synthetic_fallback_fast,train,0,Low
0,AAPL,2020-04-29,2020-04-30,2020-05-13,0.1032378704349052,0.15063821771532693,0.17560070606964237,synthetic_fallback_fast,train,0,Low
1,MSFT,2020-04-29,2020-04-30,2020-05-13,0.10269871581283271,0.18588963320945512,0.2118573885264467,synthetic_fallback_fast,train,0,Low
0,AAPL,2020-04-30,2020-05-01,2020-05-14,0.0831735104897375,0.14494970883874927,0.17858180627996775,synthetic_fallback_fast,train,0,Low
1,MSFT,2020-04-30,2020-05-01,2020-05-14,0.09725891451991499,0.16220457983263453,0.20766309528355834,synthetic_fallback_fast,train,0,Low
0,AAPL,2020-05-01,2020-05-04,2020-05-15,0.09174029176163187,0.140973575589392,0.173858388448891,synthetic_fallback_fast,train,0,Low
1,MSFT,2020-05-01,2020-05-04,2020-05-15,0.11479946809705498,0.1564964344895436,0.20373535979218474,synthetic_fallback_fast,train,0,Low
0,AAPL,2020-05-04,2020-05-05,2020-05-18,0.07940494399594421,0.13982950664259097,0.17218446030543555,synthetic_fallback_fast,train,0,Low
1,MSFT,2020-05-04,2020-05-05,2020-05-18,0.09976090330567022,0.15778064422630855,0.20474142001903067,synthetic_fallback_fast,train,0,Low
0,AAPL,2020-05-05,2020-05-06,2020-05-19,0.08511879821118798,0.1385799424445594,0.1679621209423281,synthetic_fallback_fast,train,0,Low
1,MSFT,2020-05-05,2020-05-06,2020-05-19,0.11046546008189108,0.15583659861331559,0.19946382185725922,synthetic_fallback_fast,train,0,Low
0,AAPL,2020-05-06,2020-05-07,2020-05-20,0.07662654249042147,0.14106203231964512,0.16599992639990227,synthetic_fallback_fast,train,0,Low
1,MSFT,2020-05-06,2020-05-07,2020-05-20,0.11118673277561156,0.15586888497624765,0.19309900739419283,synthetic_fallback_fast,train,0,Low
0,AAPL,2020-05-07,2020-05-08,2020-05-21,0.09927746213400371,0.13827334229493188,0.16205751701791898,synthetic_fallback_fast,train,0,Low
1,MSFT,2020-05-07,2020-05-08,2020-05-21,0.12693314045263093,0.145385170028375,0.18746285498423193,synthetic_fallback_fast,train,0,Low
0,AAPL,2020-05-08,2020-05-11,2020-05-22,0.11173944941636729,0.13806704704249873,0.15637689808384383,synthetic_fallback_fast,train,0,Low
1,MSFT,2020-05-08,2020-05-11,2020-05-22,0.1323837160335817,0.14429812873325104,0.1809650992693463,synthetic_fallback_fast,train,0,Low
0,AAPL,2020-05-11,2020-05-12,2020-05-25,0.1119721027299768,0.11746011129690372,0.15210538353542388,synthetic_fallback_fast,train,0,Low
1,MSFT,2020-05-11,2020-05-12,2020-05-25,0.13061791738485645,0.13281511922126302,0.17586667008872472,synthetic_fallback_fast,train,0,Low
0,AAPL,2020-05-12,2020-05-13,2020-05-26,0.11126447815138134,0.11434778644357856,0.14789803715634162,synthetic_fallback_fast,train,0,Low
1,MSFT,2020-05-12,2020-05-13,2020-05-26,0.13644383482771555,0.1304688779925296,0.1705772265829748,synthetic_fallback_fast,train,0,Low
0,AAPL,2020-05-13,2020-05-14,2020-05-27,0.1162133286519183,0.11488649087286304,0.14363914237640943,synthetic_fallback_fast,train,0,Low
1,MSFT,2020-05-13,2020-05-14,2020-05-27,0.14132721798259137,0.12901632014855624,0.16770225603459255,synthetic_fallback_fast,train,0,Low
0,AAPL,2020-05-14,2020-05-15,2020-05-28,0.11725364908907958,0.11399205366314223,0.1412264705935351,synthetic_fallback_fast,train,0,Low
1,MSFT,2020-05-14,2020-05-15,2020-05-28,0.1406067466356812,0.1281587045445331,0.16266625331719825,synthetic_fallback_fast,train,0,Low
0,AAPL,2020-05-15,2020-05-18,2020-05-29,0.13126429586314378,0.11208192044874607,0.14108156943864997,synthetic_fallback_fast,train,0,Low
1,MSFT,2020-05-15,2020-05-18,2020-05-29,0.12118612718028104,0.13624777207778266,0.16726477269922949,synthetic_fallback_fast,train,0,Low
0,AAPL,2020-05-18,2020-05-19,2020-06-01,0.13381480180148064,0.09890297138643707,0.1369696978662666,synthetic_fallback_fast,train,0,Low
1,MSFT,2020-05-18,2020-05-19,2020-06-01,0.11685574559603981,0.13906887651542982,0.16565384486065018,synthetic_fallback_fast,train,0,Low
0,AAPL,2020-05-19,2020-05-20,2020-06-02,0.12960814629054876,0.10183690693645665,0.13613164481119827,synthetic_fallback_fast,train,0,Low
1,MSFT,2020-05-19,2020-05-20,2020-06-02,0.10396506094078302,0.1424693262922948,0.16608933477848753,synthetic_fallback_fast,train,0,Low
0,AAPL,2020-05-20,2020-05-21,2020-06-03,0.12870552684137934,0.09821048481621021,0.13206108609970116,synthetic_fallback_fast,train,0,Low
1,MSFT,2020-05-20,2020-05-21,2020-06-03,0.10511750679078398,0.13400288812999275,0.16145844898452572,synthetic_fallback_fast,train,0,Low
0,AAPL,2020-05-21,2020-05-22,2020-06-04,0.11798876302003625,0.10575149266582524,0.13840789005452603,synthetic_fallback_fast,train,0,Low
1,MSFT,2020-05-21,2020-05-22,2020-06-04,0.0997413478469085,0.1362251429229017,0.16388000117945006,synthetic_fallback_fast,train,0,Low
0,AAPL,2020-05-22,2020-05-25,2020-06-05,0.11193153163875995,0.10842661489383526,0.1400336377820816,synthetic_fallback_fast,train,0,Low
1,MSFT,2020-05-22,2020-05-25,2020-06-05,0.1013326010530042,0.13327705466645934,0.16182859527573384,synthetic_fallback_fast,train,0,Low
0,AAPL,2020-05-25,2020-05-26,2020-06-08,0.11505686315517405,0.10828689685279351,0.1356466451786273,synthetic_fallback_fast,train,0,Low
1,MSFT,2020-05-25,2020-05-26,2020-06-08,0.10185037766088227,0.1327518553712347,0.15683927494747893,synthetic_fallback_fast,train,0,Low
0,AAPL,2020-05-26,2020-05-27,2020-06-09,0.11563761189282767,0.10664877740408894,0.1317022841544923,synthetic_fallback_fast,train,0,Low
1,MSFT,2020-05-26,2020-05-27,2020-06-09,0.10364709789375817,0.12214767901617078,0.15530584499732175,synthetic_fallback_fast,train,0,Low
0,AAPL,2020-05-27,2020-05-28,2020-06-10,0.12187104035970199,0.10991723169797593,0.13141136919170895,synthetic_fallback_fast,train,0,Low
1,MSFT,2020-05-27,2020-05-28,2020-06-10,0.11443554320550631,0.12353219979483866,0.15598313406313566,synthetic_fallback_fast,train,0,Low
0,AAPL,2020-05-28,2020-05-29,2020-06-11,0.11961181201666815,0.1016519824496588,0.13001327736482918,synthetic_fallback_fast,train,0,Low
1,MSFT,2020-05-28,2020-05-29,2020-06-11,0.1139546021222652,0.12089159121515189,0.1517786451176653,synthetic_fallback_fast,train,0,Low
0,AAPL,2020-05-29,2020-06-01,2020-06-12,0.09919522006319349,0.11324000287212174,0.13737398264147474,synthetic_fallback_fast,train,0,Low
1,MSFT,2020-05-29,2020-06-01,2020-06-12,0.11884172586646224,0.1180360014917525,0.14594530670570519,synthetic_fallback_fast,train,0,Low
0,AAPL,2020-06-01,2020-06-02,2020-06-15,0.09994491612965795,0.11002623848920898,0.13471879154733704,synthetic_fallback_fast,train,0,Low
1,MSFT,2020-06-01,2020-06-02,2020-06-15,0.12065427124979533,0.1086450714647693,0.14214647369311528,synthetic_fallback_fast,train,0,Low
0,AAPL,2020-06-02,2020-06-03,2020-06-16,0.09881572563193947,0.109643698847196,0.13113709174338162,synthetic_fallback_fast,train,0,Low
1,MSFT,2020-06-02,2020-06-03,2020-06-16,0.12305563135940556,0.10726451362758468,0.1381191692752807,synthetic_fallback_fast,train,0,Low
0,AAPL,2020-06-03,2020-06-04,2020-06-17,0.10429671544527412,0.1059168061583085,0.12580459693236282,synthetic_fallback_fast,train,0,Low
1,MSFT,2020-06-03,2020-06-04,2020-06-17,0.12121639984945919,0.10819468512645566,0.13470953825562185,synthetic_fallback_fast,train,0,Low
0,AAPL,2020-06-04,2020-06-05,2020-06-18,0.1013595271321568,0.10903522982680142,0.12656430994145146,synthetic_fallback_fast,train,0,Low
1,MSFT,2020-06-04,2020-06-05,2020-06-18,0.16004582869935402,0.1141498108090533,0.13682459299617053,synthetic_fallback_fast,train,1,Medium
0,AAPL,2020-06-05,2020-06-08,2020-06-19,0.09534559075883446,0.11183553176623166,0.1258575772170024,synthetic_fallback_fast,train,0,Low
1,MSFT,2020-06-05,2020-06-08,2020-06-19,0.157141919853838,0.11788499545537444,0.1368273009175883,synthetic_fallback_fast,train,1,Medium
0,AAPL,2020-06-08,2020-06-09,2020-06-22,0.09101970490611751,0.1135249610193303,0.12394792098990313,synthetic_fallback_fast,train,0,Low
1,MSFT,2020-06-08,2020-06-09,2020-06-22,0.159004603173105,0.11712074916858571,0.13278013044202513,synthetic_fallback_fast,train,1,Medium
0,AAPL,2020-06-09,2020-06-10,2020-06-23,0.09238004001519506,0.11347211415712553,0.11938280722490942,synthetic_fallback_fast,train,0,Low
1,MSFT,2020-06-09,2020-06-10,2020-06-23,0.15542839990274873,0.1211603090213359,0.13051954019269743,synthetic_fallback_fast,train,1,Medium
0,AAPL,2020-06-10,2020-06-11,2020-06-24,0.1120535679967509,0.11907579148322907,0.12297765943936233,synthetic_fallback_fast,train,0,Low
1,MSFT,2020-06-10,2020-06-11,2020-06-24,0.14168757437538085,0.12858630582499483,0.1380508490514423,synthetic_fallback_fast,train,0,Low
0,AAPL,2020-06-11,2020-06-12,2020-06-25,0.11757725362767578,0.11843859970173527,0.1211484741608383,synthetic_fallback_fast,train,0,Low
1,MSFT,2020-06-11,2020-06-12,2020-06-25,0.15045172009726032,0.12797638169661307,0.13273239124445704,synthetic_fallback_fast,train,0,Low
0,AAPL,2020-06-12,2020-06-15,2020-06-26,0.11835062310552631,0.11634003406358522,0.11989054060278119,synthetic_fallback_fast,train,0,Low
1,MSFT,2020-06-12,2020-06-15,2020-06-26,0.14717339665385126,0.12001965094907291,0.13179480664361617,synthetic_fallback_fast,train,0,Low
0,AAPL,2020-06-15,2020-06-16,2020-06-29,0.14476299426983877,0.11810035444767708,0.11824655570766791,synthetic_fallback_fast,train,1,Medium
1,MSFT,2020-06-15,2020-06-16,2020-06-29,0.178949375626666,0.11877019501883787,0.1307392556582539,synthetic_fallback_fast,train,1,Medium
0,AAPL,2020-06-16,2020-06-17,2020-06-30,0.16719555506414654,0.11524499819306482,0.11499167404069459,synthetic_fallback_fast,train,1,Medium
1,MSFT,2020-06-16,2020-06-17,2020-06-30,0.18180366657809485,0.11391097907068186,0.12779500920210363,synthetic_fallback_fast,train,1,Medium
0,AAPL,2020-06-17,2020-06-18,2020-07-01,0.1740117072571834,0.11713863046021476,0.11452102281760551,synthetic_fallback_fast,train,1,Medium
1,MSFT,2020-06-17,2020-06-18,2020-07-01,0.18283189808391329,0.11345286648290226,0.12395311453467671,synthetic_fallback_fast,train,1,Medium
0,AAPL,2020-06-18,2020-06-19,2020-07-02,0.18089830489113642,0.10998886748087897,0.11451663772178174,synthetic_fallback_fast,train,1,Medium
1,MSFT,2020-06-18,2020-06-19,2020-07-02,0.1892772254441307,0.13334729797483894,0.15063332502979618,synthetic_fallback_fast,train,1,Medium
0,AAPL,2020-06-19,2020-06-22,2020-07-03,0.22345638335626977,0.10396982603657144,0.1111102269387369,synthetic_fallback_fast,train,1,Medium
1,MSFT,2020-06-19,2020-06-22,2020-07-03,0.21947512250433507,0.1322155040294393,0.1473447644122954,synthetic_fallback_fast,train,1,Medium
0,AAPL,2020-06-22,2020-06-23,2020-07-06,0.23143793576009794,0.1037368508301297,0.10815607903724278,synthetic_fallback_fast,train,2,High
1,MSFT,2020-06-22,2020-06-23,2020-07-06,0.2374766027007553,0.13352146505319087,0.14451114153753478,synthetic_fallback_fast,train,2,High
0,AAPL,2020-06-23,2020-06-24,2020-07-07,0.23170933233963673,0.10465688959042611,0.10384331573346735,synthetic_fallback_fast,train,2,High
1,MSFT,2020-06-23,2020-06-24,2020-07-07,0.23598099691856367,0.13209978879265302,0.14135098138930513,synthetic_fallback_fast,train,1,Medium
0,AAPL,2020-06-24,2020-06-25,2020-07-08,0.23630521330169188,0.11706526508567475,0.11887284184592911,synthetic_fallback_fast,train,2,High
1,MSFT,2020-06-24,2020-06-25,2020-07-08,0.23495414737475137,0.12878443671717166,0.13710028983221867,synthetic_fallback_fast,train,1,Medium
0,AAPL,2020-06-25,2020-06-26,2020-07-09,0.23530635853050655,0.11859889574641401,0.11986986215909347,synthetic_fallback_fast,train,2,High
1,MSFT,2020-06-25,2020-06-26,2020-07-09,0.2293266855487626,0.13345668103371244,0.13764217316415608,synthetic_fallback_fast,train,1,Medium
0,AAPL,2020-06-26,2020-06-29,2020-07-10,0.24303935060124873,0.10919377654622017,0.11894896339766796,synthetic_fallback_fast,train,2,High
1,MSFT,2020-06-26,2020-06-29,2020-07-10,0.2324437183852551,0.13375979307989228,0.1338783231313377,synthetic_fallback_fast,train,1,Medium
0,AAPL,2020-06-29,2020-06-30,2020-07-13,0.25353284566931816,0.12438912888619676,0.13407762900865938,synthetic_fallback_fast,train,2,High
1,MSFT,2020-06-29,2020-06-30,2020-07-13,0.2596704835435029,0.152611159827833,0.1542539317804069,synthetic_fallback_fast,train,2,High
0,AAPL,2020-06-30,2020-07-01,2020-07-14,0.23976317572961348,0.1373297150389798,0.14555824611565837,synthetic_fallback_fast,train,2,High
1,MSFT,2020-06-30,2020-07-01,2020-07-14,0.2977817768503055,0.15523411608035942,0.15285247647317762,synthetic_fallback_fast,train,2,High
0,AAPL,2020-07-01,2020-07-02,2020-07-15,0.2541967396107285,0.14345361465510756,0.14839302428330514,synthetic_fallback_fast,train,2,High
1,MSFT,2020-07-01,2020-07-02,2020-07-15,0.30591686292668335,0.1551143425822229,0.1490769337610637,synthetic_fallback_fast,train,2,High
0,AAPL,2020-07-02,2020-07-03,2020-07-16,0.25082235221503246,0.14662528849577924,0.15137259914095627,synthetic_fallback_fast,train,2,High
1,MSFT,2020-07-02,2020-07-03,2020-07-16,0.2866981383435393,0.17527198201066144,0.1745467467281109,synthetic_fallback_fast,train,2,High
0,AAPL,2020-07-03,2020-07-06,2020-07-17,0.22026184229315143,0.17178989629750543,0.17889272843182408,synthetic_fallback_fast,train,1,Medium
1,MSFT,2020-07-03,2020-07-06,2020-07-17,0.26716189375942284,0.19087026008999272,0.19138178948426843,synthetic_fallback_fast,train,2,High
0,AAPL,2020-07-06,2020-07-07,2020-07-20,0.22780455993272397,0.17585235965162926,0.17937751276274688,synthetic_fallback_fast,train,2,High
1,MSFT,2020-07-06,2020-07-07,2020-07-20,0.3465411887985225,0.20208612107283488,0.1993275813203726,synthetic_fallback_fast,train,2,High
0,AAPL,2020-07-07,2020-07-08,2020-07-21,0.39935200922579145,0.1763849291839998,0.1748132057897637,synthetic_fallback_fast,train,2,High
1,MSFT,2020-07-07,2020-07-08,2020-07-21,0.3966037295608908,0.19980617908739454,0.19342590868798826,synthetic_fallback_fast,train,2,High
0,AAPL,2020-07-08,2020-07-09,2020-07-22,0.3912175086669714,0.18492722343446433,0.18522651809502233,synthetic_fallback_fast,train,2,High
1,MSFT,2020-07-08,2020-07-09,2020-07-22,0.3986248904880705,0.1940087885908464,0.1881938014162767,synthetic_fallback_fast,train,2,High
0,AAPL,2020-07-09,2020-07-10,2020-07-23,0.3942175217177685,0.18600200662293148,0.1821322637763182,synthetic_fallback_fast,train,2,High
1,MSFT,2020-07-09,2020-07-10,2020-07-23,0.40683668715780413,0.1939412910973388,0.1825070750196824,synthetic_fallback_fast,train,2,High
0,AAPL,2020-07-10,2020-07-13,2020-07-24,0.39528241205176184,0.19114784321323514,0.18455913025996076,synthetic_fallback_fast,train,2,High
1,MSFT,2020-07-10,2020-07-13,2020-07-24,0.47557740972988927,0.1945380308569453,0.1799549237889453,synthetic_fallback_fast,train,2,High
0,AAPL,2020-07-13,2020-07-14,2020-07-27,0.3895221948448111,0.2064403404656557,0.19945200876602762,synthetic_fallback_fast,train,2,High
1,MSFT,2020-07-13,2020-07-14,2020-07-27,0.45102105188657204,0.22299286878832042,0.21343873698917434,synthetic_fallback_fast,train,2,High
0,AAPL,2020-07-14,2020-07-15,2020-07-28,0.38914579782649084,0.20668905881681013,0.1939070619462664,synthetic_fallback_fast,train,2,High
1,MSFT,2020-07-14,2020-07-15,2020-07-28,0.4248707894646484,0.24670484369521833,0.23805593075358308,synthetic_fallback_fast,train,2,High
0,AAPL,2020-07-15,2020-07-16,2020-07-29,0.3832322854881648,0.21782568339303354,0.20429022974280428,synthetic_fallback_fast,train,2,High
1,MSFT,2020-07-15,2020-07-16,2020-07-29,0.4213009314991513,0.2520045931921377,0.2375335741626968,synthetic_fallback_fast,train,2,High
0,AAPL,2020-07-16,2020-07-17,2020-07-30,0.38954887930261184,0.21867332837267595,0.20108982978138304,synthetic_fallback_fast,train,2,High
1,MSFT,2020-07-16,2020-07-17,2020-07-30,0.4248626392237804,0.24292147970226868,0.23622729745265755,synthetic_fallback_fast,train,2,High
0,AAPL,2020-07-17,2020-07-20,2020-07-31,0.38780584782623145,0.221864862509859,0.1993796164656647,synthetic_fallback_fast,train,2,High
1,MSFT,2020-07-17,2020-07-20,2020-07-31,0.4893878570345618,0.24448395333376585,0.2321165006059241,synthetic_fallback_fast,train,2,High
0,AAPL,2020-07-20,2020-07-21,2020-08-03,0.3785846259607308,0.22962843425307464,0.2042175507901174,synthetic_fallback_fast,train,2,High
1,MSFT,2020-07-20,2020-07-21,2020-08-03,0.42899227954458863,0.2970571766210889,0.2924822234733248,synthetic_fallback_fast,train,2,High
0,AAPL,2020-07-21,2020-07-22,2020-08-04,0.3002809953290398,0.32647453343710964,0.32327841109972805,synthetic_fallback_fast,train,2,High
1,MSFT,2020-07-21,2020-07-22,2020-08-04,0.397446561578982,0.32632924264329066,0.3207249807143298,synthetic_fallback_fast,train,2,High
0,AAPL,2020-07-22,2020-07-23,2020-08-05,0.4139614965681828,0.3231805168332011,0.3161870353745956,synthetic_fallback_fast,train,2,High
1,MSFT,2020-07-22,2020-07-23,2020-08-05,0.41600691534279727,0.3271889780273952,0.31296552612459194,synthetic_fallback_fast,train,2,High
0,AAPL,2020-07-23,2020-07-24,2020-08-06,0.41327837865511735,0.3246355932381618,0.31028528398525435,synthetic_fallback_fast,train,2,High
1,MSFT,2020-07-23,2020-07-24,2020-08-06,0.42037739538468744,0.3302323566235735,0.31002747092889343,synthetic_fallback_fast,train,2,High
0,AAPL,2020-07-24,2020-07-27,2020-08-07,0.43685240398361314,0.3281130226142629,0.30655762101133655,synthetic_fallback_fast,train,2,High
1,MSFT,2020-07-24,2020-07-27,2020-08-07,0.46199037379155816,0.3743019869451368,0.35791948340626123,synthetic_fallback_fast,train,2,High
0,AAPL,2020-07-27,2020-07-28,2020-08-10,0.45048590423968043,0.32863843666703174,0.3057613678672296,synthetic_fallback_fast,train,2,High
1,MSFT,2020-07-27,2020-07-28,2020-08-10,0.5071138989455916,0.36800050901363335,0.34894776827182683,synthetic_fallback_fast,train,2,High
0,AAPL,2020-07-28,2020-07-29,2020-08-11,0.45731322499947336,0.32320336663002563,0.296540343498398,synthetic_fallback_fast,train,2,High
1,MSFT,2020-07-28,2020-07-29,2020-08-11,0.5170793097523166,0.36687134963392737,0.33842383901264256,synthetic_fallback_fast,train,2,High
0,AAPL,2020-07-29,2020-07-30,2020-08-12,0.4525131787376198,0.32517915605801573,0.2938358105798816,synthetic_fallback_fast,train,2,High
1,MSFT,2020-07-29,2020-07-30,2020-08-12,0.5151191782873198,0.3681573046300696,0.33032997046737667,synthetic_fallback_fast,train,2,High
0,AAPL,2020-07-30,2020-07-31,2020-08-13,0.4456937691312448,0.3276127147537185,0.2921806204328254,synthetic_fallback_fast,train,2,High
1,MSFT,2020-07-30,2020-07-31,2020-08-13,0.5076980377897559,0.36242522314116565,0.3275007783138954,synthetic_fallback_fast,train,2,High
0,AAPL,2020-07-31,2020-08-03,2020-08-14,0.44811100377347274,0.3153638016470781,0.2850192926146437,synthetic_fallback_fast,train,2,High
1,MSFT,2020-07-31,2020-08-03,2020-08-14,0.4601063127089135,0.394256231459949,0.3714407659134187,synthetic_fallback_fast,train,2,High
0,AAPL,2020-08-03,2020-08-04,2020-08-17,0.44928393784684717,0.31242698070106595,0.27651568228364903,synthetic_fallback_fast,train,2,High
1,MSFT,2020-08-03,2020-08-04,2020-08-17,0.4577570399297733,0.3899520300259736,0.3620825362811322,synthetic_fallback_fast,train,2,High
0,AAPL,2020-08-04,2020-08-05,2020-08-18,0.3832882121444211,0.35330631428583004,0.32426405486499965,synthetic_fallback_fast,train,2,High
1,MSFT,2020-08-04,2020-08-05,2020-08-18,0.44946743138510936,0.3970253692225244,0.3607094892808451,synthetic_fallback_fast,train,2,High
0,AAPL,2020-08-05,2020-08-06,2020-08-19,0.2536190827170937,0.40275008363038334,0.38683619995658514,synthetic_fallback_fast,train,2,High
1,MSFT,2020-08-05,2020-08-06,2020-08-19,0.43001823876157474,0.4074086136360248,0.36434023640807606,synthetic_fallback_fast,train,2,High
0,AAPL,2020-08-06,2020-08-07,2020-08-20,0.25430693745422367,0.4038604169097919,0.3778239351297728,synthetic_fallback_fast,train,2,High
1,MSFT,2020-08-06,2020-08-07,2020-08-20,0.42358040340257946,0.4136624496905362,0.36204785213389157,synthetic_fallback_fast,train,2,High
0,AAPL,2020-08-07,2020-08-10,2020-08-21,0.22326010691485781,0.41658625045944614,0.38700742001569577,synthetic_fallback_fast,train,1,Medium
1,MSFT,2020-08-07,2020-08-10,2020-08-21,0.3379159906782285,0.4688331142962571,0.4278814536416662,synthetic_fallback_fast,train,2,High
0,AAPL,2020-08-10,2020-08-11,2020-08-24,0.20495880425677393,0.4211087093586177,0.39156441820310234,synthetic_fallback_fast,train,1,Medium
1,MSFT,2020-08-10,2020-08-11,2020-08-24,0.31207690394286053,0.4798877450762154,0.44720248447854943,synthetic_fallback_fast,train,2,High
0,AAPL,2020-08-11,2020-08-12,2020-08-25,0.21380243398111143,0.4245997160417297,0.3846527567677083,synthetic_fallback_fast,train,1,Medium
1,MSFT,2020-08-11,2020-08-12,2020-08-25,0.30198087355822373,0.4732262673997746,0.44071875752648815,synthetic_fallback_fast,train,2,High
0,AAPL,2020-08-12,2020-08-13,2020-08-26,0.22354226415898165,0.4193060705330339,0.3744192654092803,synthetic_fallback_fast,train,1,Medium
1,MSFT,2020-08-12,2020-08-13,2020-08-26,0.301759782634523,0.4705540578517287,0.4276400880966308,synthetic_fallback_fast,train,2,High
0,AAPL,2020-08-13,2020-08-14,2020-08-27,0.229564210117137,0.4185637736404909,0.36367500536570674,synthetic_fallback_fast,train,2,High
1,MSFT,2020-08-13,2020-08-14,2020-08-27,0.3529334497084245,0.4681162034066779,0.4147313986563543,synthetic_fallback_fast,train,2,High
0,AAPL,2020-08-14,2020-08-17,2020-08-28,0.22342502460484676,0.4190446559205185,0.3558288760592382,synthetic_fallback_fast,train,1,Medium
1,MSFT,2020-08-14,2020-08-17,2020-08-28,0.3305956622562183,0.4749727853295771,0.4135596416567818,synthetic_fallback_fast,train,2,High
0,AAPL,2020-08-17,2020-08-18,2020-08-31,0.22266811108120005,0.4154409559859235,0.3461194451657699,synthetic_fallback_fast,train,1,Medium
1,MSFT,2020-08-17,2020-08-18,2020-08-31,0.3473057674337548,0.44360786935881247,0.401172951538946,synthetic_fallback_fast,train,2,High
0,AAPL,2020-08-18,2020-08-19,2020-09-01,0.22544017733920296,0.34429531635259397,0.33575359729386367,synthetic_fallback_fast,train,2,High
1,MSFT,2020-08-18,2020-08-19,2020-09-01,0.3419393099758119,0.4242550772747944,0.3919726675413732,synthetic_fallback_fast,train,2,High
0,AAPL,2020-08-19,2020-08-20,2020-09-02,0.23248263568727917,0.3432832356518664,0.3269347090212316,synthetic_fallback_fast,train,2,High
1,MSFT,2020-08-19,2020-08-20,2020-09-02,0.3428138118799373,0.42307058470226694,0.380183740003124,synthetic_fallback_fast,train,2,High
0,AAPL,2020-08-20,2020-08-21,2020-09-03,0.22812552202474434,0.34312609686611495,0.32058922252663297,synthetic_fallback_fast,train,2,High
1,MSFT,2020-08-20,2020-08-21,2020-09-03,0.33578324627638445,0.42198193841508536,0.3726961593367763,synthetic_fallback_fast,train,2,High
0,AAPL,2020-08-21,2020-08-24,2020-09-04,0.20477366770632355,0.3469042362136096,0.32123100422788703,synthetic_fallback_fast,train,1,Medium
1,MSFT,2020-08-21,2020-08-24,2020-09-04,0.281839779199664,0.40473591527816766,0.3888453679994504,synthetic_fallback_fast,train,2,High
0,AAPL,2020-08-24,2020-08-25,2020-09-07,0.17334290662110852,0.34996118453409164,0.32371993724087983,synthetic_fallback_fast,train,1,Medium
1,MSFT,2020-08-24,2020-08-25,2020-09-07,0.22453768593657505,0.42104423786483597,0.3998536508585297,synthetic_fallback_fast,train,1,Medium
0,AAPL,2020-08-25,2020-08-26,2020-09-08,0.1470711786546638,0.356964190455896,0.32342567825697743,synthetic_fallback_fast,train,1,Medium
1,MSFT,2020-08-25,2020-08-26,2020-09-08,0.22113387942608626,0.4234167335905137,0.390983551940671,synthetic_fallback_fast,train,1,Medium
0,AAPL,2020-08-26,2020-08-27,2020-09-09,0.1272671003252327,0.3568888628106437,0.3194052062269407,synthetic_fallback_fast,train,0,Low
1,MSFT,2020-08-26,2020-08-27,2020-09-09,0.2210820144352475,0.4221414065541534,0.379375563913517,synthetic_fallback_fast,train,1,Medium
0,AAPL,2020-08-27,2020-08-28,2020-09-10,0.13906794506304143,0.3545015249678909,0.3131912765962509,synthetic_fallback_fast,train,0,Low
1,MSFT,2020-08-27,2020-08-28,2020-09-10,0.12477360991643202,0.43721809060162264,0.3945083388885061,synthetic_fallback_fast,train,0,Low
0,AAPL,2020-08-28,2020-08-31,2020-09-11,0.1426011508526505,0.3540637042415853,0.3047116698987973,synthetic_fallback_fast,train,1,Medium
1,MSFT,2020-08-28,2020-08-31,2020-09-11,0.1278007774252646,0.40061909021988706,0.3826931934011383,synthetic_fallback_fast,train,0,Low
0,AAPL,2020-08-31,2020-09-01,2020-09-14,0.14286217181428992,0.35456814894998623,0.29639744421681385,synthetic_fallback_fast,train,1,Medium
1,MSFT,2020-08-31,2020-09-01,2020-09-14,0.09266052273418317,0.4063021066263486,0.3803751594364569,synthetic_fallback_fast,train,0,Low
0,AAPL,2020-09-01,2020-09-02,2020-09-15,0.14356506792500767,0.31443053853561836,0.2888898694394575,synthetic_fallback_fast,train,1,Medium
1,MSFT,2020-09-01,2020-09-02,2020-09-15,0.17681858176521092,0.3993391187841872,0.36896839224281647,synthetic_fallback_fast,train,1,Medium
0,AAPL,2020-09-02,2020-09-03,2020-09-16,0.13874997049302226,0.24328051197574804,0.28513204084390104,synthetic_fallback_fast,train,0,Low
1,MSFT,2020-09-02,2020-09-03,2020-09-16,0.1801837222285346,0.3888682265776286,0.3583360104438484,synthetic_fallback_fast,train,1,Medium
0,AAPL,2020-09-03,2020-09-04,2020-09-17,0.1341732748164732,0.24157118230079572,0.27845116907396894,synthetic_fallback_fast,train,0,Low
1,MSFT,2020-09-03,2020-09-04,2020-09-17,0.20151910130038336,0.38221116325049886,0.34766302412961897,synthetic_fallback_fast,train,1,Medium
0,AAPL,2020-09-04,2020-09-07,2020-09-18,0.1333752862864886,0.2142163979782285,0.2710119314551095,synthetic_fallback_fast,train,0,Low
1,MSFT,2020-09-04,2020-09-07,2020-09-18,0.2270766824688363,0.3111437592941276,0.33779236988597855,synthetic_fallback_fast,train,1,Medium
0,AAPL,2020-09-07,2020-09-08,2020-09-21,0.14555317275209814,0.18981026673789397,0.26393002098743,synthetic_fallback_fast,train,1,Medium
1,MSFT,2020-09-07,2020-09-08,2020-09-21,0.22694027670719086,0.27185397401942957,0.3278719215663861,synthetic_fallback_fast,train,1,Medium
0,AAPL,2020-09-08,2020-09-09,2020-09-22,0.14459919851222192,0.1834957933674769,0.25788109471671106,synthetic_fallback_fast,train,1,Medium
1,MSFT,2020-09-08,2020-09-09,2020-09-22,0.2217516478377221,0.264662653792539,0.32050659103690116,synthetic_fallback_fast,train,1,Medium
0,AAPL,2020-09-09,2020-09-10,2020-09-23,0.15706155760769586,0.1818901573622344,0.2508116868901724,synthetic_fallback_fast,train,1,Medium
1,MSFT,2020-09-09,2020-09-10,2020-09-23,0.22252082236458604,0.26451486113485345,0.31110587872233575,synthetic_fallback_fast,train,1,Medium
0,AAPL,2020-09-10,2020-09-11,2020-09-24,0.1767414036250467,0.18978885624656963,0.25145608897007266,synthetic_fallback_fast,train,1,Medium
1,MSFT,2020-09-10,2020-09-11,2020-09-24,0.22316996593713587,0.264698388410911,0.3017391814459185,synthetic_fallback_fast,train,1,Medium
0,AAPL,2020-09-11,2020-09-14,2020-09-25,0.17923923133529862,0.1874217568002402,0.2463869859323277,synthetic_fallback_fast,train,1,Medium
1,MSFT,2020-09-11,2020-09-14,2020-09-25,0.23112389208904527,0.25062574749327887,0.29363500784243624,synthetic_fallback_fast,train,1,Medium
0,AAPL,2020-09-14,2020-09-15,2020-09-28,0.19450082897938742,0.18707042501149845,0.24020551878975613,synthetic_fallback_fast,train,1,Medium
1,MSFT,2020-09-14,2020-09-15,2020-09-28,0.22532135739404321,0.2541724498899531,0.28878200518701835,synthetic_fallback_fast,train,1,Medium
0,AAPL,2020-09-15,2020-09-16,2020-09-29,0.2317202920263366,0.1889896852834082,0.2350214382919373,synthetic_fallback_fast,train,2,High
1,MSFT,2020-09-15,2020-09-16,2020-09-29,0.16816599463560583,0.27220149022754725,0.30367980056697313,synthetic_fallback_fast,train,1,Medium
0,AAPL,2020-09-16,2020-09-17,2020-09-30,0.2272355581724202,0.1914415448745631,0.232111395761577,synthetic_fallback_fast,train,2,High
1,MSFT,2020-09-16,2020-09-17,2020-09-30,0.16541000089572702,0.2738498524481826,0.29657261166876286,synthetic_fallback_fast,train,1,Medium
0,AAPL,2020-09-17,2020-09-18,2020-10-01,0.23181507705388074,0.18714128549579723,0.2257878326466196,synthetic_fallback_fast,train,2,High
1,MSFT,2020-09-17,2020-09-18,2020-10-01,0.13952423723008342,0.27691184217077214,0.2961725539766517,synthetic_fallback_fast,train,0,Low
0,AAPL,2020-09-18,2020-09-21,2020-10-02,0.2325265217921343,0.17280223085640797,0.21989740839865868,synthetic_fallback_fast,train,2,High
1,MSFT,2020-09-18,2020-09-21,2020-10-02,0.0992796405118642,0.255927217056303,0.2992806105126857,synthetic_fallback_fast,train,0,Low
0,AAPL,2020-09-21,2020-09-22,2020-10-05,0.22324124219923522,0.1600523185931033,0.21908671820005948,synthetic_fallback_fast,train,1,Medium
1,MSFT,2020-09-21,2020-09-22,2020-10-05,0.10348460868094386,0.2257421777135238,0.2902163086585706,synthetic_fallback_fast,train,0,Low
0,AAPL,2020-09-22,2020-09-23,2020-10-06,0.23078690738726618,0.14584042615346576,0.21411054244199895,synthetic_fallback_fast,train,2,High
1,MSFT,2020-09-22,2020-09-23,2020-10-06,0.14453416936676633,0.22144297905869129,0.281795210354008,synthetic_fallback_fast,train,0,Low
0,AAPL,2020-09-23,2020-09-24,2020-10-07,0.28676590363596427,0.14294272927181081,0.21380077330371083,synthetic_fallback_fast,train,2,High
1,MSFT,2020-09-23,2020-09-24,2020-10-07,0.28736760683056933,0.22180258507573647,0.27399863066149777,synthetic_fallback_fast,train,2,High
0,AAPL,2020-09-24,2020-09-25,2020-10-08,0.2651219583069883,0.1590242388747841,0.22579385767882526,synthetic_fallback_fast,train,2,High
1,MSFT,2020-09-24,2020-09-25,2020-10-08,0.29061165354221197,0.180794479213222,0.26594684273952374,synthetic_fallback_fast,train,2,High
0,AAPL,2020-09-25,2020-09-28,2020-10-09,0.26350170607950896,0.1619595478416896,0.222293535589934,synthetic_fallback_fast,train,2,High
1,MSFT,2020-09-25,2020-09-28,2020-10-09,0.34816600673733444,0.18675022383506087,0.26287996698832494,synthetic_fallback_fast,train,2,High
0,AAPL,2020-09-28,2020-09-29,2020-10-12,0.251221610532033,0.17064608493775155,0.22462972113561935,synthetic_fallback_fast,train,2,High
1,MSFT,2020-09-28,2020-09-29,2020-10-12,0.34743759176015493,0.1722725842542368,0.2560603819641593,synthetic_fallback_fast,train,2,High
0,AAPL,2020-09-29,2020-09-30,2020-10-13,0.22192883802249475,0.19275012641381428,0.24084642514782575,synthetic_fallback_fast,train,1,Medium
1,MSFT,2020-09-29,2020-09-30,2020-10-13,0.34940660189280504,0.17254653373690704,0.24883174263839022,synthetic_fallback_fast,train,2,High
0,AAPL,2020-09-30,2020-10-01,2020-10-14,0.24376979636312332,0.18826517629363362,0.2349414452698315,synthetic_fallback_fast,train,2,High
1,MSFT,2020-09-30,2020-10-01,2020-10-14,0.3910993010119961,0.17295467925507846,0.24268922627704373,synthetic_fallback_fast,train,2,High
0,AAPL,2020-10-01,2020-10-02,2020-10-15,0.28685752444963497,0.18939469055978508,0.23129600408892992,synthetic_fallback_fast,train,2,High
1,MSFT,2020-10-01,2020-10-02,2020-10-15,0.39293748598275485,0.17331612874102453,0.23598170394214263,synthetic_fallback_fast,train,2,High
0,AAPL,2020-10-02,2020-10-05,2020-10-16,0.2888885843939103,0.18954887275944254,0.2255000243214801,synthetic_fallback_fast,train,2,High
1,MSFT,2020-10-02,2020-10-05,2020-10-16,0.4096088172836534,0.1752430693939388,0.23156360738725457,synthetic_fallback_fast,train,2,High
0,AAPL,2020-10-05,2020-10-06,2020-10-19,0.2893104763163117,0.1884441274182612,0.21835884749381226,synthetic_fallback_fast,train,2,High
1,MSFT,2020-10-05,2020-10-06,2020-10-19,0.4213285692083831,0.17636744799676674,0.2251674466111592,synthetic_fallback_fast,train,2,High
0,AAPL,2020-10-06,2020-10-07,2020-10-20,0.29107412405799904,0.19257664036917294,0.21848147882726146,synthetic_fallback_fast,train,2,High
1,MSFT,2020-10-06,2020-10-07,2020-10-20,0.4201233673409534,0.1871682657841417,0.2316675783537823,synthetic_fallback_fast,train,2,High
0,AAPL,2020-10-07,2020-10-08,2020-10-21,0.23019772058167925,0.2311958221576535,0.254678766438733,synthetic_fallback_fast,train,2,High
1,MSFT,2020-10-07,2020-10-08,2020-10-21,0.33995400949707366,0.2569977216254458,0.2966889853000418,synthetic_fallback_fast,train,2,High
0,AAPL,2020-10-08,2020-10-09,2020-10-22,0.2281535497696493,0.225307763439128,0.248614773862528,synthetic_fallback_fast,train,2,High
1,MSFT,2020-10-08,2020-10-09,2020-10-22,0.3370887673086247,0.2590945453602999,0.29030349774561887,synthetic_fallback_fast,train,2,High
0,AAPL,2020-10-09,2020-10-12,2020-10-23,0.22513046683133242,0.22534401606929863,0.24358725743463291,synthetic_fallback_fast,train,1,Medium
1,MSFT,2020-10-09,2020-10-12,2020-10-23,0.27221951380351905,0.2954977341214398,0.3228860502041128,synthetic_fallback_fast,train,2,High
0,AAPL,2020-10-12,2020-10-13,2020-10-26,0.23901971837194513,0.22465848534161512,0.23645666841893204,synthetic_fallback_fast,train,2,High
1,MSFT,2020-10-12,2020-10-13,2020-10-26,0.27886540234435514,0.2928161490304029,0.31201643638249205,synthetic_fallback_fast,train,2,High
0,AAPL,2020-10-13,2020-10-14,2020-10-27,0.24434012502507985,0.2268773929711656,0.22961080325605165,synthetic_fallback_fast,train,2,High
1,MSFT,2020-10-13,2020-10-14,2020-10-27,0.2760660331520284,0.2741940692265788,0.3032260546775708,synthetic_fallback_fast,train,2,High
0,AAPL,2020-10-14,2020-10-15,2020-10-28,0.24139879048318807,0.23564773764758487,0.23761678160631072,synthetic_fallback_fast,train,2,High
1,MSFT,2020-10-14,2020-10-15,2020-10-28,0.2662197689413161,0.3002658252685413,0.3252093637932828,synthetic_fallback_fast,train,2,High
0,AAPL,2020-10-15,2020-10-16,2020-10-29,0.2733141944334754,0.2607925126253336,0.2615489795306541,synthetic_fallback_fast,train,2,High
1,MSFT,2020-10-15,2020-10-16,2020-10-29,0.29360558398944986,0.2948447732834044,0.3169745182782767,synthetic_fallback_fast,train,2,High
0,AAPL,2020-10-16,2020-10-19,2020-10-30,0.27298051439036586,0.2622262358440373,0.2560276112623213,synthetic_fallback_fast,train,2,High
1,MSFT,2020-10-16,2020-10-19,2020-10-30,0.26914858157117405,0.29802334658267826,0.3203566620827022,synthetic_fallback_fast,train,2,High
0,AAPL,2020-10-19,2020-10-20,2020-11-02,0.2729144680489639,0.2583962111999988,0.24844140554680558,synthetic_fallback_fast,train,2,High
1,MSFT,2020-10-19,2020-10-20,2020-11-02,0.24899141884312548,0.3067790959836013,0.32100379145711383,synthetic_fallback_fast,train,2,High
0,AAPL,2020-10-20,2020-10-21,2020-11-03,0.2625039506594186,0.26266589264454376,0.24809103852093484,synthetic_fallback_fast,train,2,High
1,MSFT,2020-10-20,2020-10-21,2020-11-03,0.23550546583959175,0.314160603752637,0.320370303574348,synthetic_fallback_fast,train,1,Medium
0,AAPL,2020-10-21,2020-10-22,2020-11-04,0.265268877632622,0.2600246854138583,0.24237091892701088,synthetic_fallback_fast,train,2,High
1,MSFT,2020-10-21,2020-10-22,2020-11-04,0.23956749059141577,0.3147609172281917,0.31192892108911774,synthetic_fallback_fast,train,2,High
0,AAPL,2020-10-22,2020-10-23,2020-11-05,0.2842598258758589,0.2473294311733081,0.23533919154689223,synthetic_fallback_fast,train,2,High
1,MSFT,2020-10-22,2020-10-23,2020-11-05,0.24627628229050297,0.31470936609845823,0.30291374929182024,synthetic_fallback_fast,train,2,High
0,AAPL,2020-10-23,2020-10-26,2020-11-06,0.2896365707576182,0.24506823152186166,0.22907241570565723,synthetic_fallback_fast,train,2,High
1,MSFT,2020-10-23,2020-10-26,2020-11-06,0.24500664135509787,0.3125084254406959,0.29376063007424646,synthetic_fallback_fast,train,2,High
0,AAPL,2020-10-26,2020-10-27,2020-11-09,0.27788454633297804,0.24519657763610042,0.23122376093015656,synthetic_fallback_fast,train,2,High
1,MSFT,2020-10-26,2020-10-27,2020-11-09,0.23699922407069451,0.31502285059402846,0.2893272768892458,synthetic_fallback_fast,train,1,Medium
0,AAPL,2020-10-27,2020-10-28,2020-11-10,0.26737449552243164,0.2334036266248731,0.23017255628943858,synthetic_fallback_fast,train,2,High
1,MSFT,2020-10-27,2020-10-28,2020-11-10,0.2679845576126683,0.3148788879129355,0.2804281656578759,synthetic_fallback_fast,train,2,High
0,AAPL,2020-10-28,2020-10-29,2020-11-11,0.2728336210091499,0.24258719016640667,0.2330540895914713,synthetic_fallback_fast,train,2,High
1,MSFT,2020-10-28,2020-10-29,2020-11-11,0.21335272867340602,0.33453821054345917,0.2994519519154502,synthetic_fallback_fast,train,1,Medium
0,AAPL,2020-10-29,2020-10-30,2020-11-12,0.19366115562182648,0.28016770710789674,0.27625701882988724,synthetic_fallback_fast,train,1,Medium
1,MSFT,2020-10-29,2020-10-30,2020-11-12,0.16908638803535578,0.34684586406661505,0.30744198025877645,synthetic_fallback_fast,train,1,Medium
0,AAPL,2020-10-30,2020-11-02,2020-11-13,0.18888703174044083,0.281047127213521,0.2691979751230474,synthetic_fallback_fast,train,1,Medium
1,MSFT,2020-10-30,2020-11-02,2020-11-13,0.17008738225637013,0.3465691432876622,0.2968142059626126,synthetic_fallback_fast,train,1,Medium
0,AAPL,2020-11-02,2020-11-03,2020-11-16,0.21607133303086276,0.28123198482464623,0.26064808563374814,synthetic_fallback_fast,train,1,Medium
1,MSFT,2020-11-02,2020-11-03,2020-11-16,0.19886598246208628,0.34605959738800485,0.2866864137517307,synthetic_fallback_fast,train,1,Medium
0,AAPL,2020-11-03,2020-11-04,2020-11-17,0.21793272940279404,0.2771574189949945,0.2527307313492695,synthetic_fallback_fast,train,1,Medium
1,MSFT,2020-11-03,2020-11-04,2020-11-17,0.2205952834952138,0.3405631132596606,0.28083570425850635,synthetic_fallback_fast,train,1,Medium
0,AAPL,2020-11-04,2020-11-05,2020-11-18,0.22654337962005572,0.24835314373032594,0.24869962111702448,synthetic_fallback_fast,train,2,High
1,MSFT,2020-11-04,2020-11-05,2020-11-18,0.22165054951213603,0.29407593502478613,0.27588908762143377,synthetic_fallback_fast,train,1,Medium
0,AAPL,2020-11-05,2020-11-06,2020-11-19,0.21633133961967804,0.25773793946513335,0.2543214648688757,synthetic_fallback_fast,train,1,Medium
1,MSFT,2020-11-05,2020-11-06,2020-11-19,0.25089380935516575,0.29519556590883916,0.27182045420805157,synthetic_fallback_fast,train,2,High
0,AAPL,2020-11-06,2020-11-09,2020-11-20,0.208982688937429,0.2593964824510217,0.2510201870638386,synthetic_fallback_fast,train,1,Medium
1,MSFT,2020-11-06,2020-11-09,2020-11-20,0.2541920878080371,0.25897076862411506,0.2644191813031739,synthetic_fallback_fast,train,2,High
0,AAPL,2020-11-09,2020-11-10,2020-11-23,0.3344366886624105,0.25918164177010006,0.2434865555464104,synthetic_fallback_fast,train,2,High
1,MSFT,2020-11-09,2020-11-10,2020-11-23,0.3639901063836839,0.2587803555477022,0.25688750227174534,synthetic_fallback_fast,train,2,High
0,AAPL,2020-11-10,2020-11-11,2020-11-24,0.3357107106295932,0.25611639693032784,0.23660425585236725,synthetic_fallback_fast,train,2,High
1,MSFT,2020-11-10,2020-11-11,2020-11-24,0.3510751431008954,0.2720553048363093,0.2674618065312004,synthetic_fallback_fast,train,2,High
0,AAPL,2020-11-11,2020-11-12,2020-11-25,0.3194415134317587,0.2575961575797575,0.24585040198419097,synthetic_fallback_fast,train,2,High
1,MSFT,2020-11-11,2020-11-12,2020-11-25,0.36901913453658153,0.24123883622621353,0.25968588336690535,synthetic_fallback_fast,train,2,High
0,AAPL,2020-11-12,2020-11-13,2020-11-26,0.3168507757404948,0.23685997137085119,0.2444686041794513,synthetic_fallback_fast,train,2,High
1,MSFT,2020-11-12,2020-11-13,2020-11-26,0.37126256296990945,0.2395771750069576,0.251910231573132,synthetic_fallback_fast,train,2,High
0,AAPL,2020-11-13,2020-11-16,2020-11-27,0.3189190283100901,0.23473034741650156,0.2367809638504348,synthetic_fallback_fast,train,2,High
1,MSFT,2020-11-13,2020-11-16,2020-11-27,0.3734500387641316,0.22513404514266552,0.24539311141797918,synthetic_fallback_fast,train,2,High
0,AAPL,2020-11-16,2020-11-17,2020-11-30,0.30172926892479146,0.24613931809869688,0.2435796033286427,synthetic_fallback_fast,train,2,High
1,MSFT,2020-11-16,2020-11-17,2020-11-30,0.3655387559512033,0.22532687993016232,0.2504970167769907,synthetic_fallback_fast,train,2,High
0,AAPL,2020-11-17,2020-11-18,2020-12-01,0.3133351352558356,0.24124986907432092,0.23704813514006146,synthetic_fallback_fast,train,2,High
1,MSFT,2020-11-17,2020-11-18,2020-12-01,0.3514507164904459,0.22817219762786267,0.2573245303326639,synthetic_fallback_fast,train,2,High
0,AAPL,2020-11-18,2020-11-19,2020-12-02,0.35294237357360697,0.24666726605910616,0.23846785611733085,synthetic_fallback_fast,train,2,High
1,MSFT,2020-11-18,2020-11-19,2020-12-02,0.39787240101597837,0.23078295934416382,0.25399333672083835,synthetic_fallback_fast,train,2,High
0,AAPL,2020-11-19,2020-11-20,2020-12-03,0.3453953778755256,0.25258948623073973,0.23921647670167556,synthetic_fallback_fast,train,2,High
1,MSFT,2020-11-19,2020-11-20,2020-12-03,0.3760600378871099,0.24859576705122896,0.26592935762892395,synthetic_fallback_fast,train,2,High
0,AAPL,2020-11-20,2020-11-23,2020-12-04,0.34507964662657087,0.25255010136183964,0.2327225785628033,synthetic_fallback_fast,train,2,High
1,MSFT,2020-11-20,2020-11-23,2020-12-04,0.3745643107609403,0.24964161493260134,0.26115669389258717,synthetic_fallback_fast,train,2,High
0,AAPL,2020-11-23,2020-11-24,2020-12-07,0.23304815854567118,0.3074635911893985,0.3035437180079034,synthetic_fallback_fast,train,2,High
1,MSFT,2020-11-23,2020-11-24,2020-12-07,0.3244192731245759,0.307129801350599,0.32427700302387663,synthetic_fallback_fast,train,2,High
0,AAPL,2020-11-24,2020-11-25,2020-12-08,0.24505263973880395,0.30347224097707953,0.2955927109243026,synthetic_fallback_fast,train,2,High
1,MSFT,2020-11-24,2020-11-25,2020-12-08,0.3177312068885216,0.31230552286356683,0.320677292369234,synthetic_fallback_fast,train,2,High
0,AAPL,2020-11-25,2020-11-26,2020-12-09,0.2665904256618914,0.29705308048944457,0.2889234801059855,synthetic_fallback_fast,train,2,High
1,MSFT,2020-11-25,2020-11-26,2020-12-09,0.3311664400141485,0.301408782624624,0.3234927226311495,synthetic_fallback_fast,train,2,High
0,AAPL,2020-11-26,2020-11-27,2020-12-10,0.27818444312839224,0.2625824225687381,0.28368410747604456,synthetic_fallback_fast,train,2,High
1,MSFT,2020-11-26,2020-11-27,2020-12-10,0.3729141852671668,0.28846672016181424,0.31551274931542395,synthetic_fallback_fast,train,2,High
0,AAPL,2020-11-27,2020-11-30,2020-12-11,0.2773087132156984,0.2620950756671769,0.276661220006079,synthetic_fallback_fast,train,2,High
1,MSFT,2020-11-27,2020-11-30,2020-12-11,0.3682565545886413,0.29016775239140197,0.3095061401063625,synthetic_fallback_fast,train,2,High
0,AAPL,2020-11-30,2020-12-01,2020-12-14,0.276832209280551,0.2624189138416123,0.268995404778479,synthetic_fallback_fast,train,2,High
1,MSFT,2020-11-30,2020-12-01,2020-12-14,0.3643071507958766,0.2942501156184685,0.3052714940782075,synthetic_fallback_fast,train,2,High
0,AAPL,2020-12-01,2020-12-02,2020-12-15,0.26570064507977653,0.26988292047732865,0.2700427350207333,synthetic_fallback_fast,train,2,High
1,MSFT,2020-12-01,2020-12-02,2020-12-15,0.3685682445968042,0.29341087677690264,0.29792131874235983,synthetic_fallback_fast,train,2,High
0,AAPL,2020-12-02,2020-12-03,2020-12-16,0.2336976323177337,0.29655540958937854,0.29777352550287894,synthetic_fallback_fast,train,2,High
1,MSFT,2020-12-02,2020-12-03,2020-12-16,0.3143783389656715,0.32204923038974287,0.32671158305010756,synthetic_fallback_fast,train,2,High
0,AAPL,2020-12-03,2020-12-04,2020-12-17,0.4076685025223905,0.28818155350353497,0.2896532607949407,synthetic_fallback_fast,train,2,High
1,MSFT,2020-12-03,2020-12-04,2020-12-17,0.4154519319851078,0.3196629910299289,0.3175698018823702,synthetic_fallback_fast,train,2,High
0,AAPL,2020-12-04,2020-12-07,2020-12-18,0.435169033769053,0.2852663025941175,0.2812641585884617,synthetic_fallback_fast,train,2,High
1,MSFT,2020-12-04,2020-12-07,2020-12-18,0.4209877166053352,0.3200875195942721,0.3096216812576058,synthetic_fallback_fast,train,2,High
0,AAPL,2020-12-07,2020-12-08,2020-12-21,0.44317118842751796,0.28823544449373883,0.2765985001732034,synthetic_fallback_fast,train,2,High
1,MSFT,2020-12-07,2020-12-08,2020-12-21,0.40366244325666956,0.34477286894409465,0.33191500209565034,synthetic_fallback_fast,train,2,High
0,AAPL,2020-12-08,2020-12-09,2020-12-22,0.4599956720786915,0.2938983476258267,0.2759467428554834,synthetic_fallback_fast,train,2,High
1,MSFT,2020-12-08,2020-12-09,2020-12-22,0.42427817356991504,0.33481851497053644,0.3233452652700508,synthetic_fallback_fast,train,2,High
0,AAPL,2020-12-09,2020-12-10,2020-12-23,0.45432081817272607,0.2942051457386163,0.2821624850485317,synthetic_fallback_fast,train,2,High
1,MSFT,2020-12-09,2020-12-10,2020-12-23,0.3979080915407526,0.35060400214898596,0.33395840397173504,synthetic_fallback_fast,train,2,High
0,AAPL,2020-12-10,2020-12-11,2020-12-24,0.4472617169111539,0.2981450976336917,0.28406340219138965,synthetic_fallback_fast,train,2,High
1,MSFT,2020-12-10,2020-12-11,2020-12-24,0.4154808650885237,0.3720892905180561,0.3516256468825953,synthetic_fallback_fast,train,2,High
0,AAPL,2020-12-11,2020-12-14,2020-12-25,0.44713466379851996,0.2988389775812373,0.27652116296276924,synthetic_fallback_fast,train,2,High
1,MSFT,2020-12-11,2020-12-14,2020-12-25,0.41845905273685224,0.37086238785459785,0.34083543767266883,synthetic_fallback_fast,train,2,High
0,AAPL,2020-12-14,2020-12-15,2020-12-28,0.4612780229290502,0.28954846211043833,0.2684681142786002,synthetic_fallback_fast,train,2,High
1,MSFT,2020-12-14,2020-12-15,2020-12-28,0.428725326201797,0.3649234729524555,0.3325870531816212,synthetic_fallback_fast,train,2,High
0,AAPL,2020-12-15,2020-12-16,2020-12-29,0.47149920514057575,0.29049590339762293,0.26274439227662105,synthetic_fallback_fast,train,2,High
1,MSFT,2020-12-15,2020-12-16,2020-12-29,0.4391709952566761,0.3601112029962533,0.3272521052467917,synthetic_fallback_fast,train,2,High
0,AAPL,2020-12-16,2020-12-17,2020-12-30,0.45294809429932226,0.29931831084539934,0.2743833279505729,synthetic_fallback_fast,train,2,High
1,MSFT,2020-12-16,2020-12-17,2020-12-30,0.4382522275291349,0.358563932584577,0.31878457491250584,synthetic_fallback_fast,train,2,High
0,AAPL,2020-12-17,2020-12-18,2020-12-31,0.3061269206762091,0.3778171350049025,0.3723151144308187,synthetic_fallback_fast,train,2,High
1,MSFT,2020-12-17,2020-12-18,2020-12-31,0.34338869597682853,0.396245794858326,0.3749638133316354,synthetic_fallback_fast,train,2,High
0,AAPL,2020-12-18,2020-12-21,2021-01-01,0.29409293612463105,0.39271621463049516,0.3802156902350074,synthetic_fallback_fast,train,2,High
1,MSFT,2020-12-18,2020-12-21,2021-01-01,0.3451764511580929,0.3984526825285483,0.3687608969457003,synthetic_fallback_fast,train,2,High
0,AAPL,2020-12-21,2020-12-22,2021-01-04,0.2759103116386466,0.3540565960787815,0.3771101001219261,synthetic_fallback_fast,train,2,High
1,MSFT,2020-12-21,2020-12-22,2021-01-04,0.3181758299860684,0.36619068316289954,0.37325307039110694,synthetic_fallback_fast,train,2,High
0,AAPL,2020-12-22,2020-12-23,2021-01-05,0.23747987844941174,0.3685422734056998,0.3831881180494396,synthetic_fallback_fast,train,2,High
1,MSFT,2020-12-22,2020-12-23,2021-01-05,0.28655866612985176,0.37481001080458043,0.3777622839411411,synthetic_fallback_fast,train,2,High
0,AAPL,2020-12-23,2020-12-24,2021-01-06,0.2215267534000387,0.3724767515427799,0.3781566319307843,synthetic_fallback_fast,train,1,Medium
1,MSFT,2020-12-23,2020-12-24,2021-01-06,0.2868480443107877,0.36606151143301624,0.36653061899109435,synthetic_fallback_fast,train,2,High
0,AAPL,2020-12-24,2020-12-25,2021-01-07,0.2276230741084216,0.37244437692960736,0.36936616417464463,synthetic_fallback_fast,train,2,High
1,MSFT,2020-12-24,2020-12-25,2021-01-07,0.21228912521074683,0.39477166744092895,0.3923263642836396,synthetic_fallback_fast,train,1,Medium
0,AAPL,2020-12-25,2020-12-28,2021-01-08,0.27436118166232243,0.37204134850548665,0.35891816650124403,synthetic_fallback_fast,train,2,High
1,MSFT,2020-12-25,2020-12-28,2021-01-08,0.2455986818711232,0.3941578800524739,0.3825618315215626,synthetic_fallback_fast,train,2,High
0,AAPL,2020-12-28,2020-12-29,2021-01-11,0.2857043180207832,0.38040339544520635,0.35940609862916434,synthetic_fallback_fast,train,2,High
1,MSFT,2020-12-28,2020-12-29,2021-01-11,0.27675882755994075,0.39782226273038496,0.37983377285616315,synthetic_fallback_fast,train,2,High
0,AAPL,2020-12-29,2020-12-30,2021-01-12,0.26494011907685,0.3826933062153061,0.3583896024512484,synthetic_fallback_fast,train,2,High
1,MSFT,2020-12-29,2020-12-30,2021-01-12,0.26781626033700096,0.4054094929820398,0.37955084849014165,synthetic_fallback_fast,train,2,High
0,AAPL,2020-12-30,2020-12-31,2021-01-13,0.2739575664580936,0.36040016612114817,0.34679631298764707,synthetic_fallback_fast,train,2,High
1,MSFT,2020-12-30,2020-12-31,2021-01-13,0.2816657356237519,0.3813782603564756,0.36708414208559453,synthetic_fallback_fast,train,2,High
0,AAPL,2020-12-31,2021-01-01,2021-01-14,0.27509865009417644,0.3604908455921914,0.33736286593009984,synthetic_fallback_fast,train,2,High
1,MSFT,2020-12-31,2021-01-01,2021-01-14,0.29271837433608644,0.3811273437545681,0.3562851061127625,synthetic_fallback_fast,train,2,High
0,AAPL,2021-01-01,2021-01-04,2021-01-15,0.24711789520997335,0.37139113009729885,0.3419228681971535,synthetic_fallback_fast,train,2,High
1,MSFT,2021-01-01,2021-01-04,2021-01-15,0.29262001871105675,0.3849528802117665,0.3510393470451691,synthetic_fallback_fast,train,2,High
0,AAPL,2021-01-04,2021-01-05,2021-01-18,0.2823422342007114,0.3691389997824625,0.33178098880370266,synthetic_fallback_fast,train,2,High
1,MSFT,2021-01-04,2021-01-05,2021-01-18,0.32399277677113275,0.36344134800767197,0.34135664267409793,synthetic_fallback_fast,train,2,High
0,AAPL,2021-01-05,2021-01-06,2021-01-19,0.27822785513627946,0.36605512631260506,0.3239896640299475,synthetic_fallback_fast,train,2,High
1,MSFT,2021-01-05,2021-01-06,2021-01-19,0.32409336673914807,0.36202751117970494,0.33121906393495204,synthetic_fallback_fast,train,2,High
0,AAPL,2021-01-06,2021-01-07,2021-01-20,0.27710519847481513,0.35740838567183675,0.3147072399249485,synthetic_fallback_fast,train,2,High
1,MSFT,2021-01-06,2021-01-07,2021-01-20,0.32715837492649363,0.346852021645058,0.32070288903682986,synthetic_fallback_fast,train,2,High
0,AAPL,2021-01-07,2021-01-08,2021-01-21,0.2691242045278672,0.3548628659643618,0.31037090432173,synthetic_fallback_fast,train,2,High
1,MSFT,2021-01-07,2021-01-08,2021-01-21,0.3146619599853935,0.32991743053183187,0.3190024632324959,synthetic_fallback_fast,train,2,High
0,AAPL,2021-01-08,2021-01-11,2021-01-22,0.21995747054240666,0.3709470754523894,0.32445512124309955,synthetic_fallback_fast,train,1,Medium
1,MSFT,2021-01-08,2021-01-11,2021-01-22,0.2850371158699568,0.3430937855414004,0.3259784401558864,synthetic_fallback_fast,train,2,High
0,AAPL,2021-01-11,2021-01-12,2021-01-25,0.17908406603665006,0.3836693705347446,0.3329585426901208,synthetic_fallback_fast,train,1,Medium
1,MSFT,2021-01-11,2021-01-12,2021-01-25,0.24081046480248824,0.3608329627121047,0.34090106016673516,synthetic_fallback_fast,train,2,High
0,AAPL,2021-01-12,2021-01-13,2021-01-26,0.17931303462708753,0.3824295798867095,0.3229635793634593,synthetic_fallback_fast,train,1,Medium
1,MSFT,2021-01-12,2021-01-13,2021-01-26,0.22398154541341217,0.363728409926717,0.3387170942028331,synthetic_fallback_fast,train,1,Medium
0,AAPL,2021-01-13,2021-01-14,2021-01-27,0.16541373823829375,0.37430917992284707,0.3179723437469497,synthetic_fallback_fast,train,1,Medium
1,MSFT,2021-01-13,2021-01-14,2021-01-27,0.20708336930225793,0.36837521737945267,0.33601629665208543,synthetic_fallback_fast,train,1,Medium
0,AAPL,2021-01-14,2021-01-15,2021-01-28,0.1662060444439048,0.2910265957316755,0.3101692729342423,synthetic_fallback_fast,train,1,Medium
1,MSFT,2021-01-14,2021-01-15,2021-01-28,0.19821692582912426,0.319060999809306,0.33208295460644255,synthetic_fallback_fast,train,1,Medium
0,AAPL,2021-01-15,2021-01-18,2021-01-29,0.16416938145154752,0.27162281679878597,0.3025870102305478,synthetic_fallback_fast,train,1,Medium
1,MSFT,2021-01-15,2021-01-18,2021-01-29,0.18566238076733127,0.31997910696212223,0.32900694796312857,synthetic_fallback_fast,train,1,Medium
0,AAPL,2021-01-18,2021-01-19,2021-02-01,0.10794593888297678,0.2791447986995141,0.31207921656209997,synthetic_fallback_fast,train,0,Low
1,MSFT,2021-01-18,2021-01-19,2021-02-01,0.13162566667982345,0.32109747600004007,0.3377352639292827,synthetic_fallback_fast,train,0,Low
0,AAPL,2021-01-19,2021-01-20,2021-02-02,0.1112677941324043,0.25865752651148766,0.3026784952747594,synthetic_fallback_fast,train,0,Low
1,MSFT,2021-01-19,2021-01-20,2021-02-02,0.15241870963732232,0.3059022552208759,0.3278290152271032,synthetic_fallback_fast,train,0,Low
0,AAPL,2021-01-20,2021-01-21,2021-02-03,0.13506376703246906,0.2508599145875325,0.2934852003798944,synthetic_fallback_fast,train,0,Low
1,MSFT,2021-01-20,2021-01-21,2021-02-03,0.1459163394272671,0.3076641048363197,0.31945023699363184,synthetic_fallback_fast,train,0,Low
0,AAPL,2021-01-21,2021-01-22,2021-02-04,0.137730799574026,0.2492389429135476,0.28507062686936485,synthetic_fallback_fast,train,0,Low
1,MSFT,2021-01-21,2021-01-22,2021-02-04,0.14541090089855796,0.26840158507783957,0.30964273785262575,synthetic_fallback_fast,train,0,Low
0,AAPL,2021-01-22,2021-01-25,2021-02-05,0.14046981959039634,0.24865171108456058,0.27674337945447464,synthetic_fallback_fast,train,0,Low
1,MSFT,2021-01-22,2021-01-25,2021-02-05,0.16390095291399004,0.26604968517205235,0.30043604856152273,synthetic_fallback_fast,train,1,Medium
0,AAPL,2021-01-25,2021-01-26,2021-02-08,0.13048290943997845,0.238430346269031,0.27210531041790986,synthetic_fallback_fast,train,0,Low
1,MSFT,2021-01-25,2021-01-26,2021-02-08,0.20287371167331322,0.2594081037580972,0.29549379520989033,synthetic_fallback_fast,train,1,Medium
0,AAPL,2021-01-26,2021-01-27,2021-02-09,0.13511362602863358,0.22621497638709792,0.26426514446009935,synthetic_fallback_fast,train,0,Low
1,MSFT,2021-01-26,2021-01-27,2021-02-09,0.21188968955750684,0.24687373491997552,0.2880290193725413,synthetic_fallback_fast,train,1,Medium
0,AAPL,2021-01-27,2021-01-28,2021-02-10,0.1928420800100237,0.226290137895587,0.25647382280760783,synthetic_fallback_fast,train,1,Medium
1,MSFT,2021-01-27,2021-01-28,2021-02-10,0.21204673986875366,0.2472034672754861,0.2803646064565301,synthetic_fallback_fast,train,1,Medium
0,AAPL,2021-01-28,2021-01-29,2021-02-11,0.18770296097980813,0.22727045176763233,0.2509021548726325,synthetic_fallback_fast,train,1,Medium
1,MSFT,2021-01-28,2021-01-29,2021-02-11,0.2054094688343891,0.24997399500659043,0.27528513875452626,synthetic_fallback_fast,train,1,Medium
0,AAPL,2021-01-29,2021-02-01,2021-02-12,0.18510629531387332,0.209784222403868,0.24458723052503897,synthetic_fallback_fast,train,1,Medium
1,MSFT,2021-01-29,2021-02-01,2021-02-12,0.1991460016485382,0.24504794937180427,0.2700212944039958,synthetic_fallback_fast,train,1,Medium
0,AAPL,2021-02-01,2021-02-02,2021-02-15,0.17561944189318102,0.21373986868946174,0.24172853965065608,synthetic_fallback_fast,train,1,Medium
1,MSFT,2021-02-01,2021-02-02,2021-02-15,0.19195053416216076,0.24728185894721133,0.26560892060847713,synthetic_fallback_fast,train,1,Medium
0,AAPL,2021-02-02,2021-02-03,2021-02-16,0.18107329874455413,0.21188589073464237,0.23562674581661044,synthetic_fallback_fast,train,1,Medium
1,MSFT,2021-02-02,2021-02-03,2021-02-16,0.199332356847309,0.2532468888375751,0.26429194834741804,synthetic_fallback_fast,train,1,Medium
0,AAPL,2021-02-03,2021-02-04,2021-02-17,0.17185770443486464,0.21797879734823725,0.23596893009426548,synthetic_fallback_fast,train,1,Medium
1,MSFT,2021-02-03,2021-02-04,2021-02-17,0.21322549607371485,0.2533023691128821,0.25690974517006615,synthetic_fallback_fast,train,1,Medium
0,AAPL,2021-02-04,2021-02-05,2021-02-18,0.16790024836416914,0.21377278897705598,0.23184633900937063,synthetic_fallback_fast,train,1,Medium
1,MSFT,2021-02-04,2021-02-05,2021-02-18,0.21377291773225293,0.24510862812432738,0.24945791664662792,synthetic_fallback_fast,train,1,Medium
0,AAPL,2021-02-05,2021-02-08,2021-02-19,0.1674701485221896,0.18454411269825463,0.2263068953632011,synthetic_fallback_fast,train,1,Medium
1,MSFT,2021-02-05,2021-02-08,2021-02-19,0.20769750663616557,0.23249696749589782,0.24912480584119204,synthetic_fallback_fast,train,1,Medium
0,AAPL,2021-02-08,2021-02-09,2021-02-22,0.17132678727254375,0.1566794376492028,0.21987420318555456,synthetic_fallback_fast,train,1,Medium
1,MSFT,2021-02-08,2021-02-09,2021-02-22,0.16759810263953315,0.2226515470937683,0.263126114355949,synthetic_fallback_fast,train,1,Medium
0,AAPL,2021-02-09,2021-02-10,2021-02-23,0.16855812844045248,0.15875902545332746,0.21541416570330787,synthetic_fallback_fast,train,1,Medium
1,MSFT,2021-02-09,2021-02-10,2021-02-23,0.1530459330979663,0.21801946384045282,0.2609131855227014,synthetic_fallback_fast,train,0,Low
0,AAPL,2021-02-10,2021-02-11,2021-02-24,0.11937204498944547,0.17965212581619952,0.2347368058303609,synthetic_fallback_fast,train,0,Low
1,MSFT,2021-02-10,2021-02-11,2021-02-24,0.15423181827936258,0.2095797482231313,0.25427894838307724,synthetic_fallback_fast,train,0,Low
0,AAPL,2021-02-11,2021-02-12,2021-02-25,0.11943903021411548,0.17728064018707265,0.22761450622052534,synthetic_fallback_fast,train,0,Low
1,MSFT,2021-02-11,2021-02-12,2021-02-25,0.160736892639608,0.20184523721402792,0.24649492537077142,synthetic_fallback_fast,train,1,Medium
0,AAPL,2021-02-12,2021-02-15,2021-02-26,0.11969432866646373,0.17495131661552393,0.22094523740187635,synthetic_fallback_fast,train,0,Low
1,MSFT,2021-02-12,2021-02-15,2021-02-26,0.16343035296229708,0.19252227092572055,0.23922871274149787,synthetic_fallback_fast,train,1,Medium
0,AAPL,2021-02-15,2021-02-16,2021-03-01,0.11972053891510846,0.14576438881324846,0.21153613791852469,synthetic_fallback_fast,train,0,Low
1,MSFT,2021-02-15,2021-02-16,2021-03-01,0.16327290172526818,0.1645757024807229,0.22982301527895374,synthetic_fallback_fast,train,1,Medium
0,AAPL,2021-02-16,2021-02-17,2021-03-02,0.10835255928980386,0.15027984151130458,0.20927344899910516,synthetic_fallback_fast,train,0,Low
1,MSFT,2021-02-16,2021-02-17,2021-03-02,0.1389536430242819,0.17743287679261882,0.2346143266438917,synthetic_fallback_fast,train,0,Low
0,AAPL,2021-02-17,2021-02-18,2021-03-03,0.09993270824500079,0.15455952209201215,0.20706371172115073,synthetic_fallback_fast,train,0,Low
1,MSFT,2021-02-17,2021-02-18,2021-03-03,0.1206282383559031,0.1826974141685306,0.23511071699613795,synthetic_fallback_fast,train,0,Low
0,AAPL,2021-02-18,2021-02-19,2021-03-04,0.10041793657788496,0.15355824066465826,0.20227623850708645,synthetic_fallback_fast,train,0,Low
1,MSFT,2021-02-18,2021-02-19,2021-03-04,0.12027852802612116,0.1828157411929985,0.2285535122113214,synthetic_fallback_fast,train,0,Low
0,AAPL,2021-02-19,2021-02-22,2021-03-05,0.09714683188006369,0.15456070144412962,0.19752340035051325,synthetic_fallback_fast,train,0,Low
1,MSFT,2021-02-19,2021-02-22,2021-03-05,0.13213936851138824,0.18708524344399002,0.22603460308600481,synthetic_fallback_fast,train,0,Low
0,AAPL,2021-02-22,2021-02-23,2021-03-08,0.09292293155519099,0.1522804283108192,0.19455947846154115,synthetic_fallback_fast,train,0,Low
1,MSFT,2021-02-22,2021-02-23,2021-03-08,0.1252547061291648,0.1860737312149113,0.22343145788360522,synthetic_fallback_fast,train,0,Low
0,AAPL,2021-02-23,2021-02-24,2021-03-09,0.10901262254324957,0.15275394365114361,0.1892732375251561,synthetic_fallback_fast,train,0,Low
1,MSFT,2021-02-23,2021-02-24,2021-03-09,0.1430353010397529,0.1848246441611667,0.2173555457995905,synthetic_fallback_fast,train,0,Low
0,AAPL,2021-02-24,2021-02-25,2021-03-10,0.08530110644421537,0.16037105871626992,0.18998256788044987,synthetic_fallback_fast,train,0,Low
1,MSFT,2021-02-24,2021-02-25,2021-03-10,0.13997632557640438,0.1854066795705122,0.21124146100142557,synthetic_fallback_fast,train,0,Low
0,AAPL,2021-02-25,2021-02-26,2021-03-11,0.08972962670733063,0.15731828167615447,0.18446195982942143,synthetic_fallback_fast,train,0,Low
1,MSFT,2021-02-25,2021-02-26,2021-03-11,0.13374721328711725,0.1844307438339155,0.2084330396458843,synthetic_fallback_fast,train,0,Low
0,AAPL,2021-02-26,2021-03-01,2021-03-12,0.09518049975680525,0.15587025514789907,0.17921730374864953,synthetic_fallback_fast,train,0,Low
1,MSFT,2021-02-26,2021-03-01,2021-03-12,0.13043679421970505,0.182165598072167,0.2036452826715451,synthetic_fallback_fast,train,0,Low
0,AAPL,2021-03-01,2021-03-02,2021-03-15,0.10148286882670163,0.15029170936714437,0.17387443797308907,synthetic_fallback_fast,train,0,Low
1,MSFT,2021-03-01,2021-03-02,2021-03-15,0.13261342242069535,0.17818957321196988,0.19654006376790334,synthetic_fallback_fast,train,0,Low
0,AAPL,2021-03-02,2021-03-03,2021-03-16,0.10410703597617205,0.14921095238434243,0.16872713469662398,synthetic_fallback_fast,train,0,Low
1,MSFT,2021-03-02,2021-03-03,2021-03-16,0.12870112634668593,0.1718160402814919,0.1932472719210583,synthetic_fallback_fast,train,0,Low
0,AAPL,2021-03-03,2021-03-04,2021-03-17,0.09971616937117662,0.14057314243980204,0.1648756532058636,synthetic_fallback_fast,train,0,Low
1,MSFT,2021-03-03,2021-03-04,2021-03-17,0.12364520148570211,0.17322858318523876,0.18865099777810745,synthetic_fallback_fast,train,0,Low
0,AAPL,2021-03-04,2021-03-05,2021-03-18,0.09616876348051212,0.13833700767927182,0.1615365251428502,synthetic_fallback_fast,train,0,Low
1,MSFT,2021-03-04,2021-03-05,2021-03-18,0.14387293079329022,0.1734442052359937,0.18193988765964214,synthetic_fallback_fast,train,0,Low
0,AAPL,2021-03-05,2021-03-08,2021-03-19,0.09556407547788705,0.13690098171740334,0.15712398138538372,synthetic_fallback_fast,train,0,Low
1,MSFT,2021-03-05,2021-03-08,2021-03-19,0.12310007522625188,0.174067611825791,0.18692263995148056,synthetic_fallback_fast,train,0,Low
0,AAPL,2021-03-08,2021-03-09,2021-03-22,0.09922568452493387,0.1378178857150663,0.15455403467894377,synthetic_fallback_fast,train,0,Low
1,MSFT,2021-03-08,2021-03-09,2021-03-22,0.11803422231033343,0.14794908822949016,0.18355882792780656,synthetic_fallback_fast,train,0,Low
0,AAPL,2021-03-09,2021-03-10,2021-03-23,0.1030635143264713,0.1419429366631272,0.15734035607014227,synthetic_fallback_fast,train,0,Low
1,MSFT,2021-03-09,2021-03-10,2021-03-23,0.12531602560470695,0.14812520882915223,0.18651585760938852,synthetic_fallback_fast,train,0,Low
0,AAPL,2021-03-10,2021-03-11,2021-03-24,0.10608488093750425,0.10374479236465212,0.15230056023591193,synthetic_fallback_fast,train,0,Low
1,MSFT,2021-03-10,2021-03-11,2021-03-24,0.1402835452670289,0.14727665377042942,0.1817926393124781,synthetic_fallback_fast,train,0,Low
0,AAPL,2021-03-11,2021-03-12,2021-03-25,0.10230635223879798,0.10563400931405874,0.14230822860790698,synthetic_fallback_fast,train,0,Low
1,MSFT,2021-03-11,2021-03-12,2021-03-25,0.13976508695203138,0.1478591656230795,0.17356416914843345,synthetic_fallback_fast,train,0,Low
0,AAPL,2021-03-12,2021-03-15,2021-03-26,0.10439712882420202,0.1081343142782869,0.1389691837229057,synthetic_fallback_fast,train,0,Low
1,MSFT,2021-03-12,2021-03-15,2021-03-26,0.1482204081766872,0.14785675087004768,0.1682106996664022,synthetic_fallback_fast,train,0,Low
0,AAPL,2021-03-15,2021-03-16,2021-03-29,0.1471637594629817,0.11097697982784882,0.1369893922669408,synthetic_fallback_fast,train,1,Medium
1,MSFT,2021-03-15,2021-03-16,2021-03-29,0.1642274361091636,0.14873526858805022,0.16371780478137213,synthetic_fallback_fast,train,1,Medium
0,AAPL,2021-03-16,2021-03-17,2021-03-30,0.1475526219701301,0.10625100480558865,0.13295176534556402,synthetic_fallback_fast,train,1,Medium
1,MSFT,2021-03-16,2021-03-17,2021-03-30,0.18551105768429704,0.13392552936730392,0.15887994721633605,synthetic_fallback_fast,train,1,Medium
0,AAPL,2021-03-17,2021-03-18,2021-03-31,0.15706936406610733,0.09982449752250605,0.12862733550495503,synthetic_fallback_fast,train,1,Medium
1,MSFT,2021-03-17,2021-03-18,2021-03-31,0.186077427331125,0.1221460350140119,0.1542921245769319,synthetic_fallback_fast,train,1,Medium
0,AAPL,2021-03-18,2021-03-19,2021-04-01,0.15604787262756603,0.09831630855542432,0.12545105619947,synthetic_fallback_fast,train,1,Medium
1,MSFT,2021-03-18,2021-03-19,2021-04-01,0.1737055450142587,0.13260155451423125,0.15813366011704288,synthetic_fallback_fast,train,1,Medium
0,AAPL,2021-03-19,2021-03-22,2021-04-02,0.156242090920505,0.09635870346335262,0.12181159651241234,synthetic_fallback_fast,train,1,Medium
1,MSFT,2021-03-19,2021-03-22,2021-04-02,0.17364700877274947,0.12769972833036358,0.15458339517595346,synthetic_fallback_fast,train,1,Medium
0,AAPL,2021-03-22,2021-03-23,2021-04-05,0.1508089039318946,0.09612597900217303,0.12156721142775234,synthetic_fallback_fast,train,1,Medium
1,MSFT,2021-03-22,2021-03-23,2021-04-05,0.1737089566999006,0.12169802595750813,0.14957544256079366,synthetic_fallback_fast,train,1,Medium
0,AAPL,2021-03-23,2021-03-24,2021-04-06,0.13640379455901996,0.1060797809647997,0.12817151536170107,synthetic_fallback_fast,train,0,Low
1,MSFT,2021-03-23,2021-03-24,2021-04-06,0.16133143131939331,0.13446784674577844,0.15813444656192527,synthetic_fallback_fast,train,1,Medium
0,AAPL,2021-03-24,2021-03-25,2021-04-07,0.135619475582636,0.09625559912060133,0.12656229993650062,synthetic_fallback_fast,train,0,Low
1,MSFT,2021-03-24,2021-03-25,2021-04-07,0.15294354878892227,0.14013001961492424,0.16194480395356267,synthetic_fallback_fast,train,0,Low
0,AAPL,2021-03-25,2021-03-26,2021-04-08,0.13584440283417507,0.09622368631850974,0.12281698204716757,synthetic_fallback_fast,train,0,Low
1,MSFT,2021-03-25,2021-03-26,2021-04-08,0.16624235821428504,0.13678924773676204,0.15803253504086984,synthetic_fallback_fast,train,1,Medium
0,AAPL,2021-03-26,2021-03-29,2021-04-09,0.1371562137577141,0.09989516515000173,0.12176732688737842,synthetic_fallback_fast,train,0,Low
1,MSFT,2021-03-26,2021-03-29,2021-04-09,0.1612945174201796,0.13961204583841869,0.15773301129730433,synthetic_fallback_fast,train,1,Medium
0,AAPL,2021-03-29,2021-03-30,2021-04-12,0.08321964297807169,0.12640400461333468,0.14567929468552862,synthetic_fallback_fast,train,0,Low
1,MSFT,2021-03-29,2021-03-30,2021-04-12,0.1457348047616924,0.14925979126529554,0.16410857212327812,synthetic_fallback_fast,train,0,Low
0,AAPL,2021-03-30,2021-03-31,2021-04-13,0.07842346933189177,0.12769113358022183,0.14287148580238196,synthetic_fallback_fast,train,0,Low
1,MSFT,2021-03-30,2021-03-31,2021-04-13,0.11756878443775776,0.15965326875146058,0.17380945633452935,synthetic_fallback_fast,train,0,Low
0,AAPL,2021-03-31,2021-04-01,2021-04-14,0.06234006519120612,0.13155626089660757,0.14491822247970731,synthetic_fallback_fast,train,0,Low
1,MSFT,2021-03-31,2021-04-01,2021-04-14,0.11753446183892077,0.15797617670492278,0.1690809093347414,synthetic_fallback_fast,train,0,Low
0,AAPL,2021-04-01,2021-04-02,2021-04-15,0.0629489699939643,0.12961359809248363,0.1402608668385829,synthetic_fallback_fast,train,0,Low
1,MSFT,2021-04-01,2021-04-02,2021-04-15,0.11969204998816925,0.15948830142639228,0.1657747651852156,synthetic_fallback_fast,train,0,Low
0,AAPL,2021-04-02,2021-04-05,2021-04-16,0.07292325410221583,0.12950691776340492,0.13466616602363263,synthetic_fallback_fast,train,0,Low
1,MSFT,2021-04-02,2021-04-05,2021-04-16,0.11830360684271805,0.15051065107897216,0.1610058814456916,synthetic_fallback_fast,train,0,Low
0,AAPL,2021-04-05,2021-04-06,2021-04-19,0.0732667113474886,0.12765003324437701,0.12936651437510163,synthetic_fallback_fast,train,0,Low
1,MSFT,2021-04-05,2021-04-06,2021-04-19,0.1201489882897168,0.14850400545805686,0.1548482301350433,synthetic_fallback_fast,train,0,Low
0,AAPL,2021-04-06,2021-04-07,2021-04-20,0.07561298052390801,0.12088855023413525,0.12637664138582252,synthetic_fallback_fast,train,0,Low
1,MSFT,2021-04-06,2021-04-07,2021-04-20,0.11137471212996168,0.1444505746006635,0.1552104083498071,synthetic_fallback_fast,train,0,Low
0,AAPL,2021-04-07,2021-04-08,2021-04-21,0.07109680422721865,0.12175106595187096,0.12392553248627192,synthetic_fallback_fast,train,0,Low
1,MSFT,2021-04-07,2021-04-08,2021-04-21,0.11965461200143095,0.14675013149710633,0.15367245673892754,synthetic_fallback_fast,train,0,Low
0,AAPL,2021-04-08,2021-04-09,2021-04-22,0.07097042631391194,0.12025034613210607,0.12032445464573815,synthetic_fallback_fast,train,0,Low
1,MSFT,2021-04-08,2021-04-09,2021-04-22,0.10291688681092005,0.1535753905991379,0.1579609332767338,synthetic_fallback_fast,train,0,Low
0,AAPL,2021-04-09,2021-04-12,2021-04-23,0.09289140121403114,0.12188229461059716,0.12135823342050556,synthetic_fallback_fast,train,0,Low
1,MSFT,2021-04-09,2021-04-12,2021-04-23,0.11969095511901454,0.15489546595990533,0.15447405393748292,synthetic_fallback_fast,train,0,Low
0,AAPL,2021-04-12,2021-04-13,2021-04-26,0.09268438803575219,0.11954639491987214,0.11660323654837222,synthetic_fallback_fast,train,0,Low
1,MSFT,2021-04-12,2021-04-13,2021-04-26,0.15612300495193587,0.1552566972628202,0.15071620980769573,synthetic_fallback_fast,train,1,Medium
0,AAPL,2021-04-13,2021-04-14,2021-04-27,0.10177380271441354,0.1181567111769583,0.11316528046804245,synthetic_fallback_fast,train,0,Low
1,MSFT,2021-04-13,2021-04-14,2021-04-27,0.16174641258519679,0.15530095234305313,0.14746405382910374,synthetic_fallback_fast,train,1,Medium
0,AAPL,2021-04-14,2021-04-15,2021-04-28,0.1048356478277646,0.11949282165924277,0.11171751547650557,synthetic_fallback_fast,train,0,Low
1,MSFT,2021-04-14,2021-04-15,2021-04-28,0.17022192720106666,0.1556264095228294,0.14341706632480447,synthetic_fallback_fast,train,1,Medium
0,AAPL,2021-04-15,2021-04-16,2021-04-29,0.1083407603935044,0.1189821654175324,0.10854158442416094,synthetic_fallback_fast,train,0,Low
1,MSFT,2021-04-15,2021-04-16,2021-04-29,0.16595232484111935,0.149164009062292,0.14277035208355482,synthetic_fallback_fast,train,1,Medium
0,AAPL,2021-04-16,2021-04-19,2021-04-30,0.10884553621075192,0.12192085950334278,0.10936702205271877,synthetic_fallback_fast,train,0,Low
1,MSFT,2021-04-16,2021-04-19,2021-04-30,0.17422557561430263,0.1485749424494584,0.13913685523469388,synthetic_fallback_fast,train,1,Medium
0,AAPL,2021-04-19,2021-04-20,2021-05-03,0.11034495681320115,0.11855660356305682,0.1060747960516519,synthetic_fallback_fast,train,0,Low
1,MSFT,2021-04-19,2021-04-20,2021-05-03,0.19565170540191412,0.1493495581259122,0.13598838642326863,synthetic_fallback_fast,train,1,Medium
0,AAPL,2021-04-20,2021-04-21,2021-05-04,0.11323596839045039,0.11027991202800314,0.10497178359460695,synthetic_fallback_fast,train,0,Low
1,MSFT,2021-04-20,2021-04-21,2021-05-04,0.1991240072824539,0.13862207117482403,0.13357828517515696,synthetic_fallback_fast,train,1,Medium
0,AAPL,2021-04-21,2021-04-22,2021-05-05,0.11531325880995567,0.10827603088549345,0.10189580633595459,synthetic_fallback_fast,train,0,Low
1,MSFT,2021-04-21,2021-04-22,2021-05-05,0.19195428500471837,0.13731160782935,0.13793719564482035,synthetic_fallback_fast,train,1,Medium
0,AAPL,2021-04-22,2021-04-23,2021-05-06,0.11924979078987435,0.10837551197699606,0.09889009405679695,synthetic_fallback_fast,train,0,Low
1,MSFT,2021-04-22,2021-04-23,2021-05-06,0.1895495201448725,0.1382541269827024,0.13581428153852432,synthetic_fallback_fast,train,1,Medium
0,AAPL,2021-04-23,2021-04-26,2021-05-07,0.10625064657380782,0.11713376838439434,0.11175727876476167,synthetic_fallback_fast,train,0,Low
1,MSFT,2021-04-23,2021-04-26,2021-05-07,0.19176637561030377,0.14202437482191319,0.14171862707608693,synthetic_fallback_fast,train,1,Medium
0,AAPL,2021-04-26,2021-04-27,2021-05-10,0.1062528533278351,0.08807923921946534,0.108386465253524,synthetic_fallback_fast,train,0,Low
1,MSFT,2021-04-26,2021-04-27,2021-05-10,0.16824045242887303,0.15101825385388148,0.15984126282662744,synthetic_fallback_fast,train,1,Medium
0,AAPL,2021-04-27,2021-04-28,2021-05-11,0.09844999592556569,0.0908519330036586,0.11009738331830685,synthetic_fallback_fast,train,0,Low
1,MSFT,2021-04-27,2021-04-28,2021-05-11,0.1610352764989003,0.14139363680582065,0.15931361126182841,synthetic_fallback_fast,train,1,Medium
0,AAPL,2021-04-28,2021-04-29,2021-05-12,0.09458581826446834,0.08624615001120606,0.1100485977765096,synthetic_fallback_fast,train,0,Low
1,MSFT,2021-04-28,2021-04-29,2021-05-12,0.15212274153202,0.14627004857422102,0.1603875755644314,synthetic_fallback_fast,train,0,Low
0,AAPL,2021-04-29,2021-04-30,2021-05-13,0.10787306095546736,0.08860105300148456,0.10894449556244556,synthetic_fallback_fast,train,0,Low
1,MSFT,2021-04-29,2021-04-30,2021-05-13,0.15131971445065842,0.1446830345108624,0.1561003541678963,synthetic_fallback_fast,train,0,Low
0,AAPL,2021-04-30,2021-05-03,2021-05-14,0.10104893529867166,0.09264219271439564,0.1099658291507142,synthetic_fallback_fast,train,0,Low
1,MSFT,2021-04-30,2021-05-03,2021-05-14,0.14190908912174133,0.14891322068596108,0.1571406422194576,synthetic_fallback_fast,train,0,Low
0,AAPL,2021-05-03,2021-05-04,2021-05-17,0.09915881885249825,0.0936590104735883,0.10781160083182373,synthetic_fallback_fast,train,0,Low
1,MSFT,2021-05-03,2021-05-04,2021-05-17,0.11630195612368822,0.16235049925041792,0.16740352945825016,synthetic_fallback_fast,train,0,Low
0,AAPL,2021-05-04,2021-05-05,2021-05-18,0.09449798816919919,0.09628007935453724,0.10832022307635253,synthetic_fallback_fast,train,0,Low
1,MSFT,2021-05-04,2021-05-05,2021-05-18,0.11652331561285637,0.16132993643191987,0.166013055015575,synthetic_fallback_fast,train,0,Low
0,AAPL,2021-05-05,2021-05-06,2021-05-19,0.09494972679308483,0.09579118756100499,0.10481136727445921,synthetic_fallback_fast,train,0,Low
1,MSFT,2021-05-05,2021-05-06,2021-05-19,0.11272979889055557,0.1599432300925638,0.16269004971683454,synthetic_fallback_fast,train,0,Low
0,AAPL,2021-05-06,2021-05-07,2021-05-20,0.090950777000118,0.09812572041673683,0.10456728874113533,synthetic_fallback_fast,train,0,Low
1,MSFT,2021-05-06,2021-05-07,2021-05-20,0.11312196444443519,0.15251377999709265,0.15792171891965057,synthetic_fallback_fast,train,0,Low
0,AAPL,2021-05-07,2021-05-10,2021-05-21,0.08871164685168606,0.09979482029859647,0.10871310230584186,synthetic_fallback_fast,train,0,Low
1,MSFT,2021-05-07,2021-05-10,2021-05-21,0.11498640803976261,0.15984409208978304,0.1635622992310732,synthetic_fallback_fast,train,0,Low
0,AAPL,2021-05-10,2021-05-11,2021-05-24,0.08843181971781337,0.09969971069634133,0.1057200148902367,synthetic_fallback_fast,train,0,Low
1,MSFT,2021-05-10,2021-05-11,2021-05-24,0.10315857535651826,0.16229485898927004,0.16355417510367512,synthetic_fallback_fast,train,0,Low
0,AAPL,2021-05-11,2021-05-12,2021-05-25,0.08821792013211228,0.10012569254865673,0.10285360953953934,synthetic_fallback_fast,train,0,Low
1,MSFT,2021-05-11,2021-05-12,2021-05-25,0.10331643172241951,0.16139123622622448,0.15816181210566693,synthetic_fallback_fast,train,0,Low
0,AAPL,2021-05-12,2021-05-13,2021-05-26,0.0997938214190673,0.09984235091439433,0.10130913277715581,synthetic_fallback_fast,train,0,Low
1,MSFT,2021-05-12,2021-05-13,2021-05-26,0.1393214215175105,0.16142619519654017,0.15356797850617054,synthetic_fallback_fast,train,0,Low
0,AAPL,2021-05-13,2021-05-14,2021-05-27,0.08043015975349416,0.10810716359831275,0.10852317694104938,synthetic_fallback_fast,train,0,Low
1,MSFT,2021-05-13,2021-05-14,2021-05-27,0.14186020265530308,0.15880464429858657,0.1489870154836118,synthetic_fallback_fast,train,0,Low
0,AAPL,2021-05-14,2021-05-17,2021-05-28,0.07970873833529787,0.10501961263973801,0.10556827748113168,synthetic_fallback_fast,train,0,Low
1,MSFT,2021-05-14,2021-05-17,2021-05-28,0.1407216597311076,0.1588910645277094,0.14503849591946177,synthetic_fallback_fast,train,0,Low
0,AAPL,2021-05-17,2021-05-18,2021-05-31,0.07999623738436097,0.10490109830294865,0.10234080906160375,synthetic_fallback_fast,train,0,Low
1,MSFT,2021-05-17,2021-05-18,2021-05-31,0.13411027729367359,0.1609436777647288,0.14446778099477248,synthetic_fallback_fast,train,0,Low
0,AAPL,2021-05-18,2021-05-19,2021-06-01,0.10181548702458791,0.10428867221647131,0.10060062289173764,synthetic_fallback_fast,train,0,Low
1,MSFT,2021-05-18,2021-05-19,2021-06-01,0.1421784916194393,0.1631380601785434,0.14474667673871533,synthetic_fallback_fast,train,0,Low
0,AAPL,2021-05-19,2021-05-20,2021-06-02,0.10022777149114061,0.10562338347982722,0.09888374213434134,synthetic_fallback_fast,train,0,Low
1,MSFT,2021-05-19,2021-05-20,2021-06-02,0.1465117104099762,0.1574078382571493,0.14041883741110586,synthetic_fallback_fast,train,0,Low
0,AAPL,2021-05-20,2021-05-21,2021-06-03,0.09908217815439078,0.10604847108835183,0.09668333094384512,synthetic_fallback_fast,train,0,Low
1,MSFT,2021-05-20,2021-05-21,2021-06-03,0.14868621660480474,0.15608587288239684,0.13640490205455702,synthetic_fallback_fast,train,0,Low
0,AAPL,2021-05-21,2021-05-24,2021-06-04,0.10509510370300992,0.09787480826160141,0.10039708393419806,synthetic_fallback_fast,train,0,Low
1,MSFT,2021-05-21,2021-05-24,2021-06-04,0.12855700714347476,0.15810790120768617,0.1450194893209759,synthetic_fallback_fast,train,0,Low
0,AAPL,2021-05-24,2021-05-25,2021-06-07,0.10760996166769235,0.0977493109410759,0.09752106959568346,synthetic_fallback_fast,train,0,Low
1,MSFT,2021-05-24,2021-05-25,2021-06-07,0.12869986631228356,0.13954666155637396,0.1407530423317817,synthetic_fallback_fast,train,0,Low
0,AAPL,2021-05-25,2021-05-26,2021-06-08,0.11608455517710937,0.0934740689447604,0.09505986820526201,synthetic_fallback_fast,train,0,Low
1,MSFT,2021-05-25,2021-05-26,2021-06-08,0.13005919526594814,0.13528977297070655,0.13657059303598842,synthetic_fallback_fast,train,0,Low
0,AAPL,2021-05-26,2021-05-27,2021-06-09,0.1037104376444723,0.09722469802004972,0.10079221750351308,synthetic_fallback_fast,train,0,Low
1,MSFT,2021-05-26,2021-05-27,2021-06-09,0.08958636379124206,0.14586258427862436,0.15153077394795403,synthetic_fallback_fast,train,0,Low
0,AAPL,2021-05-27,2021-05-28,2021-06-10,0.10383764532334608,0.09514622398675254,0.09782946224873003,synthetic_fallback_fast,train,0,Low
1,MSFT,2021-05-27,2021-05-28,2021-06-10,0.1005301725720449,0.1466662419898193,0.14848943511660465,synthetic_fallback_fast,train,0,Low
0,AAPL,2021-05-28,2021-05-31,2021-06-11,0.1126898871974426,0.09100651155823994,0.09493018706172147,synthetic_fallback_fast,train,0,Low
1,MSFT,2021-05-28,2021-05-31,2021-06-11,0.10955440705307565,0.14131662162116662,0.14369363803433174,synthetic_fallback_fast,train,0,Low
0,AAPL,2021-05-31,2021-06-01,2021-06-14,0.11482145083772295,0.09008848248216195,0.09225046820773075,synthetic_fallback_fast,train,0,Low
1,MSFT,2021-05-31,2021-06-01,2021-06-14,0.11111083950144794,0.12552233162665186,0.13943902441267067,synthetic_fallback_fast,train,0,Low
0,AAPL,2021-06-01,2021-06-02,2021-06-15,0.16766443891907082,0.09822490306963948,0.10300744755996677,synthetic_fallback_fast,train,1,Medium
1,MSFT,2021-06-01,2021-06-02,2021-06-15,0.14094478323939708,0.12998539641165904,0.14445202009873626,synthetic_fallback_fast,train,0,Low
0,AAPL,2021-06-02,2021-06-03,2021-06-16,0.1773675980852427,0.09762442521255055,0.10066492900900469,synthetic_fallback_fast,train,1,Medium
1,MSFT,2021-06-02,2021-06-03,2021-06-16,0.13756208374983264,0.1307166570203695,0.14286427484566228,synthetic_fallback_fast,train,0,Low
0,AAPL,2021-06-03,2021-06-04,2021-06-17,0.21899458062343125,0.09510342229579234,0.09762985939616145,synthetic_fallback_fast,train,1,Medium
1,MSFT,2021-06-03,2021-06-04,2021-06-17,0.150451918238747,0.1321063394542801,0.14027351680437056,synthetic_fallback_fast,train,0,Low
0,AAPL,2021-06-04,2021-06-07,2021-06-18,0.21180408282258323,0.09724900284703353,0.10477639913253155,synthetic_fallback_fast,train,1,Medium
1,MSFT,2021-06-04,2021-06-07,2021-06-18,0.1547775538693972,0.1219606045401018,0.13669750839230904,synthetic_fallback_fast,train,1,Medium
0,AAPL,2021-06-07,2021-06-08,2021-06-21,0.21968878296124214,0.09848880796498166,0.10321301173997405,synthetic_fallback_fast,train,1,Medium
1,MSFT,2021-06-07,2021-06-08,2021-06-21,0.1667337704222723,0.11663050042417317,0.13273328096671175,synthetic_fallback_fast,train,1,Medium
0,AAPL,2021-06-08,2021-06-09,2021-06-22,0.23357487647841002,0.10309710321610178,0.10605021744309935,synthetic_fallback_fast,train,2,High
1,MSFT,2021-06-08,2021-06-09,2021-06-22,0.16715335590828237,0.11745143536176857,0.12969293047818903,synthetic_fallback_fast,train,1,Medium
0,AAPL,2021-06-09,2021-06-10,2021-06-23,0.252896712013117,0.10177097245734826,0.10301514002191439,synthetic_fallback_fast,train,2,High
1,MSFT,2021-06-09,2021-06-10,2021-06-23,0.20380889183865167,0.11712423974352319,0.1260791308458373,synthetic_fallback_fast,train,1,Medium
0,AAPL,2021-06-10,2021-06-11,2021-06-24,0.29072702205977097,0.09287428918777683,0.10011553851350288,synthetic_fallback_fast,train,2,High
1,MSFT,2021-06-10,2021-06-11,2021-06-24,0.19692131835059357,0.1229443628125519,0.12866296118538811,synthetic_fallback_fast,train,1,Medium
0,AAPL,2021-06-11,2021-06-14,2021-06-25,0.291966097413187,0.09760249393221805,0.10295180766295456,synthetic_fallback_fast,train,2,High
1,MSFT,2021-06-11,2021-06-14,2021-06-25,0.19469351377400643,0.1261046264461154,0.12933532676487358,synthetic_fallback_fast,train,1,Medium
0,AAPL,2021-06-14,2021-06-15,2021-06-28,0.2948457179609643,0.09895292711217456,0.10140515739294745,synthetic_fallback_fast,train,2,High
1,MSFT,2021-06-14,2021-06-15,2021-06-28,0.19460315465622058,0.1231486604281641,0.1264440490071873,synthetic_fallback_fast,train,1,Medium
0,AAPL,2021-06-15,2021-06-16,2021-06-29,0.2759807543895797,0.13870428521877193,0.1458441860432627,synthetic_fallback_fast,train,2,High
1,MSFT,2021-06-15,2021-06-16,2021-06-29,0.17610672626059787,0.14156298139269954,0.14871738335045803,synthetic_fallback_fast,train,1,Medium
0,AAPL,2021-06-16,2021-06-17,2021-06-30,0.2716078021922764,0.14405705645439323,0.14886825576281895,synthetic_fallback_fast,train,2,High
1,MSFT,2021-06-16,2021-06-17,2021-06-30,0.1777240495040009,0.14210736816374564,0.14469232064621754,synthetic_fallback_fast,train,1,Medium
0,AAPL,2021-06-17,2021-06-18,2021-07-01,0.2586167428586545,0.16996456155659473,0.17559367293799327,synthetic_fallback_fast,train,2,High
1,MSFT,2021-06-17,2021-06-18,2021-07-01,0.16475392111876105,0.14957167296979987,0.14973851099230062,synthetic_fallback_fast,train,1,Medium
0,AAPL,2021-06-18,2021-06-21,2021-07-02,0.2588949267920476,0.1671914326792227,0.1706789276746718,synthetic_fallback_fast,train,2,High
1,MSFT,2021-06-18,2021-06-21,2021-07-02,0.16257968203117598,0.14227261730122484,0.1483888732340459,synthetic_fallback_fast,train,1,Medium
0,AAPL,2021-06-21,2021-06-22,2021-07-05,0.27007966873920375,0.17297841658587637,0.17199681465024466,synthetic_fallback_fast,train,2,High
1,MSFT,2021-06-21,2021-06-22,2021-07-05,0.18567366112643088,0.14893590196461473,0.15161783488707273,synthetic_fallback_fast,train,1,Medium
0,AAPL,2021-06-22,2021-06-23,2021-07-06,0.2541970936847925,0.18443541806357566,0.1812271630313418,synthetic_fallback_fast,train,2,High
1,MSFT,2021-06-22,2021-06-23,2021-07-06,0.19606324356324542,0.149759204499468,0.14770614492965597,synthetic_fallback_fast,train,1,Medium
0,AAPL,2021-06-23,2021-06-24,2021-07-07,0.23499402978806969,0.19327778173325227,0.1911863472222631,synthetic_fallback_fast,train,2,High
1,MSFT,2021-06-23,2021-06-24,2021-07-07,0.15895935686945997,0.15742264921197963,0.16972249098827544,synthetic_fallback_fast,train,1,Medium
0,AAPL,2021-06-24,2021-06-25,2021-07-08,0.18671627695586504,0.21829390502489937,0.2164534846707947,synthetic_fallback_fast,train,1,Medium
1,MSFT,2021-06-24,2021-06-25,2021-07-08,0.18675258197721195,0.15633988809369948,0.16466071205773533,synthetic_fallback_fast,train,1,Medium
0,AAPL,2021-06-25,2021-06-28,2021-07-09,0.1800624372730369,0.22129529221750174,0.21369997565358453,synthetic_fallback_fast,train,1,Medium
1,MSFT,2021-06-25,2021-06-28,2021-07-09,0.18407142947245128,0.15796792777399504,0.16163966067691626,synthetic_fallback_fast,train,1,Medium
0,AAPL,2021-06-28,2021-06-29,2021-07-12,0.19151308092724628,0.2237386454911133,0.21051152889962854,synthetic_fallback_fast,train,1,Medium
1,MSFT,2021-06-28,2021-06-29,2021-07-12,0.19461531096522297,0.158455051129444,0.1574918782598259,synthetic_fallback_fast,train,1,Medium
0,AAPL,2021-06-29,2021-06-30,2021-07-13,0.16804975270818076,0.22833828070593898,0.21646454099223947,synthetic_fallback_fast,train,1,Medium
1,MSFT,2021-06-29,2021-06-30,2021-07-13,0.18115669042144195,0.15949766605913981,0.16232503565907214,synthetic_fallback_fast,train,1,Medium
0,AAPL,2021-06-30,2021-07-01,2021-07-14,0.16578787837344905,0.229379666777863,0.21163558328700843,synthetic_fallback_fast,train,1,Medium
1,MSFT,2021-06-30,2021-07-01,2021-07-14,0.19727462657698008,0.15891690384867263,0.1591181837843296,synthetic_fallback_fast,train,1,Medium
0,AAPL,2021-07-01,2021-07-02,2021-07-15,0.13518384235861386,0.23962600654900956,0.21897353847931783,synthetic_fallback_fast,train,0,Low
1,MSFT,2021-07-01,2021-07-02,2021-07-15,0.22075943492438982,0.15776506936854806,0.15419627208206743,synthetic_fallback_fast,train,1,Medium
0,AAPL,2021-07-02,2021-07-05,2021-07-16,0.13373174214616632,0.23652436726368742,0.2128679292547075,synthetic_fallback_fast,train,0,Low
1,MSFT,2021-07-02,2021-07-05,2021-07-16,0.23596250170944605,0.1587265639254382,0.15130592433536877,synthetic_fallback_fast,train,1,Medium
0,AAPL,2021-07-05,2021-07-06,2021-07-19,0.10625259933455647,0.2461769575176257,0.22044848792319746,synthetic_fallback_fast,train,0,Low
1,MSFT,2021-07-05,2021-07-06,2021-07-19,0.2094169162237513,0.1764580100694209,0.1695502135902879,synthetic_fallback_fast,train,1,Medium
0,AAPL,2021-07-06,2021-07-07,2021-07-20,0.10879791501633053,0.24410385633957085,0.21382478860904114,synthetic_fallback_fast,train,0,Low
1,MSFT,2021-07-06,2021-07-07,2021-07-20,0.210655861910138,0.1821826554147532,0.17251400636096714,synthetic_fallback_fast,train,1,Medium
0,AAPL,2021-07-07,2021-07-08,2021-07-21,0.1261503537741057,0.24410954608851498,0.20744473251555162,synthetic_fallback_fast,train,0,Low
1,MSFT,2021-07-07,2021-07-08,2021-07-21,0.2119538946918359,0.18276506986956173,0.16827264989109794,synthetic_fallback_fast,train,1,Medium
0,AAPL,2021-07-08,2021-07-09,2021-07-22,0.1466365057472596,0.24432065962173752,0.20162051010372536,synthetic_fallback_fast,train,1,Medium
1,MSFT,2021-07-08,2021-07-09,2021-07-22,0.194719324420906,0.19190431534503213,0.18015510294879594,synthetic_fallback_fast,train,1,Medium
0,AAPL,2021-07-09,2021-07-12,2021-07-23,0.24943236613657874,0.24255585269726326,0.19581328920002114,synthetic_fallback_fast,train,2,High
1,MSFT,2021-07-09,2021-07-12,2021-07-23,0.19473343205132632,0.1894569284213444,0.17481830908604482,synthetic_fallback_fast,train,1,Medium
0,AAPL,2021-07-12,2021-07-13,2021-07-26,0.2805396872439598,0.24860737877842895,0.2000060681800423,synthetic_fallback_fast,train,2,High
1,MSFT,2021-07-12,2021-07-13,2021-07-26,0.19989655275196583,0.19460923290564006,0.17713958912186,synthetic_fallback_fast,train,1,Medium
0,AAPL,2021-07-13,2021-07-14,2021-07-27,0.3089104133051253,0.22847986364089312,0.1941834640459564,synthetic_fallback_fast,train,2,High
1,MSFT,2021-07-13,2021-07-14,2021-07-27,0.2422071607639987,0.17864955292229992,0.17181262129555158,synthetic_fallback_fast,train,2,High
0,AAPL,2021-07-14,2021-07-15,2021-07-28,0.3134210728359715,0.22500713191728866,0.18907986150868483,synthetic_fallback_fast,train,2,High
1,MSFT,2021-07-14,2021-07-15,2021-07-28,0.2272775032451447,0.18775398273164204,0.17874857908943553,synthetic_fallback_fast,train,1,Medium
0,AAPL,2021-07-15,2021-07-16,2021-07-29,0.31675834292955496,0.20634593638070267,0.18409241429303416,synthetic_fallback_fast,train,2,High
1,MSFT,2021-07-15,2021-07-16,2021-07-29,0.20533278451700887,0.1947801101654669,0.18977002781967026,synthetic_fallback_fast,train,1,Medium
0,AAPL,2021-07-16,2021-07-19,2021-07-30,0.33035435208814246,0.20604703586330528,0.17832558576000274,synthetic_fallback_fast,train,2,High
1,MSFT,2021-07-16,2021-07-19,2021-07-30,0.18725008538566593,0.20262089628458688,0.19630611536710463,synthetic_fallback_fast,train,1,Medium
0,AAPL,2021-07-19,2021-07-20,2021-08-02,0.3258570695971861,0.20522261368039807,0.17866222243097205,synthetic_fallback_fast,train,2,High
1,MSFT,2021-07-19,2021-07-20,2021-08-02,0.18792186392379168,0.19790168422320004,0.1900764352837058,synthetic_fallback_fast,train,1,Medium
0,AAPL,2021-07-20,2021-07-21,2021-08-03,0.32501875201322133,0.19551617420266776,0.17419331698841686,synthetic_fallback_fast,train,2,High
1,MSFT,2021-07-20,2021-07-21,2021-08-03,0.17428984845870102,0.2034904022720035,0.19232340273838042,synthetic_fallback_fast,train,1,Medium
0,AAPL,2021-07-21,2021-07-22,2021-08-04,0.3333395419157779,0.1885949439849438,0.17613330986659415,synthetic_fallback_fast,train,2,High
1,MSFT,2021-07-21,2021-07-22,2021-08-04,0.19670139511541826,0.18733997252507298,0.18813034394510286,synthetic_fallback_fast,train,1,Medium
0,AAPL,2021-07-22,2021-07-23,2021-08-05,0.32556023929582173,0.16787678948863866,0.18089172318318433,synthetic_fallback_fast,train,2,High
1,MSFT,2021-07-22,2021-07-23,2021-08-05,0.19864842034521926,0.19077754346108103,0.18680648741648495,synthetic_fallback_fast,train,1,Medium
0,AAPL,2021-07-23,2021-07-26,2021-08-06,0.2586468664295277,0.21753044222958612,0.235532949002683,synthetic_fallback_fast,train,2,High
1,MSFT,2021-07-23,2021-07-26,2021-08-06,0.2096104824165068,0.189477440222471,0.1811381522731814,synthetic_fallback_fast,train,1,Medium
0,AAPL,2021-07-26,2021-07-27,2021-08-09,0.21298612557367924,0.24018719396044486,0.25707321277838147,synthetic_fallback_fast,train,1,Medium
1,MSFT,2021-07-26,2021-07-27,2021-08-09,0.1953542417920921,0.1972736057664708,0.18595028605484862,synthetic_fallback_fast,train,1,Medium
0,AAPL,2021-07-27,2021-07-28,2021-08-10,0.1909457861667982,0.24866278655402388,0.26897157094246793,synthetic_fallback_fast,train,1,Medium
1,MSFT,2021-07-27,2021-07-28,2021-08-10,0.15153414201502197,0.21387152125728154,0.2093099363337664,synthetic_fallback_fast,train,0,Low
0,AAPL,2021-07-28,2021-07-29,2021-08-11,0.1830035776376951,0.2507173603016162,0.26461669640001073,synthetic_fallback_fast,train,1,Medium
1,MSFT,2021-07-28,2021-07-29,2021-08-11,0.15198791005278992,0.21280547663586305,0.2029970481270072,synthetic_fallback_fast,train,0,Low
0,AAPL,2021-07-29,2021-07-30,2021-08-12,0.17608842859610638,0.24352671213884944,0.25958295220784944,synthetic_fallback_fast,train,1,Medium
1,MSFT,2021-07-29,2021-07-30,2021-08-12,0.15451898226437819,0.21318569429683165,0.19748999737614215,synthetic_fallback_fast,train,0,Low
0,AAPL,2021-07-30,2021-08-02,2021-08-13,0.16010770076918293,0.2520100958305293,0.26204092427660064,synthetic_fallback_fast,train,1,Medium
1,MSFT,2021-07-30,2021-08-02,2021-08-13,0.15560520454880727,0.2130033998436639,0.19243759928503365,synthetic_fallback_fast,train,1,Medium
0,AAPL,2021-08-02,2021-08-03,2021-08-16,0.165473700368136,0.24235557005339817,0.2545859148075835,synthetic_fallback_fast,train,1,Medium
1,MSFT,2021-08-02,2021-08-03,2021-08-16,0.15450085357444643,0.1989598850789497,0.18717429356961676,synthetic_fallback_fast,train,0,Low
0,AAPL,2021-08-03,2021-08-04,2021-08-17,0.1710185287258861,0.2423573554404039,0.24695330769534798,synthetic_fallback_fast,train,1,Medium
1,MSFT,2021-08-03,2021-08-04,2021-08-17,0.16683738987874042,0.1933298262463142,0.1817229375339316,synthetic_fallback_fast,train,1,Medium
0,AAPL,2021-08-04,2021-08-05,2021-08-18,0.14098447468102251,0.2520209931354456,0.2513475811754348,synthetic_fallback_fast,train,1,Medium
1,MSFT,2021-08-04,2021-08-05,2021-08-18,0.13632396008147893,0.20446991504300793,0.1916768636741743,synthetic_fallback_fast,train,0,Low
0,AAPL,2021-08-05,2021-08-06,2021-08-19,0.16377039898427928,0.252479438992682,0.24460425904581717,synthetic_fallback_fast,train,1,Medium
1,MSFT,2021-08-05,2021-08-06,2021-08-19,0.13461190951527024,0.19669368343770594,0.1914191143804081,synthetic_fallback_fast,train,0,Low
0,AAPL,2021-08-06,2021-08-09,2021-08-20,0.16457462660454653,0.2540813912807333,0.23959967891686318,synthetic_fallback_fast,train,1,Medium
1,MSFT,2021-08-06,2021-08-09,2021-08-20,0.11788182140489092,0.20230875400902604,0.19288093753064503,synthetic_fallback_fast,train,0,Low
0,AAPL,2021-08-09,2021-08-10,2021-08-23,0.17874230758877552,0.24906385306365297,0.2343144256601194,synthetic_fallback_fast,train,1,Medium
1,MSFT,2021-08-09,2021-08-10,2021-08-23,0.12920306776121598,0.19763844715576295,0.18800150059884693,synthetic_fallback_fast,train,0,Low
0,AAPL,2021-08-10,2021-08-11,2021-08-24,0.16184083165276683,0.2567936298890609,0.23764560040828067,synthetic_fallback_fast,train,1,Medium
1,MSFT,2021-08-10,2021-08-11,2021-08-24,0.12316411687654386,0.20202339582531817,0.18800632636964587,synthetic_fallback_fast,train,0,Low
0,AAPL,2021-08-11,2021-08-12,2021-08-25,0.16097605545160304,0.25663503105173235,0.23089976138534385,synthetic_fallback_fast,train,1,Medium
1,MSFT,2021-08-11,2021-08-12,2021-08-25,0.12264338148565455,0.1933331170332203,0.18262814132622893,synthetic_fallback_fast,train,0,Low
0,AAPL,2021-08-12,2021-08-13,2021-08-26,0.16410788974853158,0.2562644947129075,0.22404456083362154,synthetic_fallback_fast,train,1,Medium
1,MSFT,2021-08-12,2021-08-13,2021-08-26,0.11786574956218471,0.18171085311220075,0.17912877227355334,synthetic_fallback_fast,train,0,Low
0,AAPL,2021-08-13,2021-08-16,2021-08-27,0.16529334827713613,0.25958473933300724,0.22199704482601923,synthetic_fallback_fast,train,1,Medium
1,MSFT,2021-08-13,2021-08-16,2021-08-27,0.11596212323776596,0.17215628678560554,0.1753191682709193,synthetic_fallback_fast,train,0,Low
0,AAPL,2021-08-16,2021-08-17,2021-08-30,0.16639052644483482,0.2584224983626513,0.2182949468450304,synthetic_fallback_fast,train,1,Medium
1,MSFT,2021-08-16,2021-08-17,2021-08-30,0.11857874201563742,0.17202491199797865,0.1701682038282982,synthetic_fallback_fast,train,0,Low
0,AAPL,2021-08-17,2021-08-18,2021-08-31,0.16286140917283645,0.2596964827715218,0.21444561886529914,synthetic_fallback_fast,train,1,Medium
1,MSFT,2021-08-17,2021-08-18,2021-08-31,0.1195679056635757,0.17060431696957112,0.17235019275303726,synthetic_fallback_fast,train,0,Low
0,AAPL,2021-08-18,2021-08-19,2021-09-01,0.16391392601454838,0.25592173833586757,0.20829359429145142,synthetic_fallback_fast,train,1,Medium
1,MSFT,2021-08-18,2021-08-19,2021-09-01,0.1253488899747761,0.16922715640914218,0.16697927438125487,synthetic_fallback_fast,train,0,Low
0,AAPL,2021-08-19,2021-08-20,2021-09-02,0.14141339210430837,0.2576918828696616,0.2132729358306693,synthetic_fallback_fast,train,1,Medium
1,MSFT,2021-08-19,2021-08-20,2021-09-02,0.11345247776854138,0.16967846222929744,0.1673708838203295,synthetic_fallback_fast,train,0,Low
0,AAPL,2021-08-20,2021-08-23,2021-09-03,0.15161426619312268,0.21677523986359684,0.20996554931319855,synthetic_fallback_fast,train,1,Medium
1,MSFT,2021-08-20,2021-08-23,2021-09-03,0.11554305095107482,0.17004804932226553,0.16294523543792044,synthetic_fallback_fast,train,0,Low
0,AAPL,2021-08-23,2021-08-24,2021-09-06,0.14344547928308637,0.19661116729352826,0.21290179088584968,synthetic_fallback_fast,train,1,Medium
1,MSFT,2021-08-23,2021-08-24,2021-09-06,0.11931681749841118,0.16561508461651758,0.1645065841164736,synthetic_fallback_fast,train,0,Low
0,AAPL,2021-08-24,2021-08-25,2021-09-07,0.1410857750631584,0.17699258182889452,0.2095789856549396,synthetic_fallback_fast,train,1,Medium
1,MSFT,2021-08-24,2021-08-25,2021-09-07,0.11356241997337232,0.13807967968207308,0.16308407684117895,synthetic_fallback_fast,train,0,Low
0,AAPL,2021-08-25,2021-08-26,2021-09-08,0.14331975422251195,0.17234210143919196,0.20336278607518463,synthetic_fallback_fast,train,1,Medium
1,MSFT,2021-08-25,2021-08-26,2021-09-08,0.12957696009944827,0.13809729147316893,0.15820380740874257,synthetic_fallback_fast,train,0,Low
0,AAPL,2021-08-26,2021-08-27,2021-09-09,0.14826001441853742,0.1702036047843321,0.19893905027393752,synthetic_fallback_fast,train,1,Medium
1,MSFT,2021-08-26,2021-08-27,2021-09-09,0.13174082252213754,0.13741988720682838,0.1534843797665555,synthetic_fallback_fast,train,0,Low
0,AAPL,2021-08-27,2021-08-30,2021-09-10,0.13515452550974502,0.16272118305595748,0.19879115732875174,synthetic_fallback_fast,train,0,Low
1,MSFT,2021-08-27,2021-08-30,2021-09-10,0.13062466021431213,0.13722280005248214,0.15017441979709853,synthetic_fallback_fast,train,0,Low
0,AAPL,2021-08-30,2021-08-31,2021-09-13,0.12826609913455364,0.16593274662361393,0.19670119231108601,synthetic_fallback_fast,train,0,Low
1,MSFT,2021-08-30,2021-08-31,2021-09-13,0.13078315378055352,0.13771606989244872,0.14708638367030027,synthetic_fallback_fast,train,0,Low
0,AAPL,2021-08-31,2021-09-01,2021-09-14,0.1470413676788265,0.16698978376734425,0.19190701433709512,synthetic_fallback_fast,train,1,Medium
1,MSFT,2021-08-31,2021-09-01,2021-09-14,0.11460219295932667,0.14513993028509517,0.15152047853991626,synthetic_fallback_fast,train,0,Low
0,AAPL,2021-09-01,2021-09-02,2021-09-15,0.15374551042916376,0.1528796867516851,0.18718499546255785,synthetic_fallback_fast,train,1,Medium
1,MSFT,2021-09-01,2021-09-02,2021-09-15,0.10850589497439504,0.13095145342875195,0.1501947839424194,synthetic_fallback_fast,train,0,Low
0,AAPL,2021-09-02,2021-09-03,2021-09-16,0.169818666411839,0.15300080236704136,0.18301221706355109,synthetic_fallback_fast,train,1,Medium
1,MSFT,2021-09-02,2021-09-03,2021-09-16,0.12205759546985366,0.12448259094180335,0.14581641971610929,synthetic_fallback_fast,train,0,Low
0,AAPL,2021-09-03,2021-09-06,2021-09-17,0.15801871233030482,0.15822719967708615,0.18596220859704365,synthetic_fallback_fast,train,1,Medium
1,MSFT,2021-09-03,2021-09-06,2021-09-17,0.11973422524545414,0.11671829428332406,0.14302583256264642,synthetic_fallback_fast,train,0,Low
0,AAPL,2021-09-06,2021-09-07,2021-09-20,0.1454185893960381,0.1620577336150836,0.18687682909404604,synthetic_fallback_fast,train,1,Medium
1,MSFT,2021-09-06,2021-09-07,2021-09-20,0.20505349654868957,0.1243582238069894,0.147833363545757,synthetic_fallback_fast,train,1,Medium
0,AAPL,2021-09-07,2021-09-08,2021-09-21,0.17328175681129263,0.1518183959789316,0.1829345357573168,synthetic_fallback_fast,train,1,Medium
1,MSFT,2021-09-07,2021-09-08,2021-09-21,0.2051885185268267,0.11846059031633167,0.14407077511792596,synthetic_fallback_fast,train,1,Medium
0,AAPL,2021-09-08,2021-09-09,2021-09-22,0.21317571427215093,0.15240380962948205,0.17845265175806543,synthetic_fallback_fast,train,1,Medium
1,MSFT,2021-09-08,2021-09-09,2021-09-22,0.20035104584895438,0.126157813097029,0.147997931995048,synthetic_fallback_fast,train,1,Medium
0,AAPL,2021-09-09,2021-09-10,2021-09-23,0.2605505501642552,0.15638483199003206,0.17659070145666167,synthetic_fallback_fast,train,2,High
1,MSFT,2021-09-09,2021-09-10,2021-09-23,0.24988763296295047,0.12499595841199224,0.14451445105421157,synthetic_fallback_fast,train,2,High
0,AAPL,2021-09-10,2021-09-13,2021-09-24,0.3597851659483583,0.1509778737935313,0.17157416151991575,synthetic_fallback_fast,train,2,High
1,MSFT,2021-09-10,2021-09-13,2021-09-24,0.27639641359213735,0.12351116524815746,0.1408469862055999,synthetic_fallback_fast,train,2,High
0,AAPL,2021-09-13,2021-09-14,2021-09-27,0.37416096650025676,0.1485563857223654,0.16748567810700904,synthetic_fallback_fast,train,2,High
1,MSFT,2021-09-13,2021-09-14,2021-09-27,0.31731638557140945,0.12483018739631653,0.13793910235844484,synthetic_fallback_fast,train,2,High
0,AAPL,2021-09-14,2021-09-15,2021-09-28,0.46525136213691043,0.15515315402308438,0.1727025264760317,synthetic_fallback_fast,train,2,High
1,MSFT,2021-09-14,2021-09-15,2021-09-28,0.5888636613912327,0.11711137155686564,0.134544103006714,synthetic_fallback_fast,train,2,High
0,AAPL,2021-09-15,2021-09-16,2021-09-29,0.5040604734911623,0.15891107122951964,0.17169399494363313,synthetic_fallback_fast,train,2,High
1,MSFT,2021-09-15,2021-09-16,2021-09-29,0.5950555730051278,0.1172302722467686,0.12999501790029447,synthetic_fallback_fast,train,2,High
0,AAPL,2021-09-16,2021-09-17,2021-09-30,0.5874431745951144,0.1562628025608499,0.17604901693431907,synthetic_fallback_fast,train,2,High
1,MSFT,2021-09-16,2021-09-17,2021-09-30,0.5979896740615024,0.11783361431209648,0.13366000971558623,synthetic_fallback_fast,train,2,High
0,AAPL,2021-09-17,2021-09-20,2021-10-01,0.5916337791793084,0.15484960309895324,0.1728255668125595,synthetic_fallback_fast,train,2,High
1,MSFT,2021-09-17,2021-09-20,2021-10-01,0.6052311332440643,0.1176573017670638,0.13015168816543748,synthetic_fallback_fast,train,2,High
0,AAPL,2021-09-20,2021-09-21,2021-10-04,0.5951635245516176,0.144435403673559,0.1677593215294715,synthetic_fallback_fast,train,2,High
1,MSFT,2021-09-20,2021-09-21,2021-10-04,0.6668977851280498,0.16775493939790953,0.1877924996923815,synthetic_fallback_fast,train,2,High
0,AAPL,2021-09-21,2021-09-22,2021-10-05,0.5886393124137448,0.1580059542687871,0.1806507060200211,synthetic_fallback_fast,train,2,High
1,MSFT,2021-09-21,2021-09-22,2021-10-05,0.681239416041651,0.16582935711966457,0.18311398096675688,synthetic_fallback_fast,train,2,High
0,AAPL,2021-09-22,2021-09-23,2021-10-06,0.6045045222090557,0.1816376022549337,0.20105694624740456,synthetic_fallback_fast,train,2,High
1,MSFT,2021-09-22,2021-09-23,2021-10-06,0.6964927526316048,0.16871681919918927,0.18090299600402374,synthetic_fallback_fast,train,2,High
0,AAPL,2021-09-23,2021-09-24,2021-10-07,0.5852695644910318,0.21197596687629588,0.23009380661181322,synthetic_fallback_fast,train,2,High
1,MSFT,2021-09-23,2021-09-24,2021-10-07,0.6855665101284627,0.19974918451227228,0.21126793474536598,synthetic_fallback_fast,train,2,High
0,AAPL,2021-09-24,2021-09-27,2021-10-08,0.5404526033835382,0.27176470650385426,0.29511219051858784,synthetic_fallback_fast,train,2,High
1,MSFT,2021-09-24,2021-09-27,2021-10-08,0.6956080083497286,0.21616866019696326,0.2249877227164661,synthetic_fallback_fast,train,2,High
0,AAPL,2021-09-27,2021-09-28,2021-10-11,0.5309032443031395,0.27968609282515405,0.29752988160631677,synthetic_fallback_fast,train,2,High
1,MSFT,2021-09-27,2021-09-28,2021-10-11,0.689908517765041,0.2426869607796135,0.2500339260163769,synthetic_fallback_fast,train,2,High
0,AAPL,2021-09-28,2021-09-29,2021-10-12,0.5186285731045979,0.3450217339379582,0.36473763255979513,synthetic_fallback_fast,train,2,High
1,MSFT,2021-09-28,2021-09-29,2021-10-12,0.5360726343188439,0.4242016468250537,0.45560894959946524,synthetic_fallback_fast,train,2,High
0,AAPL,2021-09-29,2021-09-30,2021-10-13,0.48267554035651344,0.37263564168853935,0.38658523453457483,synthetic_fallback_fast,train,2,High
1,MSFT,2021-09-29,2021-09-30,2021-10-13,0.5300495759801904,0.42770589439979395,0.4469621051779902,synthetic_fallback_fast,train,2,High
0,AAPL,2021-09-30,2021-10-01,2021-10-14,0.3699300313051391,0.43239326014652546,0.4463143998292188,synthetic_fallback_fast,train,2,High
1,MSFT,2021-09-30,2021-10-01,2021-10-14,0.5445971880053215,0.43156094986459576,0.43794812636239105,synthetic_fallback_fast,train,2,High
0,AAPL,2021-10-01,2021-10-04,2021-10-15,0.3674855728730938,0.43301295714592547,0.43713718317002626,synthetic_fallback_fast,train,2,High
1,MSFT,2021-10-01,2021-10-04,2021-10-15,0.5432010891108039,0.43625738351518106,0.43103919435292887,synthetic_fallback_fast,train,2,High
0,AAPL,2021-10-04,2021-10-05,2021-10-18,0.4221300101856159,0.4332240685249594,0.4268760286847068,synthetic_fallback_fast,train,2,High
1,MSFT,2021-10-04,2021-10-05,2021-10-18,0.47287624445515464,0.4933556487238906,0.49134361096979856,synthetic_fallback_fast,train,2,High
0,AAPL,2021-10-05,2021-10-06,2021-10-19,0.47906717507966834,0.4338910043792878,0.41598749221001086,synthetic_fallback_fast,train,2,High
1,MSFT,2021-10-05,2021-10-06,2021-10-19,0.48433577779556436,0.5030852164912043,0.48906144150292363,synthetic_fallback_fast,train,2,High
0,AAPL,2021-10-06,2021-10-07,2021-10-20,0.4492889052199421,0.45324916024557643,0.4288614614454848,synthetic_fallback_fast,train,2,High
1,MSFT,2021-10-06,2021-10-07,2021-10-20,0.46030711815114994,0.5124659481571042,0.48858843098663907,synthetic_fallback_fast,train,2,High
0,AAPL,2021-10-07,2021-10-08,2021-10-21,0.523460249573344,0.4530049957287547,0.41744231745900195,synthetic_fallback_fast,train,2,High
1,MSFT,2021-10-07,2021-10-08,2021-10-21,0.48114154753616706,0.5159676680362569,0.47860228934155574,synthetic_fallback_fast,train,2,High
0,AAPL,2021-10-08,2021-10-11,2021-10-22,0.5239238390867846,0.4590938804539502,0.41318940444207475,synthetic_fallback_fast,train,2,High
1,MSFT,2021-10-08,2021-10-11,2021-10-22,0.45226636796944075,0.5292756742600552,0.4820017738239661,synthetic_fallback_fast,train,2,High
0,AAPL,2021-10-11,2021-10-12,2021-10-25,0.5241588151595805,0.4592682678261178,0.4014275941834648,synthetic_fallback_fast,train,2,High
1,MSFT,2021-10-11,2021-10-12,2021-10-25,0.43318231464681783,0.5369652928434293,0.47839859604459783,synthetic_fallback_fast,train,2,High
0,AAPL,2021-10-12,2021-10-13,2021-10-26,0.485355816334139,0.4926633875227394,0.4399544724603169,synthetic_fallback_fast,train,2,High
1,MSFT,2021-10-12,2021-10-13,2021-10-26,0.36090918793596666,0.5630871517681048,0.500105411700372,synthetic_fallback_fast,train,2,High
0,AAPL,2021-10-13,2021-10-14,2021-10-27,0.48155939935036834,0.49348385900381136,0.4296334825833528,synthetic_fallback_fast,train,2,High
1,MSFT,2021-10-13,2021-10-14,2021-10-27,0.36422491941862495,0.5634907665442446,0.48571268263553535,synthetic_fallback_fast,train,2,High
0,AAPL,2021-10-14,2021-10-15,2021-10-28,0.49256199269200246,0.49088578683834766,0.4172638232103439,synthetic_fallback_fast,train,2,High
1,MSFT,2021-10-14,2021-10-15,2021-10-28,0.33592638871471664,0.5719168416244994,0.4851899945616088,synthetic_fallback_fast,train,2,High
0,AAPL,2021-10-15,2021-10-18,2021-10-29,0.48964635972996234,0.4924815605359537,0.4070483487944265,synthetic_fallback_fast,train,2,High
1,MSFT,2021-10-15,2021-10-18,2021-10-29,0.4374447904248094,0.5750531053124824,0.4753257118175352,synthetic_fallback_fast,train,2,High
0,AAPL,2021-10-18,2021-10-19,2021-11-01,0.43857814638052267,0.5159522102171925,0.4290905938459735,synthetic_fallback_fast,train,2,High
1,MSFT,2021-10-18,2021-10-19,2021-11-01,0.39366253692646763,0.5780850276467596,0.4858047173871825,synthetic_fallback_fast,train,2,High
0,AAPL,2021-10-19,2021-10-20,2021-11-02,0.437908467636252,0.5366570591903826,0.45336156007005224,synthetic_fallback_fast,train,2,High
1,MSFT,2021-10-19,2021-10-20,2021-11-02,0.3520941163817051,0.5910449592127507,0.49032346831296963,synthetic_fallback_fast,train,2,High
0,AAPL,2021-10-20,2021-10-21,2021-11-03,0.4335645773280294,0.5325815607608532,0.44468832731601105,synthetic_fallback_fast,train,2,High
1,MSFT,2021-10-20,2021-10-21,2021-11-03,0.36872210245850834,0.5903324476466487,0.47575726455956574,synthetic_fallback_fast,train,2,High
0,AAPL,2021-10-21,2021-10-22,2021-11-04,0.3381808661682828,0.5552256730388598,0.48044212903273825,synthetic_fallback_fast,train,2,High
1,MSFT,2021-10-21,2021-10-22,2021-11-04,0.45017186486780975,0.5922409258803453,0.47905363417146646,synthetic_fallback_fast,train,2,High
0,AAPL,2021-10-22,2021-10-25,2021-11-05,0.3204848489754471,0.5322523864049269,0.4733549732311916,synthetic_fallback_fast,train,2,High
1,MSFT,2021-10-22,2021-10-25,2021-11-05,0.44964897618696714,0.5866921547440982,0.4654348173634785,synthetic_fallback_fast,train,2,High
0,AAPL,2021-10-25,2021-10-26,2021-11-08,0.32072946229546645,0.5275418079740668,0.45992273896606345,synthetic_fallback_fast,train,2,High
1,MSFT,2021-10-25,2021-10-26,2021-11-08,0.45648280426273813,0.5760298085201541,0.45159982021289113,synthetic_fallback_fast,train,2,High
0,AAPL,2021-10-26,2021-10-27,2021-11-09,0.2703878188736628,0.5022677897744836,0.4661665016730206,synthetic_fallback_fast,train,2,High
1,MSFT,2021-10-26,2021-10-27,2021-11-09,0.4611223755984151,0.45696242252626407,0.4383421262706794,synthetic_fallback_fast,train,2,High
0,AAPL,2021-10-27,2021-10-28,2021-11-10,0.30607501734523285,0.48211779284794076,0.4523519531024673,synthetic_fallback_fast,train,2,High
1,MSFT,2021-10-27,2021-10-28,2021-11-10,0.4696951888917496,0.4547594665987084,0.42749935074833145,synthetic_fallback_fast,train,2,High
0,AAPL,2021-10-28,2021-10-29,2021-11-11,0.31056020618081726,0.4355832553635054,0.4466894589311421,synthetic_fallback_fast,train,2,High
1,MSFT,2021-10-28,2021-10-29,2021-11-11,0.4918124317829878,0.4524558739911631,0.41649069390385335,synthetic_fallback_fast,train,2,High
0,AAPL,2021-10-29,2021-11-01,2021-11-12,0.3154600228694752,0.4328967566676087,0.4342946499582662,synthetic_fallback_fast,train,2,High
1,MSFT,2021-10-29,2021-11-01,2021-11-12,0.3949932744226022,0.493165980112664,0.4637695285879907,synthetic_fallback_fast,train,2,High
0,AAPL,2021-11-01,2021-11-02,2021-11-15,0.3169436680170368,0.4304326520966336,0.4212798007422982,synthetic_fallback_fast,train,2,High
1,MSFT,2021-11-01,2021-11-02,2021-11-15,0.39273033166302096,0.4350759333434761,0.45162175954731343,synthetic_fallback_fast,train,2,High
0,AAPL,2021-11-02,2021-11-03,2021-11-16,0.2179369657731378,0.45894944398394466,0.44626276180240987,synthetic_fallback_fast,train,1,Medium
1,MSFT,2021-11-02,2021-11-03,2021-11-16,0.39311192905624937,0.4234096198974747,0.43804334318733823,synthetic_fallback_fast,train,2,High
0,AAPL,2021-11-03,2021-11-04,2021-11-17,0.21407279155651396,0.4414967514418237,0.43537770836771766,synthetic_fallback_fast,train,1,Medium
1,MSFT,2021-11-03,2021-11-04,2021-11-17,0.3825817809010502,0.41703634845300924,0.43357023278523954,synthetic_fallback_fast,train,2,High
0,AAPL,2021-11-04,2021-11-05,2021-11-18,0.214309818788171,0.4406682034851832,0.4227784279907564,synthetic_fallback_fast,train,1,Medium
1,MSFT,2021-11-04,2021-11-05,2021-11-18,0.22877253956048485,0.465914099745897,0.4834548434265734,synthetic_fallback_fast,train,1,Medium
0,AAPL,2021-11-05,2021-11-08,2021-11-19,0.21424834364338372,0.434284887824945,0.4101094246438703,synthetic_fallback_fast,train,1,Medium
1,MSFT,2021-11-05,2021-11-08,2021-11-19,0.23132938831257768,0.4509595710162151,0.4694273311688227,synthetic_fallback_fast,train,1,Medium
0,AAPL,2021-11-08,2021-11-09,2021-11-22,0.2142979284089582,0.43451688775802166,0.39886094880674544,synthetic_fallback_fast,train,1,Medium
1,MSFT,2021-11-08,2021-11-09,2021-11-22,0.22068785693377785,0.4449850943067351,0.4596159548499527,synthetic_fallback_fast,train,1,Medium
0,AAPL,2021-11-09,2021-11-10,2021-11-23,0.2182986962050183,0.39286119752696064,0.3873451338134849,synthetic_fallback_fast,train,1,Medium
1,MSFT,2021-11-09,2021-11-10,2021-11-23,0.21079463221473518,0.41405874414998456,0.4489468885448615,synthetic_fallback_fast,train,1,Medium
0,AAPL,2021-11-10,2021-11-11,2021-11-24,0.16313059989171388,0.40347327752006834,0.39242396828010206,synthetic_fallback_fast,train,1,Medium
1,MSFT,2021-11-10,2021-11-11,2021-11-24,0.18440772086594867,0.4202816688802643,0.4434329413904745,synthetic_fallback_fast,train,1,Medium
0,AAPL,2021-11-11,2021-11-12,2021-11-25,0.11075518667012034,0.4117432199246201,0.39180814787600604,synthetic_fallback_fast,train,0,Low
1,MSFT,2021-11-11,2021-11-12,2021-11-25,0.13950867046237875,0.42114487215874236,0.44654165274425917,synthetic_fallback_fast,train,0,Low
0,AAPL,2021-11-12,2021-11-15,2021-11-26,0.0878722793993572,0.4118668374763945,0.38370166751865664,synthetic_fallback_fast,train,0,Low
1,MSFT,2021-11-12,2021-11-15,2021-11-26,0.13938671333365105,0.41675990180732025,0.4332650576131013,synthetic_fallback_fast,train,0,Low
0,AAPL,2021-11-15,2021-11-16,2021-11-29,0.10630701282539554,0.38262519466095585,0.37291793663821515,synthetic_fallback_fast,train,0,Low
1,MSFT,2021-11-15,2021-11-16,2021-11-29,0.13903660984409158,0.39319671055816896,0.4208957240561572,synthetic_fallback_fast,train,0,Low
0,AAPL,2021-11-16,2021-11-17,2021-11-30,0.10554739559589468,0.3458759510850185,0.3621737381004639,synthetic_fallback_fast,train,0,Low
1,MSFT,2021-11-16,2021-11-17,2021-11-30,0.14111843900907092,0.37316702396978985,0.40856506476796,synthetic_fallback_fast,train,0,Low
0,AAPL,2021-11-17,2021-11-18,2021-12-01,0.11767881910584771,0.3419103704177686,0.3530608764222019,synthetic_fallback_fast,train,0,Low
1,MSFT,2021-11-17,2021-11-18,2021-12-01,0.16471803081041564,0.37571585534739016,0.39952569306679003,synthetic_fallback_fast,train,1,Medium
0,AAPL,2021-11-18,2021-11-19,2021-12-02,0.14528916452613785,0.28310333508398366,0.3431918780441103,synthetic_fallback_fast,train,1,Medium
1,MSFT,2021-11-18,2021-11-19,2021-12-02,0.17415781171333947,0.3570655281426052,0.3877233459465083,synthetic_fallback_fast,train,1,Medium
0,AAPL,2021-11-19,2021-11-22,2021-12-03,0.14915985282164,0.2725920864375455,0.3329658894775964,synthetic_fallback_fast,train,1,Medium
1,MSFT,2021-11-19,2021-11-22,2021-12-03,0.18482180699569786,0.3575594270069376,0.37775800400329723,synthetic_fallback_fast,train,1,Medium
0,AAPL,2021-11-22,2021-11-23,2021-12-06,0.14680629440072582,0.2727553758450143,0.3243712439083454,synthetic_fallback_fast,train,1,Medium
1,MSFT,2021-11-22,2021-11-23,2021-12-06,0.18211993846541433,0.35852453248389904,0.36787412297421934,synthetic_fallback_fast,train,1,Medium
0,AAPL,2021-11-23,2021-11-24,2021-12-07,0.14073444365976925,0.2457273828453674,0.3169643266206839,synthetic_fallback_fast,train,1,Medium
1,MSFT,2021-11-23,2021-11-24,2021-12-07,0.19268081035177084,0.35851654232968894,0.3572242949442839,synthetic_fallback_fast,train,1,Medium
0,AAPL,2021-11-24,2021-11-25,2021-12-08,0.14050384538893257,0.24524835255707123,0.3077064310124414,synthetic_fallback_fast,train,0,Low
1,MSFT,2021-11-24,2021-11-25,2021-12-08,0.1956780173315704,0.35680511346043653,0.34758047101415723,synthetic_fallback_fast,train,1,Medium
0,AAPL,2021-11-25,2021-11-26,2021-12-09,0.1404374967782098,0.23314625563946434,0.2986963764435962,synthetic_fallback_fast,train,0,Low
1,MSFT,2021-11-25,2021-11-26,2021-12-09,0.17036015918069483,0.3614845343790496,0.3455525665462403,synthetic_fallback_fast,train,1,Medium
0,AAPL,2021-11-26,2021-11-29,2021-12-10,0.25285307076741337,0.23155621727309386,0.28980468296400164,synthetic_fallback_fast,train,2,High
1,MSFT,2021-11-26,2021-11-29,2021-12-10,0.179893447435902,0.2961826655064797,0.3353981607673298,synthetic_fallback_fast,train,1,Medium
0,AAPL,2021-11-29,2021-11-30,2021-12-13,0.25314446863408085,0.23638366025589885,0.2860444718831353,synthetic_fallback_fast,train,2,High
1,MSFT,2021-11-29,2021-11-30,2021-12-13,0.18930645501323676,0.2945914902751644,0.3261073043361333,synthetic_fallback_fast,train,1,Medium
0,AAPL,2021-11-30,2021-12-01,2021-12-14,0.25337749057659636,0.1712261279236877,0.27797410620017216,synthetic_fallback_fast,train,2,High
1,MSFT,2021-11-30,2021-12-01,2021-12-14,0.19041987605419225,0.29533997578611204,0.3173984624209297,synthetic_fallback_fast,train,1,Medium
0,AAPL,2021-12-01,2021-12-02,2021-12-15,0.2635150812718108,0.17273601904487887,0.27497136918088766,synthetic_fallback_fast,train,2,High
1,MSFT,2021-12-01,2021-12-02,2021-12-15,0.16719026657237956,0.29453424991966576,0.318869740968152,synthetic_fallback_fast,train,1,Medium
0,AAPL,2021-12-02,2021-12-03,2021-12-16,0.25139868401764914,0.18308145694979852,0.2757522485614815,synthetic_fallback_fast,train,2,High
1,MSFT,2021-12-02,2021-12-03,2021-12-16,0.15887094668342275,0.20330742514445038,0.3127121674445271,synthetic_fallback_fast,train,1,Medium
0,AAPL,2021-12-03,2021-12-06,2021-12-17,0.25008306023650945,0.18459552330393436,0.26904686646178094,synthetic_fallback_fast,train,2,High
1,MSFT,2021-12-03,2021-12-06,2021-12-17,0.15619146827835292,0.20937094621535524,0.30922013437950724,synthetic_fallback_fast,train,1,Medium
0,AAPL,2021-12-06,2021-12-07,2021-12-20,0.24939596240245343,0.18367864627664746,0.26202938941561393,synthetic_fallback_fast,train,2,High
1,MSFT,2021-12-06,2021-12-07,2021-12-20,0.16976714192369,0.20232498879855387,0.3007766725443271,synthetic_fallback_fast,train,1,Medium
0,AAPL,2021-12-07,2021-12-08,2021-12-21,0.25860299086333793,0.18365797613639823,0.2548530149489295,synthetic_fallback_fast,train,2,High
1,MSFT,2021-12-07,2021-12-08,2021-12-21,0.15648019846804173,0.20194092161862656,0.29650903865221345,synthetic_fallback_fast,train,1,Medium
0,AAPL,2021-12-08,2021-12-09,2021-12-22,0.2592733852613965,0.15223817390869399,0.24742152151010113,synthetic_fallback_fast,train,2,High
1,MSFT,2021-12-08,2021-12-09,2021-12-22,0.20988757900728605,0.1901263974068146,0.2902380970830947,synthetic_fallback_fast,train,1,Medium
0,AAPL,2021-12-09,2021-12-10,2021-12-23,0.2596048651261639,0.12647015828973826,0.24009900668206496,synthetic_fallback_fast,train,2,High
1,MSFT,2021-12-09,2021-12-10,2021-12-23,0.2551394327285854,0.15570043829458585,0.2817375589488811,synthetic_fallback_fast,train,2,High
0,AAPL,2021-12-10,2021-12-13,2021-12-24,0.15406573296369264,0.18928313829201646,0.28478104436442453,synthetic_fallback_fast,train,1,Medium
1,MSFT,2021-12-10,2021-12-13,2021-12-24,0.25487587036564524,0.16091971334229227,0.277318489808687,synthetic_fallback_fast,train,2,High
0,AAPL,2021-12-13,2021-12-14,2021-12-27,0.13833238412378018,0.19414337868684828,0.28157366645254706,synthetic_fallback_fast,train,0,Low
1,MSFT,2021-12-13,2021-12-14,2021-12-27,0.25442781611542015,0.16608448570925696,0.2728917591902069,synthetic_fallback_fast,train,2,High
0,AAPL,2021-12-14,2021-12-15,2021-12-28,0.1942076117856808,0.19408813133209546,0.27349108835839436,synthetic_fallback_fast,train,1,Medium
1,MSFT,2021-12-14,2021-12-15,2021-12-28,0.2692077072555761,0.16759197926042105,0.2665300253926041,synthetic_fallback_fast,train,2,High
0,AAPL,2021-12-15,2021-12-16,2021-12-29,0.16765276818214514,0.20406923154145,0.2759935288525469,synthetic_fallback_fast,train,1,Medium
1,MSFT,2021-12-15,2021-12-16,2021-12-29,0.27088568887158987,0.16595875227086454,0.26231582218533295,synthetic_fallback_fast,train,2,High
0,AAPL,2021-12-16,2021-12-17,2021-12-30,0.1808431513306918,0.20531712015137576,0.26903930944723753,synthetic_fallback_fast,train,1,Medium
1,MSFT,2021-12-16,2021-12-17,2021-12-30,0.2712426488419484,0.16668971336118188,0.25464560722897833,synthetic_fallback_fast,train,2,High
0,AAPL,2021-12-17,2021-12-20,2021-12-31,0.19687686416528716,0.20590070265911056,0.2595890347181282,synthetic_fallback_fast,train,1,Medium
1,MSFT,2021-12-17,2021-12-20,2021-12-31,0.26485497373071293,0.1711065093795422,0.25278176539181585,synthetic_fallback_fast,train,2,High
0,AAPL,2021-12-20,2021-12-21,2022-01-03,0.19705315435131354,0.20463434968049543,0.25205722324171675,synthetic_fallback_fast,train,1,Medium
1,MSFT,2021-12-20,2021-12-21,2022-01-03,0.2567170559315144,0.1760519162968478,0.25074724899110357,synthetic_fallback_fast,train,2,High
0,AAPL,2021-12-21,2021-12-22,2022-01-04,0.2734069532403926,0.20818464222378222,0.2479376618085776,synthetic_fallback_fast,train,2,High
1,MSFT,2021-12-21,2021-12-22,2022-01-04,0.28976094998850727,0.17551630578156097,0.23397079286821196,synthetic_fallback_fast,train,2,High
0,AAPL,2021-12-22,2021-12-23,2022-01-05,0.2888456618461682,0.2085234026122507,0.2396564047692665,synthetic_fallback_fast,train,2,High
1,MSFT,2021-12-22,2021-12-23,2022-01-05,0.28592176383943685,0.20290722299656327,0.2542618131606513,synthetic_fallback_fast,train,2,High
0,AAPL,2021-12-23,2021-12-24,2022-01-06,0.30903727715249935,0.20870718303223706,0.2290407228821274,synthetic_fallback_fast,train,2,High
1,MSFT,2021-12-23,2021-12-24,2022-01-06,0.275743208805099,0.21693168736855392,0.2711976078454758,synthetic_fallback_fast,train,2,High
0,AAPL,2021-12-24,2021-12-27,2022-01-07,0.31863541338224927,0.20936920197363124,0.22288584669133732,synthetic_fallback_fast,train,2,High
1,MSFT,2021-12-24,2021-12-27,2022-01-07,0.2713117470930415,0.2205939275286367,0.2666556054530412,synthetic_fallback_fast,train,2,High
0,AAPL,2021-12-27,2021-12-28,2022-01-10,0.3185508849042954,0.20398280625753754,0.21634434157721932,synthetic_fallback_fast,train,2,High
1,MSFT,2021-12-27,2021-12-28,2022-01-10,0.2721063106541148,0.2242436705048112,0.2594775814816954,synthetic_fallback_fast,train,2,High
0,AAPL,2021-12-28,2021-12-29,2022-01-11,0.28725257919527475,0.22573961682255833,0.23568655141420553,synthetic_fallback_fast,train,2,High
1,MSFT,2021-12-28,2021-12-29,2022-01-11,0.25550246230730794,0.23316573380569655,0.2617885511887297,synthetic_fallback_fast,train,2,High
0,AAPL,2021-12-29,2021-12-30,2022-01-12,0.2872275970049557,0.22084796663861903,0.2276962725840686,synthetic_fallback_fast,train,2,High
1,MSFT,2021-12-29,2021-12-30,2022-01-12,0.2492182767992536,0.22509069468991733,0.2578563474189637,synthetic_fallback_fast,train,2,High
0,AAPL,2021-12-30,2021-12-31,2022-01-13,0.27871418336170317,0.21898121347392024,0.22942846922884969,synthetic_fallback_fast,train,2,High
1,MSFT,2021-12-30,2021-12-31,2022-01-13,0.24782994625013904,0.22227522607218678,0.25086614685155006,synthetic_fallback_fast,train,2,High
0,AAPL,2021-12-31,2022-01-03,2022-01-14,0.2674528388319968,0.22505781108507936,0.23100116110370406,synthetic_fallback_fast,train,2,High
1,MSFT,2021-12-31,2022-01-03,2022-01-14,0.2590875385330028,0.21742117177593856,0.2442723135450281,synthetic_fallback_fast,train,2,High
0,AAPL,2022-01-03,2022-01-04,2022-01-17,0.2667284555023876,0.22475352244453095,0.224779059061614,synthetic_fallback_fast,train,2,High
1,MSFT,2022-01-03,2022-01-04,2022-01-17,0.25765476701899864,0.2176287311949902,0.23738754822396352,synthetic_fallback_fast,train,2,High
0,AAPL,2022-01-04,2022-01-05,2022-01-18,0.18543658482403264,0.2661079376528046,0.2667609389892227,synthetic_fallback_fast,train,1,Medium
1,MSFT,2022-01-04,2022-01-05,2022-01-18,0.22027902444244138,0.23285989419696124,0.25084251937249996,synthetic_fallback_fast,train,1,Medium
0,AAPL,2022-01-05,2022-01-06,2022-01-19,0.15927728972163108,0.274458106705063,0.2690536373770288,synthetic_fallback_fast,train,1,Medium
1,MSFT,2022-01-05,2022-01-06,2022-01-19,0.1710589221542157,0.25080276200492135,0.26664328911604296,synthetic_fallback_fast,train,1,Medium
0,AAPL,2022-01-06,2022-01-07,2022-01-20,0.11486758275753543,0.2853933466875186,0.2748713928986466,synthetic_fallback_fast,train,0,Low
1,MSFT,2022-01-06,2022-01-07,2022-01-20,0.1271223529712901,0.2656411558241652,0.2753827569716856,synthetic_fallback_fast,train,0,Low
0,AAPL,2022-01-07,2022-01-10,2022-01-21,0.0916859643837075,0.25026463666978277,0.27396525870567795,synthetic_fallback_fast,train,0,Low
1,MSFT,2022-01-07,2022-01-10,2022-01-21,0.131941860340387,0.26322212426515723,0.26786572460217384,synthetic_fallback_fast,train,0,Low
0,AAPL,2022-01-10,2022-01-11,2022-01-24,0.0941312001531299,0.24557128778694662,0.26419006375347,synthetic_fallback_fast,train,0,Low
1,MSFT,2022-01-10,2022-01-11,2022-01-24,0.20792857430994022,0.26341541138575747,0.2636649787583413,synthetic_fallback_fast,train,1,Medium
0,AAPL,2022-01-11,2022-01-12,2022-01-25,0.10599778228093283,0.2451842579875748,0.254375221738791,synthetic_fallback_fast,train,0,Low
1,MSFT,2022-01-11,2022-01-12,2022-01-25,0.23633346532432165,0.2624445635661951,0.255096071656448,synthetic_fallback_fast,train,1,Medium
0,AAPL,2022-01-12,2022-01-13,2022-01-26,0.10503048817832174,0.2351671141554207,0.2467967757389909,synthetic_fallback_fast,train,0,Low
1,MSFT,2022-01-12,2022-01-13,2022-01-26,0.27578057087435826,0.26027754986381857,0.2484277731957719,synthetic_fallback_fast,train,2,High
0,AAPL,2022-01-13,2022-01-14,2022-01-27,0.15535048297242812,0.23493173624501712,0.23851839452913673,synthetic_fallback_fast,train,1,Medium
1,MSFT,2022-01-13,2022-01-14,2022-01-27,0.31157297432545433,0.2598001701396126,0.24005865078928038,synthetic_fallback_fast,train,2,High
0,AAPL,2022-01-14,2022-01-17,2022-01-28,0.1919738613121968,0.2348313444185539,0.23150704009529718,synthetic_fallback_fast,train,1,Medium
1,MSFT,2022-01-14,2022-01-17,2022-01-28,0.3021860344994552,0.2619871272915778,0.24202582096832953,synthetic_fallback_fast,train,2,High
0,AAPL,2022-01-17,2022-01-18,2022-01-31,0.22558291935138577,0.23449308584102407,0.22462912745405195,synthetic_fallback_fast,train,2,High
1,MSFT,2022-01-17,2022-01-18,2022-01-31,0.30666589543207035,0.2571863388418587,0.23490886609894424,synthetic_fallback_fast,train,2,High
0,AAPL,2022-01-18,2022-01-19,2022-02-01,0.22917066890351512,0.23360018094106313,0.2226654962837139,synthetic_fallback_fast,train,2,High
1,MSFT,2022-01-18,2022-01-19,2022-02-01,0.3406932507502124,0.25737546187190796,0.22823537391138385,synthetic_fallback_fast,train,2,High
0,AAPL,2022-01-19,2022-01-20,2022-02-02,0.23222703000519618,0.2332392241759728,0.21605618518017658,synthetic_fallback_fast,train,2,High
1,MSFT,2022-01-19,2022-01-20,2022-02-02,0.3403025689531109,0.235597548677418,0.22178543846965726,synthetic_fallback_fast,train,2,High
0,AAPL,2022-01-20,2022-01-21,2022-02-03,0.25314033891747695,0.23312936348558708,0.20926797047716192,synthetic_fallback_fast,train,2,High
1,MSFT,2022-01-20,2022-01-21,2022-02-03,0.34818933960932275,0.21470259642944436,0.21827849918381634,synthetic_fallback_fast,train,2,High
0,AAPL,2022-01-21,2022-01-24,2022-02-04,0.2549133663009698,0.23445131981527356,0.2056624646812779,synthetic_fallback_fast,train,2,High
1,MSFT,2022-01-21,2022-01-24,2022-02-04,0.36030000310359545,0.2133292275108602,0.21105308440830817,synthetic_fallback_fast,train,2,High
0,AAPL,2022-01-24,2022-01-25,2022-02-07,0.256052240587288,0.2348779993055738,0.20031302909788487,synthetic_fallback_fast,train,2,High
1,MSFT,2022-01-24,2022-01-25,2022-02-07,0.3159725217034867,0.24215298502430024,0.24532412996010836,synthetic_fallback_fast,train,2,High
0,AAPL,2022-01-25,2022-01-26,2022-02-08,0.25543630717488724,0.21650585916184073,0.1955192073855882,synthetic_fallback_fast,train,2,High
1,MSFT,2022-01-25,2022-01-26,2022-02-08,0.3011249139577081,0.24610466785221655,0.2539042805547235,synthetic_fallback_fast,train,2,High
0,AAPL,2022-01-26,2022-01-27,2022-02-09,0.2586541585361705,0.21625343457182114,0.1895455543465646,synthetic_fallback_fast,train,2,High
1,MSFT,2022-01-26,2022-01-27,2022-02-09,0.27590564577538695,0.26283518862832683,0.270382036831749,synthetic_fallback_fast,train,2,High
0,AAPL,2022-01-27,2022-01-28,2022-02-10,0.2741146729403416,0.22562731280448714,0.2064946118558126,synthetic_fallback_fast,train,2,High
1,MSFT,2022-01-27,2022-01-28,2022-02-10,0.2351206291344277,0.281511456772506,0.28244023267656265,synthetic_fallback_fast,train,1,Medium
0,AAPL,2022-01-28,2022-01-31,2022-02-11,0.2532179583213084,0.2327928096252208,0.21926828777114588,synthetic_fallback_fast,train,2,High
1,MSFT,2022-01-28,2022-01-31,2022-02-11,0.23289469707112642,0.28146292124327504,0.2755031218248314,synthetic_fallback_fast,train,1,Medium
0,AAPL,2022-01-31,2022-02-01,2022-02-14,0.22387205980911984,0.2470138887570727,0.2318073677649008,synthetic_fallback_fast,train,1,Medium
1,MSFT,2022-01-31,2022-02-01,2022-02-14,0.23532161507861535,0.28322248356086416,0.27014253490978457,synthetic_fallback_fast,train,1,Medium
0,AAPL,2022-02-01,2022-02-02,2022-02-15,0.21361206469264876,0.20845373884495957,0.23277711141273819,synthetic_fallback_fast,train,1,Medium
1,MSFT,2022-02-01,2022-02-02,2022-02-15,0.19483578041370292,0.2868751816697122,0.2863909578863648,synthetic_fallback_fast,train,1,Medium
0,AAPL,2022-02-02,2022-02-03,2022-02-16,0.21988660480491135,0.1991213806778452,0.22685389304909812,synthetic_fallback_fast,train,1,Medium
1,MSFT,2022-02-02,2022-02-03,2022-02-16,0.2109687912945746,0.2693204348769777,0.2774712480563559,synthetic_fallback_fast,train,1,Medium
0,AAPL,2022-02-03,2022-02-04,2022-02-17,0.19968821432885717,0.1965637209098036,0.23313791935944383,synthetic_fallback_fast,train,1,Medium
1,MSFT,2022-02-03,2022-02-04,2022-02-17,0.23968607087287772,0.26210294622774993,0.2768245841647915,synthetic_fallback_fast,train,2,High
0,AAPL,2022-02-04,2022-02-07,2022-02-18,0.2430092318599204,0.19155565820912585,0.22955120870407322,synthetic_fallback_fast,train,2,High
1,MSFT,2022-02-04,2022-02-07,2022-02-18,0.238019675371661,0.2713160027961243,0.28022627176601783,synthetic_fallback_fast,train,2,High
0,AAPL,2022-02-07,2022-02-08,2022-02-21,0.24460789366307834,0.19290338611859437,0.22410249207122185,synthetic_fallback_fast,train,2,High
1,MSFT,2022-02-07,2022-02-08,2022-02-21,0.24418593219722545,0.26746301285058527,0.27209722673316933,synthetic_fallback_fast,train,2,High
0,AAPL,2022-02-08,2022-02-09,2022-02-22,0.24031859535738415,0.19555464309448062,0.22029834921433952,synthetic_fallback_fast,train,2,High
1,MSFT,2022-02-08,2022-02-09,2022-02-22,0.24178037478132017,0.2706748239477025,0.26820739001582955,synthetic_fallback_fast,train,2,High
0,AAPL,2022-02-09,2022-02-10,2022-02-23,0.2434031113614917,0.19739981911723095,0.2159778378069318,synthetic_fallback_fast,train,2,High
1,MSFT,2022-02-09,2022-02-10,2022-02-23,0.22836096838023823,0.2758431154139253,0.2673264279355464,synthetic_fallback_fast,train,1,Medium
0,AAPL,2022-02-10,2022-02-11,2022-02-24,0.19575861712946108,0.22279208522853444,0.24020867364379894,synthetic_fallback_fast,train,1,Medium
1,MSFT,2022-02-10,2022-02-11,2022-02-24,0.22955315712757265,0.2760067286993012,0.2596011512184579,synthetic_fallback_fast,train,1,Medium
0,AAPL,2022-02-11,2022-02-14,2022-02-25,0.19183366396789236,0.22469234281960568,0.23574683985473416,synthetic_fallback_fast,train,1,Medium
1,MSFT,2022-02-11,2022-02-14,2022-02-25,0.2424016039799576,0.26977429396660246,0.25222058243970846,synthetic_fallback_fast,train,2,High
0,AAPL,2022-02-14,2022-02-15,2022-02-28,0.27669710635752254,0.22472911767978793,0.22873590942945482,synthetic_fallback_fast,train,2,High
1,MSFT,2022-02-14,2022-02-15,2022-02-28,0.26490232299198113,0.27333151478045986,0.2494008722427125,synthetic_fallback_fast,train,2,High
0,AAPL,2022-02-15,2022-02-16,2022-03-01,0.2752483996677522,0.22152800011278587,0.22384543394493617,synthetic_fallback_fast,train,2,High
1,MSFT,2022-02-15,2022-02-16,2022-03-01,0.25780331471378737,0.27751835293919186,0.24788175454999145,synthetic_fallback_fast,train,2,High
0,AAPL,2022-02-16,2022-02-17,2022-03-02,0.26778727026841903,0.22614100959099123,0.2228662555170203,synthetic_fallback_fast,train,2,High
1,MSFT,2022-02-16,2022-02-17,2022-03-02,0.24483292194514958,0.28311982387001844,0.24858238053379886,synthetic_fallback_fast,train,2,High
0,AAPL,2022-02-17,2022-02-18,2022-03-03,0.2650573397550992,0.22798619928528863,0.2186744555417282,synthetic_fallback_fast,train,2,High
1,MSFT,2022-02-17,2022-02-18,2022-03-03,0.2058223311270522,0.29890234926147236,0.2653587388574758,synthetic_fallback_fast,train,1,Medium
0,AAPL,2022-02-18,2022-02-21,2022-03-04,0.2278947454135826,0.2490324387384513,0.24129144854545118,synthetic_fallback_fast,train,2,High
1,MSFT,2022-02-18,2022-02-21,2022-03-04,0.26702731309668376,0.30534362454493935,0.26870536878469836,synthetic_fallback_fast,train,2,High
0,AAPL,2022-02-21,2022-02-22,2022-03-07,0.2240346002195184,0.25039545877677,0.2362839108192454,synthetic_fallback_fast,train,1,Medium
1,MSFT,2022-02-21,2022-02-22,2022-03-07,0.27538511573746327,0.2823697965033516,0.26438516434656895,synthetic_fallback_fast,train,2,High
0,AAPL,2022-02-22,2022-02-23,2022-03-08,0.24300427237394245,0.24799267559515692,0.22925262482331502,synthetic_fallback_fast,train,2,High
1,MSFT,2022-02-22,2022-02-23,2022-03-08,0.29595959310259656,0.2730695547250121,0.2594794194127049,synthetic_fallback_fast,train,2,High
0,AAPL,2022-02-23,2022-02-24,2022-03-09,0.2667058179957466,0.25114442891343336,0.22651616427899185,synthetic_fallback_fast,train,2,High
1,MSFT,2022-02-23,2022-02-24,2022-03-09,0.2965853818029774,0.25325151258214973,0.25136942849669547,synthetic_fallback_fast,train,2,High
0,AAPL,2022-02-24,2022-02-25,2022-03-10,0.28555261862182774,0.2381809082416445,0.22205773880755064,synthetic_fallback_fast,train,2,High
1,MSFT,2022-02-24,2022-02-25,2022-03-10,0.3007341350655522,0.23235356914818972,0.24473602649300988,synthetic_fallback_fast,train,2,High
0,AAPL,2022-02-25,2022-02-28,2022-03-11,0.29613132888369553,0.22463246542714846,0.21622666544516253,synthetic_fallback_fast,train,2,High
1,MSFT,2022-02-25,2022-02-28,2022-03-11,0.30129199721327493,0.23769568521105716,0.24521826298584312,synthetic_fallback_fast,train,2,High
0,AAPL,2022-02-28,2022-03-01,2022-03-14,0.2192467706469305,0.2516743807281586,0.26092213475821363,synthetic_fallback_fast,train,1,Medium
1,MSFT,2022-02-28,2022-03-01,2022-03-14,0.28222593144548397,0.2505489006658739,0.2566259592236687,synthetic_fallback_fast,train,2,High
0,AAPL,2022-03-01,2022-03-02,2022-03-15,0.23140868541809667,0.24636537469976885,0.2539501511867395,synthetic_fallback_fast,train,2,High
1,MSFT,2022-03-01,2022-03-02,2022-03-15,0.3330756900346084,0.22849893917350333,0.2501657546010085,synthetic_fallback_fast,train,2,High
0,AAPL,2022-03-02,2022-03-03,2022-03-16,0.23133521550376387,0.2450103478329462,0.24649887434132542,synthetic_fallback_fast,train,2,High
1,MSFT,2022-03-02,2022-03-03,2022-03-16,0.3329951799768814,0.22852898127862634,0.2427435541777385,synthetic_fallback_fast,train,2,High
0,AAPL,2022-03-03,2022-03-04,2022-03-17,0.23357138103855452,0.23466015458519762,0.239553618164856,synthetic_fallback_fast,train,2,High
1,MSFT,2022-03-03,2022-03-04,2022-03-17,0.337178064390253,0.22339678216242517,0.23939652724188082,synthetic_fallback_fast,train,2,High
0,AAPL,2022-03-04,2022-03-07,2022-03-18,0.2609855765886926,0.23557323888365395,0.2352736086385565,synthetic_fallback_fast,train,2,High
1,MSFT,2022-03-04,2022-03-07,2022-03-18,0.27392341449965607,0.25293966850186356,0.27803201956889956,synthetic_fallback_fast,train,2,High
0,AAPL,2022-03-07,2022-03-08,2022-03-21,0.26157033444189204,0.2345469289266087,0.22821663511506418,synthetic_fallback_fast,train,2,High
1,MSFT,2022-03-07,2022-03-08,2022-03-21,0.2632892766657354,0.26025346438881847,0.27814988708896293,synthetic_fallback_fast,train,2,High
0,AAPL,2022-03-08,2022-03-09,2022-03-22,0.2441365373017558,0.24166516470784047,0.23318905232464013,synthetic_fallback_fast,train,2,High
1,MSFT,2022-03-08,2022-03-09,2022-03-22,0.2346108574742589,0.2702312254152452,0.2853790173694432,synthetic_fallback_fast,train,1,Medium
0,AAPL,2022-03-09,2022-03-10,2022-03-23,0.2648968596748199,0.2553204535218781,0.24539093080817248,synthetic_fallback_fast,train,2,High
1,MSFT,2022-03-09,2022-03-10,2022-03-23,0.2538372728425132,0.26468058162507696,0.27725881806681835,synthetic_fallback_fast,train,2,High
0,AAPL,2022-03-10,2022-03-11,2022-03-24,0.24152279825420736,0.2448078166462643,0.2531422985232093,synthetic_fallback_fast,train,2,High
1,MSFT,2022-03-10,2022-03-11,2022-03-24,0.24744688983450175,0.26752165514296394,0.2725749681108478,synthetic_fallback_fast,train,2,High
0,AAPL,2022-03-11,2022-03-14,2022-03-25,0.2426158573168926,0.24949340530139236,0.25372837869190323,synthetic_fallback_fast,train,2,High
1,MSFT,2022-03-11,2022-03-14,2022-03-25,0.23633436843091205,0.2734368347505693,0.2719410712101165,synthetic_fallback_fast,train,1,Medium
0,AAPL,2022-03-14,2022-03-15,2022-03-28,0.29520007251971114,0.24963016154476794,0.24639116287263824,synthetic_fallback_fast,train,2,High
1,MSFT,2022-03-14,2022-03-15,2022-03-28,0.2762125544361669,0.2737012213224659,0.2684099704460306,synthetic_fallback_fast,train,2,High
0,AAPL,2022-03-15,2022-03-16,2022-03-29,0.29545489896768773,0.2542751081079215,0.24654725566382138,synthetic_fallback_fast,train,2,High
1,MSFT,2022-03-15,2022-03-16,2022-03-29,0.20954569608068788,0.2978271011589162,0.2956603358855768,synthetic_fallback_fast,train,1,Medium
0,AAPL,2022-03-16,2022-03-17,2022-03-30,0.29571658399262885,0.25022590198656913,0.23926944717285784,synthetic_fallback_fast,train,2,High
1,MSFT,2022-03-16,2022-03-17,2022-03-30,0.21170574765697053,0.2922575487100678,0.28611314922321124,synthetic_fallback_fast,train,1,Medium
0,AAPL,2022-03-17,2022-03-18,2022-03-31,0.29344453665840603,0.2498109118896808,0.233891866480666,synthetic_fallback_fast,train,2,High
1,MSFT,2022-03-17,2022-03-18,2022-03-31,0.1978696305343025,0.27933123625592926,0.2832077597365877,synthetic_fallback_fast,train,1,Medium
0,AAPL,2022-03-18,2022-03-21,2022-04-01,0.2672894521864898,0.2449994756876573,0.24865906407799537,synthetic_fallback_fast,train,2,High
1,MSFT,2022-03-18,2022-03-21,2022-04-01,0.19861484859113504,0.2704973409765656,0.2747753351553871,synthetic_fallback_fast,train,1,Medium
0,AAPL,2022-03-21,2022-03-22,2022-04-04,0.2713658754509662,0.2435267356529491,0.24176699932040585,synthetic_fallback_fast,train,2,High
1,MSFT,2022-03-21,2022-03-22,2022-04-04,0.19858552406078928,0.2694050901309236,0.2687637569885202,synthetic_fallback_fast,train,1,Medium
0,AAPL,2022-03-22,2022-03-23,2022-04-05,0.27246487053543694,0.2435710627698627,0.23389829266280004,synthetic_fallback_fast,train,2,High
1,MSFT,2022-03-22,2022-03-23,2022-04-05,0.19856873826405655,0.2670527430998056,0.26052136837929196,synthetic_fallback_fast,train,1,Medium
0,AAPL,2022-03-23,2022-03-24,2022-04-06,0.22008802082196177,0.2658028777293067,0.2590101224289909,synthetic_fallback_fast,train,1,Medium
1,MSFT,2022-03-23,2022-03-24,2022-04-06,0.17213671626161958,0.2760400784155648,0.26411326395312473,synthetic_fallback_fast,train,1,Medium
0,AAPL,2022-03-24,2022-03-25,2022-04-07,0.220146004897547,0.26445562962274555,0.2516301172761296,synthetic_fallback_fast,train,1,Medium
1,MSFT,2022-03-24,2022-03-25,2022-04-07,0.17538707692440572,0.2753824461384511,0.2562773360399229,synthetic_fallback_fast,train,1,Medium
0,AAPL,2022-03-25,2022-03-28,2022-04-08,0.2053495977451734,0.270699296423203,0.2527126919686049,synthetic_fallback_fast,train,1,Medium
1,MSFT,2022-03-25,2022-03-28,2022-04-08,0.18497213418656402,0.27076816770662143,0.25026483164027785,synthetic_fallback_fast,train,1,Medium
0,AAPL,2022-03-28,2022-03-29,2022-04-11,0.11710303848336871,0.26001175863290343,0.27803663501546894,synthetic_fallback_fast,train,0,Low
1,MSFT,2022-03-28,2022-03-29,2022-04-11,0.11629136564497486,0.2792354307823628,0.2716671910351132,synthetic_fallback_fast,train,0,Low
0,AAPL,2022-03-29,2022-03-30,2022-04-12,0.08717566688514974,0.2653710393118833,0.2753628641883661,synthetic_fallback_fast,train,0,Low
1,MSFT,2022-03-29,2022-03-30,2022-04-12,0.12500074373280254,0.2782524160164387,0.26298696411080175,synthetic_fallback_fast,train,0,Low
0,AAPL,2022-03-30,2022-03-31,2022-04-13,0.09043001436149214,0.2654847264725811,0.2670644074365527,synthetic_fallback_fast,train,0,Low
1,MSFT,2022-03-30,2022-03-31,2022-04-13,0.13695807880591285,0.27902071023387537,0.2555753693899125,synthetic_fallback_fast,train,0,Low
0,AAPL,2022-03-31,2022-04-01,2022-04-14,0.10571928999332046,0.26520302235732934,0.25865390002919864,synthetic_fallback_fast,train,0,Low
1,MSFT,2022-03-31,2022-04-01,2022-04-14,0.15964359498295508,0.276442975850119,0.2476281770263144,synthetic_fallback_fast,train,1,Medium
0,AAPL,2022-04-01,2022-04-04,2022-04-15,0.11319506144645944,0.2641563196645938,0.2536196024841382,synthetic_fallback_fast,train,0,Low
1,MSFT,2022-04-01,2022-04-04,2022-04-15,0.1676064951862428,0.23925080469251286,0.24076506956244903,synthetic_fallback_fast,train,1,Medium
0,AAPL,2022-04-04,2022-04-05,2022-04-18,0.10474112214634239,0.26651311245350817,0.2492239568756065,synthetic_fallback_fast,train,0,Low
1,MSFT,2022-04-04,2022-04-05,2022-04-18,0.16150442051413635,0.23319246726005582,0.2360482623992178,synthetic_fallback_fast,train,1,Medium
0,AAPL,2022-04-05,2022-04-06,2022-04-19,0.10621128649578439,0.2586887652388329,0.2426065072314048,synthetic_fallback_fast,train,0,Low
1,MSFT,2022-04-05,2022-04-06,2022-04-19,0.16329602000735563,0.2173382136907663,0.2291103041771477,synthetic_fallback_fast,train,1,Medium
0,AAPL,2022-04-06,2022-04-07,2022-04-20,0.10662335543057246,0.24352523809136242,0.23538009442589272,synthetic_fallback_fast,train,0,Low
1,MSFT,2022-04-06,2022-04-07,2022-04-20,0.1688469441199712,0.21686909665678256,0.22233380669704764,synthetic_fallback_fast,train,1,Medium
0,AAPL,2022-04-07,2022-04-08,2022-04-21,0.10464863764140696,0.23108172315102435,0.2289777125086694,synthetic_fallback_fast,train,0,Low
1,MSFT,2022-04-07,2022-04-08,2022-04-21,0.16567199087757906,0.2144651370746018,0.21739338385297624,synthetic_fallback_fast,train,1,Medium
0,AAPL,2022-04-08,2022-04-11,2022-04-22,0.11894917624961862,0.2247564365215325,0.22347751315175815,synthetic_fallback_fast,train,0,Low
1,MSFT,2022-04-08,2022-04-11,2022-04-22,0.15298245564618057,0.21221289325482834,0.21748235552227643,synthetic_fallback_fast,train,0,Low
0,AAPL,2022-04-11,2022-04-12,2022-04-25,0.13353813311191956,0.22456202310016724,0.21688075674947238,synthetic_fallback_fast,train,0,Low
1,MSFT,2022-04-11,2022-04-12,2022-04-25,0.1567585919712001,0.2119163242316713,0.2166314029725135,synthetic_fallback_fast,train,1,Medium
0,AAPL,2022-04-12,2022-04-13,2022-04-26,0.1401429012727152,0.2178223980917449,0.21057780201782478,synthetic_fallback_fast,train,0,Low
1,MSFT,2022-04-12,2022-04-13,2022-04-26,0.1505947280766526,0.1725320038133415,0.21323088487601652,synthetic_fallback_fast,train,0,Low
0,AAPL,2022-04-13,2022-04-14,2022-04-27,0.137775521001756,0.21866170851990663,0.2055216956308976,synthetic_fallback_fast,train,0,Low
1,MSFT,2022-04-13,2022-04-14,2022-04-27,0.15019121621551157,0.1782930718525029,0.21275933068305833,synthetic_fallback_fast,train,0,Low
0,AAPL,2022-04-14,2022-04-15,2022-04-28,0.13640786293417873,0.22055188093888298,0.20395098161148217,synthetic_fallback_fast,train,0,Low
1,MSFT,2022-04-14,2022-04-15,2022-04-28,0.13243830713144522,0.17977551016039867,0.21623373451768416,synthetic_fallback_fast,train,0,Low
0,AAPL,2022-04-15,2022-04-18,2022-04-29,0.12492744537182403,0.20525200752492231,0.2039995731236307,synthetic_fallback_fast,train,0,Low
1,MSFT,2022-04-15,2022-04-18,2022-04-29,0.12297134123019662,0.18376587728614843,0.21411389875161402,synthetic_fallback_fast,train,0,Low
0,AAPL,2022-04-18,2022-04-19,2022-05-02,0.12342126072348227,0.20568196448369547,0.19911633793572586,synthetic_fallback_fast,train,0,Low
1,MSFT,2022-04-18,2022-04-19,2022-05-02,0.12294466268085462,0.18099708314238835,0.2065416943741868,synthetic_fallback_fast,train,0,Low
0,AAPL,2022-04-19,2022-04-20,2022-05-03,0.11950244425465309,0.20678242557696,0.1946373398113168,synthetic_fallback_fast,train,0,Low
1,MSFT,2022-04-19,2022-04-20,2022-05-03,0.12629221370312696,0.18178989791242814,0.20083095807300183,synthetic_fallback_fast,train,0,Low
0,AAPL,2022-04-20,2022-04-21,2022-05-04,0.11913923445597718,0.17292668509024636,0.18906401125741992,synthetic_fallback_fast,train,0,Low
1,MSFT,2022-04-20,2022-04-21,2022-05-04,0.11896795540044075,0.1704997648443921,0.19685398101747445,synthetic_fallback_fast,train,0,Low
0,AAPL,2022-04-21,2022-04-22,2022-05-05,0.11983296726781699,0.17235950921337828,0.18289912409328013,synthetic_fallback_fast,train,0,Low
1,MSFT,2022-04-21,2022-04-22,2022-05-05,0.1195855038072864,0.17059870356105883,0.19017300834322362,synthetic_fallback_fast,train,0,Low
0,AAPL,2022-04-22,2022-04-25,2022-05-06,0.12074393360955632,0.16780548832586997,0.18380303750605093,synthetic_fallback_fast,train,0,Low
1,MSFT,2022-04-22,2022-04-25,2022-05-06,0.12855477310473745,0.16973261643106174,0.18578321097858078,synthetic_fallback_fast,train,0,Low
0,AAPL,2022-04-25,2022-04-26,2022-05-09,0.10447677669876772,0.1255897181640561,0.1838242274665452,synthetic_fallback_fast,train,0,Low
1,MSFT,2022-04-25,2022-04-26,2022-05-09,0.12014486720163413,0.13801619086246084,0.18849833590603401,synthetic_fallback_fast,train,0,Low
0,AAPL,2022-04-26,2022-04-27,2022-05-10,0.10015624755192415,0.11670396238775396,0.1815084634262165,synthetic_fallback_fast,train,0,Low
1,MSFT,2022-04-26,2022-04-27,2022-05-10,0.12465918430592396,0.13839067536910626,0.18221922486727996,synthetic_fallback_fast,train,0,Low
0,AAPL,2022-04-27,2022-04-28,2022-05-11,0.09973963548092497,0.11653257416860958,0.17634087010498287,synthetic_fallback_fast,train,0,Low
1,MSFT,2022-04-27,2022-04-28,2022-05-11,0.10824250250349929,0.14372702734437454,0.18348466483249556,synthetic_fallback_fast,train,0,Low
0,AAPL,2022-04-28,2022-04-29,2022-05-12,0.11666809267916273,0.12203211328777656,0.17519266806029477,synthetic_fallback_fast,train,0,Low
1,MSFT,2022-04-28,2022-04-29,2022-05-12,0.09949304711497652,0.1466730762868987,0.18083308462946257,synthetic_fallback_fast,train,0,Low
0,AAPL,2022-04-29,2022-05-02,2022-05-13,0.13263199248492,0.11920568053368473,0.17183840646692333,synthetic_fallback_fast,train,0,Low
1,MSFT,2022-04-29,2022-05-02,2022-05-13,0.10003904935088967,0.14699300662373277,0.17602164902121098,synthetic_fallback_fast,train,0,Low
0,AAPL,2022-05-02,2022-05-03,2022-05-16,0.14326974520842795,0.11446289850219765,0.16742872426482808,synthetic_fallback_fast,train,1,Medium
1,MSFT,2022-05-02,2022-05-03,2022-05-16,0.09993851815706505,0.14352537742036445,0.1708904695128707,synthetic_fallback_fast,train,0,Low
0,AAPL,2022-05-03,2022-05-04,2022-05-17,0.14434718784223177,0.11305235858204388,0.16241713875609043,synthetic_fallback_fast,train,1,Medium
1,MSFT,2022-05-03,2022-05-04,2022-05-17,0.09431450141223648,0.14597142424508808,0.1682961926607175,synthetic_fallback_fast,train,0,Low
0,AAPL,2022-05-04,2022-05-05,2022-05-18,0.1457078092262002,0.11305462642021884,0.15759662888271575,synthetic_fallback_fast,train,1,Medium
1,MSFT,2022-05-04,2022-05-05,2022-05-18,0.09624323687690693,0.14605249903855452,0.16316384286908484,synthetic_fallback_fast,train,0,Low
0,AAPL,2022-05-05,2022-05-06,2022-05-19,0.20089693271349876,0.11249728308810883,0.1520461934903366,synthetic_fallback_fast,train,1,Medium
1,MSFT,2022-05-05,2022-05-06,2022-05-19,0.15844500265101769,0.1444782012661134,0.15887916250834275,synthetic_fallback_fast,train,1,Medium
0,AAPL,2022-05-06,2022-05-09,2022-05-20,0.19232181263369771,0.11984991454726153,0.15623625625348136,synthetic_fallback_fast,train,1,Medium
1,MSFT,2022-05-06,2022-05-09,2022-05-20,0.18351411669305923,0.14129749011137127,0.16003572213790704,synthetic_fallback_fast,train,1,Medium
0,AAPL,2022-05-09,2022-05-10,2022-05-23,0.1968787718457781,0.1198912629518534,0.15175320767220446,synthetic_fallback_fast,train,1,Medium
1,MSFT,2022-05-09,2022-05-10,2022-05-23,0.17717132522468007,0.13965680304176287,0.1608790078074041,synthetic_fallback_fast,train,1,Medium
0,AAPL,2022-05-10,2022-05-11,2022-05-24,0.19683339412165615,0.12180169682893648,0.14957306934165351,synthetic_fallback_fast,train,1,Medium
1,MSFT,2022-05-10,2022-05-11,2022-05-24,0.17752399275133224,0.13823654429328602,0.158443601290771,synthetic_fallback_fast,train,1,Medium
0,AAPL,2022-05-11,2022-05-12,2022-05-25,0.20280290461294323,0.1202707135448466,0.14507724510848405,synthetic_fallback_fast,train,1,Medium
1,MSFT,2022-05-11,2022-05-12,2022-05-25,0.1974036344274197,0.13090806082230877,0.1536679838624402,synthetic_fallback_fast,train,1,Medium
0,AAPL,2022-05-12,2022-05-13,2022-05-26,0.222306256379671,0.1269223166343559,0.15365898362917046,synthetic_fallback_fast,train,1,Medium
1,MSFT,2022-05-12,2022-05-13,2022-05-26,0.2372310602046682,0.11712978190892774,0.14803258853940057,synthetic_fallback_fast,train,2,High
0,AAPL,2022-05-13,2022-05-16,2022-05-27,0.2126761187628013,0.12883732385774307,0.1578242072965412,synthetic_fallback_fast,train,1,Medium
1,MSFT,2022-05-13,2022-05-16,2022-05-27,0.28553669802686465,0.11209318034337147,0.1445948462603597,synthetic_fallback_fast,train,2,High
0,AAPL,2022-05-16,2022-05-17,2022-05-30,0.20919097865355119,0.13371429895613568,0.1594843374430694,synthetic_fallback_fast,train,1,Medium
1,MSFT,2022-05-16,2022-05-17,2022-05-30,0.2995222066667218,0.11203369469302338,0.14018268825388824,synthetic_fallback_fast,train,2,High
0,AAPL,2022-05-17,2022-05-18,2022-05-31,0.21281561062882648,0.1325083861889447,0.15543251305926759,synthetic_fallback_fast,train,1,Medium
1,MSFT,2022-05-17,2022-05-18,2022-05-31,0.31427905021857283,0.11145615375266418,0.13676322010639977,synthetic_fallback_fast,train,2,High
0,AAPL,2022-05-18,2022-05-19,2022-06-01,0.2563802749252149,0.1330881716311691,0.15146864005812036,synthetic_fallback_fast,train,2,High
1,MSFT,2022-05-18,2022-05-19,2022-06-01,0.3234927055512738,0.1082038240006001,0.13380861592631174,synthetic_fallback_fast,train,2,High
0,AAPL,2022-05-19,2022-05-20,2022-06-02,0.2452849494244494,0.16540785594690136,0.18249249290336486,synthetic_fallback_fast,train,2,High
1,MSFT,2022-05-19,2022-05-20,2022-06-02,0.3026827255032023,0.1403665052388274,0.16309737244961228,synthetic_fallback_fast,train,2,High
0,AAPL,2022-05-20,2022-05-23,2022-06-03,0.30103309878299506,0.16057206655925566,0.17879618943863776,synthetic_fallback_fast,train,2,High
1,MSFT,2022-05-20,2022-05-23,2022-06-03,0.3390631860721033,0.15843572941992015,0.17873049352875753,synthetic_fallback_fast,train,2,High
0,AAPL,2022-05-23,2022-05-24,2022-06-06,0.307573266742001,0.15760178881101905,0.17447794253330703,synthetic_fallback_fast,train,2,High
1,MSFT,2022-05-23,2022-05-24,2022-06-06,0.34184690841865967,0.15136787571470978,0.17386883017985144,synthetic_fallback_fast,train,2,High
0,AAPL,2022-05-24,2022-05-25,2022-06-07,0.30594576954149555,0.15616443091359428,0.17125848048494405,synthetic_fallback_fast,train,2,High
1,MSFT,2022-05-24,2022-05-25,2022-06-07,0.3412156321606643,0.15338624487579286,0.1712478357463536,synthetic_fallback_fast,train,2,High
0,AAPL,2022-05-25,2022-05-26,2022-06-08,0.3059114575539987,0.15980771728129142,0.1705755491495419,synthetic_fallback_fast,train,2,High
1,MSFT,2022-05-25,2022-05-26,2022-06-08,0.33858282635845766,0.15919270434503965,0.17943601799755987,synthetic_fallback_fast,train,2,High
0,AAPL,2022-05-26,2022-05-27,2022-06-09,0.2824269662634389,0.1775267803388234,0.19030150466056164,synthetic_fallback_fast,train,2,High
1,MSFT,2022-05-26,2022-05-27,2022-06-09,0.3150919568551389,0.1819030543312204,0.20189152417770947,synthetic_fallback_fast,train,2,High
0,AAPL,2022-05-27,2022-05-30,2022-06-10,0.28288555079045324,0.17723201872479058,0.1859156722382159,synthetic_fallback_fast,train,2,High
1,MSFT,2022-05-27,2022-05-30,2022-06-10,0.2708311177652544,0.21393809538639283,0.2309366617738335,synthetic_fallback_fast,train,2,High
0,AAPL,2022-05-30,2022-05-31,2022-06-13,0.2845935368939018,0.17928620337621964,0.18346246004260328,synthetic_fallback_fast,train,2,High
1,MSFT,2022-05-30,2022-05-31,2022-06-13,0.2553829488459838,0.22327254611565256,0.23448581451800612,synthetic_fallback_fast,train,2,High
0,AAPL,2022-05-31,2022-06-01,2022-06-14,0.2836558254903257,0.1818331580945577,0.18069529615855207,synthetic_fallback_fast,train,2,High
1,MSFT,2022-05-31,2022-06-01,2022-06-14,0.2362878808169131,0.2320199846811983,0.23906854062423408,synthetic_fallback_fast,train,1,Medium
0,AAPL,2022-06-01,2022-06-02,2022-06-15,0.25127800908943165,0.20852051582545486,0.20748529366278518,synthetic_fallback_fast,train,2,High
1,MSFT,2022-06-01,2022-06-02,2022-06-15,0.22254103008058435,0.23865277202394647,0.23996960793988992,synthetic_fallback_fast,train,1,Medium
0,AAPL,2022-06-02,2022-06-03,2022-06-16,0.22587845196259965,0.22419219878025054,0.22053057506870213,synthetic_fallback_fast,train,2,High
1,MSFT,2022-06-02,2022-06-03,2022-06-16,0.2155764759951635,0.2415798534471862,0.23660510772366058,synthetic_fallback_fast,train,1,Medium
0,AAPL,2022-06-03,2022-06-06,2022-06-17,0.15198038407874348,0.2525951367085316,0.25428366500305205,synthetic_fallback_fast,train,1,Medium
1,MSFT,2022-06-03,2022-06-06,2022-06-17,0.13269234146850267,0.2726181167631743,0.27138362814815953,synthetic_fallback_fast,train,0,Low
0,AAPL,2022-06-06,2022-06-07,2022-06-20,0.22172296154782498,0.2582271918464901,0.2536478129756829,synthetic_fallback_fast,train,1,Medium
1,MSFT,2022-06-06,2022-06-07,2022-06-20,0.1425385056065022,0.27225813787402653,0.266093700279626,synthetic_fallback_fast,train,0,Low
0,AAPL,2022-06-07,2022-06-08,2022-06-21,0.22811641551203116,0.25724132535596717,0.24595704161564072,synthetic_fallback_fast,train,2,High
1,MSFT,2022-06-07,2022-06-08,2022-06-21,0.13895013001473233,0.2719769067707558,0.25814500394387907,synthetic_fallback_fast,train,0,Low
0,AAPL,2022-06-08,2022-06-09,2022-06-22,0.22943293120343686,0.2595292256974718,0.24162715156350234,synthetic_fallback_fast,train,2,High
1,MSFT,2022-06-08,2022-06-09,2022-06-22,0.11937330572984613,0.27713401558635475,0.2572601229066938,synthetic_fallback_fast,train,0,Low
0,AAPL,2022-06-09,2022-06-10,2022-06-23,0.23655542087217624,0.2541506078079626,0.23533401948068552,synthetic_fallback_fast,train,2,High
1,MSFT,2022-06-09,2022-06-10,2022-06-23,0.11344373387191134,0.2788920196067213,0.2517627628138609,synthetic_fallback_fast,train,0,Low
0,AAPL,2022-06-10,2022-06-13,2022-06-24,0.2356145122818072,0.2502552360471477,0.22910622540314154,synthetic_fallback_fast,train,2,High
1,MSFT,2022-06-10,2022-06-13,2022-06-24,0.1135201011522778,0.2782810631987577,0.24424895067848099,synthetic_fallback_fast,train,0,Low
0,AAPL,2022-06-13,2022-06-14,2022-06-27,0.2368750567485696,0.2497542259820753,0.2260422264325164,synthetic_fallback_fast,train,2,High
1,MSFT,2022-06-13,2022-06-14,2022-06-27,0.13782690786492713,0.2783289446390483,0.23693195054926725,synthetic_fallback_fast,train,0,Low
0,AAPL,2022-06-14,2022-06-15,2022-06-28,0.23808505997646165,0.25074998650241076,0.22109530208287198,synthetic_fallback_fast,train,2,High
1,MSFT,2022-06-14,2022-06-15,2022-06-28,0.1377334069830069,0.27803172842972074,0.22988923182177792,synthetic_fallback_fast,train,0,Low
0,AAPL,2022-06-15,2022-06-16,2022-06-29,0.25916402427671886,0.2538419618804949,0.21829667726075938,synthetic_fallback_fast,train,2,High
1,MSFT,2022-06-15,2022-06-16,2022-06-29,0.16954100414694107,0.2776436930800074,0.22260303015348487,synthetic_fallback_fast,train,1,Medium
0,AAPL,2022-06-16,2022-06-17,2022-06-30,0.26119228212612844,0.2357814469749212,0.21414985698667174,synthetic_fallback_fast,train,2,High
1,MSFT,2022-06-16,2022-06-17,2022-06-30,0.2581053848311204,0.2627641997309948,0.21597360659694229,synthetic_fallback_fast,train,2,High
0,AAPL,2022-06-17,2022-06-20,2022-07-01,0.27847592644760766,0.2384522632599813,0.21252684562433882,synthetic_fallback_fast,train,2,High
1,MSFT,2022-06-17,2022-06-20,2022-07-01,0.2460759144205964,0.2574598042741424,0.21801983932469074,synthetic_fallback_fast,train,2,High
0,AAPL,2022-06-20,2022-06-21,2022-07-04,0.21746399546987838,0.2681066822105376,0.24743219895167476,synthetic_fallback_fast,train,1,Medium
1,MSFT,2022-06-20,2022-06-21,2022-07-04,0.23539853894989257,0.2618936180741432,0.21790131547598857,synthetic_fallback_fast,train,1,Medium
0,AAPL,2022-06-21,2022-06-22,2022-07-05,0.2268055661727283,0.26985173051733014,0.24350950882461855,synthetic_fallback_fast,train,2,High
1,MSFT,2022-06-21,2022-06-22,2022-07-05,0.24925404945819504,0.26051415149844814,0.21138717867207094,synthetic_fallback_fast,train,2,High
0,AAPL,2022-06-22,2022-06-23,2022-07-06,0.2200728820887888,0.27038980175240795,0.24002513897543354,synthetic_fallback_fast,train,1,Medium
1,MSFT,2022-06-22,2022-06-23,2022-07-06,0.25137121005755014,0.25385853976747835,0.20607449610074316,synthetic_fallback_fast,train,2,High
0,AAPL,2022-06-23,2022-06-24,2022-07-07,0.21070435263269682,0.2605028391561041,0.2380707322863586,synthetic_fallback_fast,train,1,Medium
1,MSFT,2022-06-23,2022-06-24,2022-07-07,0.2580435667928913,0.23680416173454572,0.20087258634439714,synthetic_fallback_fast,train,2,High
0,AAPL,2022-06-24,2022-06-27,2022-07-08,0.2108750662406536,0.26032521318901475,0.23173616917297166,synthetic_fallback_fast,train,1,Medium
1,MSFT,2022-06-24,2022-06-27,2022-07-08,0.25904897360972245,0.2076491123453222,0.19494182582580183,synthetic_fallback_fast,train,2,High
0,AAPL,2022-06-27,2022-06-28,2022-07-11,0.20278812599621074,0.261823675162712,0.22923828158380893,synthetic_fallback_fast,train,1,Medium
1,MSFT,2022-06-27,2022-06-28,2022-07-11,0.254478586780702,0.20520320062425623,0.19861256123312596,synthetic_fallback_fast,train,2,High
0,AAPL,2022-06-28,2022-06-29,2022-07-12,0.21472073113187556,0.2618636316086996,0.22490368769484048,synthetic_fallback_fast,train,1,Medium
1,MSFT,2022-06-28,2022-06-29,2022-07-12,0.26285524505243874,0.1933939683910726,0.19271483277692394,synthetic_fallback_fast,train,2,High
0,AAPL,2022-06-29,2022-06-30,2022-07-13,0.2208781799209015,0.2552514733858085,0.23676580214532988,synthetic_fallback_fast,train,1,Medium
1,MSFT,2022-06-29,2022-06-30,2022-07-13,0.24954146370125607,0.1978239901484153,0.20219560879615858,synthetic_fallback_fast,train,2,High
0,AAPL,2022-06-30,2022-07-01,2022-07-14,0.23434838751633683,0.24417461303673188,0.23324601083233754,synthetic_fallback_fast,train,2,High
1,MSFT,2022-06-30,2022-07-01,2022-07-14,0.17255370085402466,0.23779361501238222,0.24764225800924772,synthetic_fallback_fast,train,1,Medium
0,AAPL,2022-07-01,2022-07-04,2022-07-15,0.2117430871399033,0.22432886434381974,0.2428055260288874,synthetic_fallback_fast,train,1,Medium
1,MSFT,2022-07-01,2022-07-04,2022-07-15,0.1886996053761894,0.19768739608574745,0.24006110217839294,synthetic_fallback_fast,train,1,Medium
0,AAPL,2022-07-04,2022-07-05,2022-07-18,0.21599122998075193,0.21960380347715014,0.23757826068189972,synthetic_fallback_fast,train,1,Medium
1,MSFT,2022-07-04,2022-07-05,2022-07-18,0.18967959005818147,0.1945889227580529,0.23297404982396835,synthetic_fallback_fast,train,1,Medium
0,AAPL,2022-07-05,2022-07-06,2022-07-19,0.20519162268637076,0.22746193513749668,0.23964521853130852,synthetic_fallback_fast,train,1,Medium
1,MSFT,2022-07-05,2022-07-06,2022-07-19,0.17196050236368882,0.20178543034919463,0.2347426817819528,synthetic_fallback_fast,train,1,Medium
0,AAPL,2022-07-06,2022-07-07,2022-07-20,0.2060744709704733,0.2248016273867551,0.232465799271245,synthetic_fallback_fast,train,1,Medium
1,MSFT,2022-07-06,2022-07-07,2022-07-20,0.19592687065653838,0.19677076938238097,0.22988487897048424,synthetic_fallback_fast,train,1,Medium
0,AAPL,2022-07-07,2022-07-08,2022-07-21,0.2061376592300296,0.22400311533813128,0.225474757014978,synthetic_fallback_fast,train,1,Medium
1,MSFT,2022-07-07,2022-07-08,2022-07-21,0.18558124747687627,0.199318793792756,0.22807992384922804,synthetic_fallback_fast,train,1,Medium
0,AAPL,2022-07-08,2022-07-11,2022-07-22,0.20953966335418445,0.22358722230909564,0.21962249922280866,synthetic_fallback_fast,train,1,Medium
1,MSFT,2022-07-08,2022-07-11,2022-07-22,0.18450865477067807,0.19999147993586383,0.22192082087563894,synthetic_fallback_fast,train,1,Medium
0,AAPL,2022-07-11,2022-07-12,2022-07-25,0.21488418117147404,0.22049128843867402,0.2131457598715446,synthetic_fallback_fast,train,1,Medium
1,MSFT,2022-07-11,2022-07-12,2022-07-25,0.17550316171274236,0.20464067003104536,0.2205672879676496,synthetic_fallback_fast,train,1,Medium
0,AAPL,2022-07-12,2022-07-13,2022-07-26,0.20996169089178074,0.2267040892460947,0.2165603512522788,synthetic_fallback_fast,train,1,Medium
1,MSFT,2022-07-12,2022-07-13,2022-07-26,0.16753888782743978,0.20983728368753277,0.22002179375566874,synthetic_fallback_fast,train,1,Medium
0,AAPL,2022-07-13,2022-07-14,2022-07-27,0.17328043477347438,0.24078326545305623,0.23287254236751134,synthetic_fallback_fast,train,1,Medium
1,MSFT,2022-07-13,2022-07-14,2022-07-27,0.16705649645648432,0.21332498001091946,0.21752731047591778,synthetic_fallback_fast,train,1,Medium
0,AAPL,2022-07-14,2022-07-15,2022-07-28,0.15149367422872473,0.2481336081365866,0.23750190762954526,synthetic_fallback_fast,train,1,Medium
1,MSFT,2022-07-14,2022-07-15,2022-07-28,0.15091815254281044,0.2195372056819083,0.21859637787155972,synthetic_fallback_fast,train,0,Low
0,AAPL,2022-07-15,2022-07-18,2022-07-29,0.14614766539302976,0.24737014428017592,0.23388137402703882,synthetic_fallback_fast,train,1,Medium
1,MSFT,2022-07-15,2022-07-18,2022-07-29,0.13173675112010086,0.21927254356971176,0.22022019413781777,synthetic_fallback_fast,train,0,Low
0,AAPL,2022-07-18,2022-07-19,2022-08-01,0.13981999830419484,0.21672886373799105,0.23126357396414368,synthetic_fallback_fast,train,0,Low
1,MSFT,2022-07-18,2022-07-19,2022-08-01,0.13243084396249133,0.21376484629656003,0.21417653263540076,synthetic_fallback_fast,train,0,Low
0,AAPL,2022-07-19,2022-07-20,2022-08-02,0.14540529053157913,0.2162687759104372,0.22776221781770026,synthetic_fallback_fast,train,1,Medium
1,MSFT,2022-07-19,2022-07-20,2022-08-02,0.1382959948176535,0.21412379076655702,0.2082507785992732,synthetic_fallback_fast,train,0,Low
0,AAPL,2022-07-20,2022-07-21,2022-08-03,0.14412553971607897,0.21318860313889482,0.22148604236525044,synthetic_fallback_fast,train,1,Medium
1,MSFT,2022-07-20,2022-07-21,2022-08-03,0.09253469608724864,0.22536062643134996,0.2172111588342935,synthetic_fallback_fast,train,0,Low
0,AAPL,2022-07-21,2022-07-22,2022-08-04,0.15817313374931777,0.20843351310573796,0.21489227663643543,synthetic_fallback_fast,train,1,Medium
1,MSFT,2022-07-21,2022-07-22,2022-08-04,0.09458189743328226,0.22475195413863586,0.21079414448947348,synthetic_fallback_fast,train,0,Low
0,AAPL,2022-07-22,2022-07-25,2022-08-05,0.15125068381396842,0.2102084252362224,0.21159444859906118,synthetic_fallback_fast,train,1,Medium
1,MSFT,2022-07-22,2022-07-25,2022-08-05,0.12145806791463816,0.22488865513130704,0.2047571513592493,synthetic_fallback_fast,train,0,Low
0,AAPL,2022-07-25,2022-07-26,2022-08-08,0.14392059197288537,0.2089237125876212,0.20870915054231667,synthetic_fallback_fast,train,1,Medium
1,MSFT,2022-07-25,2022-07-26,2022-08-08,0.12220033041705465,0.2185871804350295,0.19956269223163187,synthetic_fallback_fast,train,0,Low
0,AAPL,2022-07-26,2022-07-27,2022-08-09,0.15032192030269656,0.2123545431818482,0.20953568669655775,synthetic_fallback_fast,train,1,Medium
1,MSFT,2022-07-26,2022-07-27,2022-08-09,0.13754603936451273,0.22041115986495904,0.19605378980155927,synthetic_fallback_fast,train,0,Low
0,AAPL,2022-07-27,2022-07-28,2022-08-10,0.14238607852197321,0.1985110569218431,0.20719231461021362,synthetic_fallback_fast,train,1,Medium
1,MSFT,2022-07-27,2022-07-28,2022-08-10,0.132074661782318,0.21234266541898808,0.19465710254309676,synthetic_fallback_fast,train,0,Low
0,AAPL,2022-07-28,2022-07-29,2022-08-11,0.1431101433570559,0.19731890439441702,0.20373702815550135,synthetic_fallback_fast,train,1,Medium
1,MSFT,2022-07-28,2022-07-29,2022-08-11,0.1311043381551896,0.16209729862856326,0.18930804534265552,synthetic_fallback_fast,train,0,Low
0,AAPL,2022-07-29,2022-08-01,2022-08-12,0.1435232502928197,0.18192618702563093,0.19932994034635995,synthetic_fallback_fast,train,1,Medium
1,MSFT,2022-07-29,2022-08-01,2022-08-12,0.12954902330658247,0.1627300105463172,0.1842563639376112,synthetic_fallback_fast,train,0,Low
0,AAPL,2022-08-01,2022-08-02,2022-08-15,0.13941498505644195,0.18193658696697473,0.1959346670522901,synthetic_fallback_fast,train,0,Low
1,MSFT,2022-08-01,2022-08-02,2022-08-15,0.14559024180641852,0.16357914799456788,0.17991183612761102,synthetic_fallback_fast,train,0,Low
0,AAPL,2022-08-02,2022-08-03,2022-08-16,0.12956291170425932,0.17782899163977578,0.19664509942554756,synthetic_fallback_fast,train,0,Low
1,MSFT,2022-08-02,2022-08-03,2022-08-16,0.15437257554423314,0.15603877171359795,0.17780011114194075,synthetic_fallback_fast,train,0,Low
0,AAPL,2022-08-03,2022-08-04,2022-08-17,0.12981701560768175,0.17781852938348622,0.19084698583421977,synthetic_fallback_fast,train,0,Low
1,MSFT,2022-08-03,2022-08-04,2022-08-17,0.154394471371956,0.15321554853412137,0.1726227367097066,synthetic_fallback_fast,train,0,Low
0,AAPL,2022-08-04,2022-08-05,2022-08-18,0.11506553951955989,0.18372734526046386,0.1918448154139617,synthetic_fallback_fast,train,0,Low
1,MSFT,2022-08-04,2022-08-05,2022-08-18,0.16317542848636354,0.14728566586255692,0.16839067412512734,synthetic_fallback_fast,train,1,Medium
0,AAPL,2022-08-05,2022-08-08,2022-08-19,0.1154637454480634,0.18273428779621245,0.18599285757953374,synthetic_fallback_fast,train,0,Low
1,MSFT,2022-08-05,2022-08-08,2022-08-19,0.14395480725063942,0.15619780079572523,0.1740969914663235,synthetic_fallback_fast,train,0,Low
0,AAPL,2022-08-08,2022-08-09,2022-08-22,0.12428530280265367,0.18287748373099494,0.1806386444242299,synthetic_fallback_fast,train,0,Low
1,MSFT,2022-08-08,2022-08-09,2022-08-22,0.15512869570077914,0.15121884889987477,0.17034737011592785,synthetic_fallback_fast,train,1,Medium
0,AAPL,2022-08-09,2022-08-10,2022-08-23,0.10695619784977808,0.18259325201883275,0.18645114486438716,synthetic_fallback_fast,train,0,Low
1,MSFT,2022-08-09,2022-08-10,2022-08-23,0.13792332884107977,0.15327783903637138,0.17528710051271867,synthetic_fallback_fast,train,0,Low
0,AAPL,2022-08-10,2022-08-11,2022-08-24,0.14857492940077482,0.15858736461671502,0.18145226308697063,synthetic_fallback_fast,train,1,Medium
1,MSFT,2022-08-10,2022-08-11,2022-08-24,0.1366462988823775,0.150584842021415,0.17245372349753776,synthetic_fallback_fast,train,0,Low
0,AAPL,2022-08-11,2022-08-12,2022-08-25,0.18333053478639721,0.14736153918678382,0.17852039120435745,synthetic_fallback_fast,train,1,Medium
1,MSFT,2022-08-11,2022-08-12,2022-08-25,0.16028013158678264,0.14135882754544427,0.16655350023636128,synthetic_fallback_fast,train,1,Medium
0,AAPL,2022-08-12,2022-08-15,2022-08-26,0.18039159448123046,0.1448414020134581,0.17550405441219089,synthetic_fallback_fast,train,1,Medium
1,MSFT,2022-08-12,2022-08-15,2022-08-26,0.1652223381094363,0.13064746655670145,0.1609840231697234,synthetic_fallback_fast,train,1,Medium
0,AAPL,2022-08-15,2022-08-16,2022-08-29,0.1792425727288873,0.13961763854197107,0.171044740175559,synthetic_fallback_fast,train,1,Medium
1,MSFT,2022-08-15,2022-08-16,2022-08-29,0.14952345997618322,0.13916617215018373,0.16584896698976495,synthetic_fallback_fast,train,0,Low
0,AAPL,2022-08-16,2022-08-17,2022-08-30,0.17521501230972997,0.13771210296095734,0.16875638115695749,synthetic_fallback_fast,train,1,Medium
1,MSFT,2022-08-16,2022-08-17,2022-08-30,0.13606603092024802,0.14655489460056326,0.16915405323036511,synthetic_fallback_fast,train,0,Low
0,AAPL,2022-08-17,2022-08-18,2022-08-31,0.17544343139191432,0.13715799054327119,0.1638076639435888,synthetic_fallback_fast,train,1,Medium
1,MSFT,2022-08-17,2022-08-18,2022-08-31,0.15844133348810718,0.1272798545925183,0.16386426003871218,synthetic_fallback_fast,train,1,Medium
0,AAPL,2022-08-18,2022-08-19,2022-09-01,0.17574571498665326,0.13830910784363942,0.15951073943476574,synthetic_fallback_fast,train,1,Medium
1,MSFT,2022-08-18,2022-08-19,2022-09-01,0.14866528098616866,0.13336408021612917,0.16419892936605315,synthetic_fallback_fast,train,0,Low
0,AAPL,2022-08-19,2022-08-22,2022-09-02,0.17864413426356798,0.13455230556755285,0.15504565026337427,synthetic_fallback_fast,train,1,Medium
1,MSFT,2022-08-19,2022-08-22,2022-09-02,0.1582998337135876,0.1331822976076881,0.1580328236265479,synthetic_fallback_fast,train,1,Medium
0,AAPL,2022-08-22,2022-08-23,2022-09-05,0.17251382340047164,0.13446184084448096,0.15494335967303138,synthetic_fallback_fast,train,1,Medium
1,MSFT,2022-08-22,2022-08-23,2022-09-05,0.14840924934702968,0.13963852080257486,0.1608204874735883,synthetic_fallback_fast,train,0,Low
0,AAPL,2022-08-23,2022-08-24,2022-09-06,0.16524770882475243,0.13045364690565597,0.15555340539948959,synthetic_fallback_fast,train,1,Medium
1,MSFT,2022-08-23,2022-08-24,2022-09-06,0.14770617597458374,0.13773481328892256,0.1566195571290658,synthetic_fallback_fast,train,0,Low
0,AAPL,2022-08-24,2022-08-25,2022-09-07,0.1280126052679447,0.1455134100406398,0.17032110251004146,synthetic_fallback_fast,train,0,Low
1,MSFT,2022-08-24,2022-08-25,2022-09-07,0.15060155858083638,0.13437992276222988,0.1535667039232767,synthetic_fallback_fast,train,0,Low
0,AAPL,2022-08-25,2022-08-26,2022-09-08,0.05974033202373755,0.1644545501297296,0.1877526915187565,synthetic_fallback_fast,train,0,Low
1,MSFT,2022-08-25,2022-08-26,2022-09-08,0.12522301932720517,0.1464207431762772,0.1624960403679206,synthetic_fallback_fast,train,0,Low
0,AAPL,2022-08-26,2022-08-29,2022-09-09,0.0861468520266473,0.16300314526734763,0.1809429989739194,synthetic_fallback_fast,train,0,Low
1,MSFT,2022-08-26,2022-08-29,2022-09-09,0.11871986389382647,0.14846105625725275,0.15872775824341268,synthetic_fallback_fast,train,0,Low
0,AAPL,2022-08-29,2022-08-30,2022-09-12,0.08922584364401373,0.1605684245684038,0.17534148203189845,synthetic_fallback_fast,train,0,Low
1,MSFT,2022-08-29,2022-08-30,2022-09-12,0.11865483741696546,0.1475699556015734,0.15427405466810365,synthetic_fallback_fast,train,0,Low
0,AAPL,2022-08-30,2022-08-31,2022-09-13,0.09443011213507407,0.15408901425472313,0.17034305047485612,synthetic_fallback_fast,train,0,Low
1,MSFT,2022-08-30,2022-08-31,2022-09-13,0.11901217684042312,0.14550748580494038,0.15103246012406285,synthetic_fallback_fast,train,0,Low
0,AAPL,2022-08-31,2022-09-01,2022-09-14,0.09509468841408937,0.15432571911359177,0.16544887124497956,synthetic_fallback_fast,train,0,Low
1,MSFT,2022-08-31,2022-09-01,2022-09-14,0.08886460400569236,0.15643098949331513,0.1593055026021953,synthetic_fallback_fast,train,0,Low
0,AAPL,2022-09-01,2022-09-02,2022-09-15,0.0926562458509899,0.14853725916600416,0.16206327481451457,synthetic_fallback_fast,train,0,Low
1,MSFT,2022-09-01,2022-09-02,2022-09-15,0.09408516640591476,0.1560890550813939,0.15495347012168026,synthetic_fallback_fast,train,0,Low
0,AAPL,2022-09-02,2022-09-05,2022-09-16,0.08879548002948612,0.1504087816912212,0.15943312098148624,synthetic_fallback_fast,train,0,Low
1,MSFT,2022-09-02,2022-09-05,2022-09-16,0.08254552214158963,0.15129742873611277,0.15634202113973358,synthetic_fallback_fast,train,0,Low
0,AAPL,2022-09-05,2022-09-06,2022-09-19,0.09556270482930017,0.15034602714570883,0.15482350031236694,synthetic_fallback_fast,train,0,Low
1,MSFT,2022-09-05,2022-09-06,2022-09-19,0.07602173760120215,0.15180615521376886,0.1538254792331079,synthetic_fallback_fast,train,0,Low
0,AAPL,2022-09-06,2022-09-07,2022-09-20,0.09462506316681388,0.13918770335469838,0.15058307749774338,synthetic_fallback_fast,train,0,Low
1,MSFT,2022-09-06,2022-09-07,2022-09-20,0.07807507991691844,0.14289849379828906,0.14998253570251865,synthetic_fallback_fast,train,0,Low
0,AAPL,2022-09-07,2022-09-08,2022-09-21,0.10197342819619674,0.13867540653254248,0.14595711475652426,synthetic_fallback_fast,train,0,Low
1,MSFT,2022-09-07,2022-09-08,2022-09-21,0.06534468201299523,0.14379332468030137,0.1493262544692008,synthetic_fallback_fast,train,0,Low
0,AAPL,2022-09-08,2022-09-09,2022-09-22,0.09873846101014368,0.13634330246728807,0.1431099780226146,synthetic_fallback_fast,train,0,Low
1,MSFT,2022-09-08,2022-09-09,2022-09-22,0.07578872247334364,0.14382372048952488,0.14497836076190287,synthetic_fallback_fast,train,0,Low
0,AAPL,2022-09-09,2022-09-12,2022-09-23,0.07658700491331748,0.14135488579030753,0.1473047502974833,synthetic_fallback_fast,train,0,Low
1,MSFT,2022-09-09,2022-09-12,2022-09-23,0.07629504860572059,0.14386248137252042,0.14037211589774706,synthetic_fallback_fast,train,0,Low
0,AAPL,2022-09-12,2022-09-13,2022-09-26,0.09152978788227988,0.1415788668065549,0.1421419683059031,synthetic_fallback_fast,train,0,Low
1,MSFT,2022-09-12,2022-09-13,2022-09-26,0.08459230960202754,0.1349745078259146,0.13630567956277323,synthetic_fallback_fast,train,0,Low
0,AAPL,2022-09-13,2022-09-14,2022-09-27,0.10461816107241942,0.1407432886793212,0.14008594501052943,synthetic_fallback_fast,train,0,Low
1,MSFT,2022-09-13,2022-09-14,2022-09-27,0.11087554475100676,0.12782382995100333,0.1340575827053361,synthetic_fallback_fast,train,0,Low
0,AAPL,2022-09-14,2022-09-15,2022-09-28,0.10525423451909953,0.14110881861730343,0.1363840599813243,synthetic_fallback_fast,train,0,Low
1,MSFT,2022-09-14,2022-09-15,2022-09-28,0.11146046226110803,0.1284534429327959,0.1309157159304788,synthetic_fallback_fast,train,0,Low
0,AAPL,2022-09-15,2022-09-16,2022-09-29,0.12064878433769613,0.14048440524017078,0.13291854309183015,synthetic_fallback_fast,train,0,Low
1,MSFT,2022-09-15,2022-09-16,2022-09-29,0.12586073097490036,0.12440535420215071,0.1298696778471633,synthetic_fallback_fast,train,0,Low
0,AAPL,2022-09-16,2022-09-19,2022-09-30,0.118923384286595,0.14106446040808182,0.13002676388782092,synthetic_fallback_fast,train,0,Low
1,MSFT,2022-09-16,2022-09-19,2022-09-30,0.13198160164270448,0.1262390600792345,0.12842740696224814,synthetic_fallback_fast,train,0,Low
0,AAPL,2022-09-19,2022-09-20,2022-10-03,0.12577155831649844,0.13945115599832988,0.12921477230092349,synthetic_fallback_fast,train,0,Low
1,MSFT,2022-09-19,2022-09-20,2022-10-03,0.16027375513151942,0.11790803594254053,0.12428330347171698,synthetic_fallback_fast,train,1,Medium
0,AAPL,2022-09-20,2022-09-21,2022-10-04,0.1281090529993971,0.1346490026906135,0.12533317123769555,synthetic_fallback_fast,train,0,Low
1,MSFT,2022-09-20,2022-09-21,2022-10-04,0.16014239791657486,0.11813727719282321,0.12230890809489739,synthetic_fallback_fast,train,1,Medium
0,AAPL,2022-09-21,2022-09-22,2022-10-05,0.1597197490552352,0.1157277131148186,0.12421325947943765,synthetic_fallback_fast,train,1,Medium
1,MSFT,2022-09-21,2022-09-22,2022-10-05,0.17005901401909926,0.11608349778146021,0.11801292518262024,synthetic_fallback_fast,train,1,Medium
0,AAPL,2022-09-22,2022-09-23,2022-10-06,0.16090957831395603,0.08160328103991304,0.12052926591097204,synthetic_fallback_fast,train,1,Medium
1,MSFT,2022-09-22,2022-09-23,2022-10-06,0.1664815675726687,0.1035005676882091,0.11540354189815313,synthetic_fallback_fast,train,1,Medium
0,AAPL,2022-09-23,2022-09-26,2022-10-07,0.1642292470712681,0.08150720653934099,0.11655480815084052,synthetic_fallback_fast,train,1,Medium
1,MSFT,2022-09-23,2022-09-26,2022-10-07,0.1676668828923643,0.09978812686065901,0.1123027547275317,synthetic_fallback_fast,train,1,Medium
0,AAPL,2022-09-26,2022-09-27,2022-10-10,0.17276912603650696,0.09038515708832155,0.12096441100595527,synthetic_fallback_fast,train,1,Medium
1,MSFT,2022-09-26,2022-09-27,2022-10-10,0.17389917445453926,0.10304083968566004,0.113136253205248,synthetic_fallback_fast,train,1,Medium
0,AAPL,2022-09-27,2022-09-28,2022-10-11,0.16435454293031151,0.099654417122417,0.1259218571136186,synthetic_fallback_fast,train,1,Medium
1,MSFT,2022-09-27,2022-09-28,2022-10-11,0.16598990180268733,0.11501583512744809,0.12451724401374104,synthetic_fallback_fast,train,1,Medium
0,AAPL,2022-09-28,2022-09-29,2022-10-12,0.1754582121913473,0.10030317454790338,0.12321132197808465,synthetic_fallback_fast,train,1,Medium
1,MSFT,2022-09-28,2022-09-29,2022-10-12,0.16693845198755897,0.10079769960804763,0.121917060840914,synthetic_fallback_fast,train,1,Medium
0,AAPL,2022-09-29,2022-09-30,2022-10-13,0.1682621831764852,0.10756697694311901,0.1288977645611384,synthetic_fallback_fast,train,1,Medium
1,MSFT,2022-09-29,2022-09-30,2022-10-13,0.15810915020876945,0.11111467531151076,0.12925796638348175,synthetic_fallback_fast,train,1,Medium
0,AAPL,2022-09-30,2022-10-03,2022-10-14,0.16952536355714826,0.10494619717703929,0.12513000233632857,synthetic_fallback_fast,train,1,Medium
1,MSFT,2022-09-30,2022-10-03,2022-10-14,0.16304845018250497,0.11007476186165745,0.1314110725330778,synthetic_fallback_fast,train,1,Medium
0,AAPL,2022-10-03,2022-10-04,2022-10-17,0.16025688814200215,0.11169314087188235,0.12883544883540662,synthetic_fallback_fast,train,1,Medium
1,MSFT,2022-10-03,2022-10-04,2022-10-17,0.13603370012462526,0.12543321165437865,0.14561944707645608,synthetic_fallback_fast,train,0,Low
0,AAPL,2022-10-04,2022-10-05,2022-10-18,0.16113151304473905,0.11261845328303406,0.12602095958191933,synthetic_fallback_fast,train,1,Medium
1,MSFT,2022-10-04,2022-10-05,2022-10-18,0.13554079951170067,0.12597877939261004,0.14233291041047338,synthetic_fallback_fast,train,0,Low
0,AAPL,2022-10-05,2022-10-06,2022-10-19,0.13540063313358522,0.13399436237460174,0.1449538320260532,synthetic_fallback_fast,train,0,Low
1,MSFT,2022-10-05,2022-10-06,2022-10-19,0.12306843803583647,0.1288215737299612,0.14488688453134385,synthetic_fallback_fast,train,0,Low
0,AAPL,2022-10-06,2022-10-07,2022-10-20,0.13500447651663566,0.13349377527777617,0.1410058140432683,synthetic_fallback_fast,train,0,Low
1,MSFT,2022-10-06,2022-10-07,2022-10-20,0.13155297650855302,0.12934458395231427,0.14082680125240188,synthetic_fallback_fast,train,0,Low
0,AAPL,2022-10-07,2022-10-10,2022-10-21,0.1309007372553787,0.1281343336408867,0.13947519510466852,synthetic_fallback_fast,train,0,Low
1,MSFT,2022-10-07,2022-10-10,2022-10-21,0.1303855176006161,0.1302557447113007,0.1373717403370475,synthetic_fallback_fast,train,0,Low
0,AAPL,2022-10-10,2022-10-11,2022-10-24,0.10867766370114337,0.13825135258143692,0.14784462196055428,synthetic_fallback_fast,train,0,Low
1,MSFT,2022-10-10,2022-10-11,2022-10-24,0.11570438059443149,0.13674205958624353,0.14129188112790284,synthetic_fallback_fast,train,0,Low
0,AAPL,2022-10-11,2022-10-12,2022-10-25,0.10845663197512835,0.1377631580067877,0.1449468353319762,synthetic_fallback_fast,train,0,Low
1,MSFT,2022-10-11,2022-10-12,2022-10-25,0.10091435405902814,0.1411489176796944,0.14397646748125695,synthetic_fallback_fast,train,0,Low
0,AAPL,2022-10-12,2022-10-13,2022-10-26,0.08787726278300802,0.1446790207832246,0.1493213745460713,synthetic_fallback_fast,train,0,Low
1,MSFT,2022-10-12,2022-10-13,2022-10-26,0.0979510286869881,0.14193639667023822,0.14075042079164693,synthetic_fallback_fast,train,0,Low
0,AAPL,2022-10-13,2022-10-14,2022-10-27,0.08713059823369326,0.14640404955034708,0.1476753437207535,synthetic_fallback_fast,train,0,Low
1,MSFT,2022-10-13,2022-10-14,2022-10-27,0.09226864813378417,0.14289756292756617,0.14037736228772793,synthetic_fallback_fast,train,0,Low
0,AAPL,2022-10-14,2022-10-17,2022-10-28,0.08510170751322588,0.146426808029405,0.14410777171339792,synthetic_fallback_fast,train,0,Low
1,MSFT,2022-10-14,2022-10-17,2022-10-28,0.06713252340215926,0.1483306109322859,0.14511726855541993,synthetic_fallback_fast,train,0,Low
0,AAPL,2022-10-17,2022-10-18,2022-10-31,0.08549444568994492,0.14404991336047127,0.13967279534442079,synthetic_fallback_fast,train,0,Low
1,MSFT,2022-10-17,2022-10-18,2022-10-31,0.08624473191459707,0.14864865312802994,0.14122557484215495,synthetic_fallback_fast,train,0,Low
0,AAPL,2022-10-18,2022-10-19,2022-11-01,0.08505396036277933,0.14555977115344962,0.13715937710938006,synthetic_fallback_fast,train,0,Low
1,MSFT,2022-10-18,2022-10-19,2022-11-01,0.09018579181262744,0.14835244511423068,0.1379713280685634,synthetic_fallback_fast,train,0,Low
0,AAPL,2022-10-19,2022-10-20,2022-11-02,0.07206128934585375,0.14806034190701273,0.13939467987260176,synthetic_fallback_fast,train,0,Low
1,MSFT,2022-10-19,2022-10-20,2022-11-02,0.09233876117498542,0.14843501724614835,0.1338167285207183,synthetic_fallback_fast,train,0,Low
0,AAPL,2022-10-20,2022-10-21,2022-11-03,0.07498064784935621,0.14852289566377636,0.135893316483385,synthetic_fallback_fast,train,0,Low
1,MSFT,2022-10-20,2022-10-21,2022-11-03,0.08026963255663841,0.15003715868029652,0.13541742282361657,synthetic_fallback_fast,train,0,Low
0,AAPL,2022-10-21,2022-10-24,2022-11-04,0.08548116465515651,0.14850294375465645,0.13222151526402268,synthetic_fallback_fast,train,0,Low
1,MSFT,2022-10-21,2022-10-24,2022-11-04,0.0883985520853224,0.15018749418447325,0.13180933559354593,synthetic_fallback_fast,train,0,Low
0,AAPL,2022-10-24,2022-10-25,2022-11-07,0.09626811924527806,0.14432602935534056,0.12966201366194174,synthetic_fallback_fast,train,0,Low
1,MSFT,2022-10-24,2022-10-25,2022-11-07,0.10207996869281757,0.1476963550070064,0.12793053246285058,synthetic_fallback_fast,train,0,Low
0,AAPL,2022-10-25,2022-10-26,2022-11-08,0.09331751207982664,0.1392394642355752,0.12731863752349315,synthetic_fallback_fast,train,0,Low
1,MSFT,2022-10-25,2022-10-26,2022-11-08,0.11227973839853819,0.13736148360369557,0.12404409079499823,synthetic_fallback_fast,train,0,Low
0,AAPL,2022-10-26,2022-10-27,2022-11-09,0.09373673152886848,0.13875877907292514,0.12387849848619395,synthetic_fallback_fast,train,0,Low
1,MSFT,2022-10-26,2022-10-27,2022-11-09,0.1180740800978795,0.13686279767132062,0.12091535780630482,synthetic_fallback_fast,train,0,Low
0,AAPL,2022-10-27,2022-10-28,2022-11-10,0.10317681631560151,0.13398489361841942,0.12292757786105063,synthetic_fallback_fast,train,0,Low
1,MSFT,2022-10-27,2022-10-28,2022-11-10,0.1178623118624706,0.1294449821510577,0.11901409901250319,synthetic_fallback_fast,train,0,Low
0,AAPL,2022-10-28,2022-10-31,2022-11-11,0.10502099681462461,0.1341289482379735,0.11957457601184276,synthetic_fallback_fast,train,0,Low
1,MSFT,2022-10-28,2022-10-31,2022-11-11,0.11765913602081078,0.12468274300250669,0.1153825336961147,synthetic_fallback_fast,train,0,Low
0,AAPL,2022-10-31,2022-11-01,2022-11-14,0.11490744182717927,0.12843591873146146,0.11620036835756536,synthetic_fallback_fast,train,0,Low
1,MSFT,2022-10-31,2022-11-01,2022-11-14,0.10340791755860021,0.1138931985515755,0.1201086926215417,synthetic_fallback_fast,train,0,Low
0,AAPL,2022-11-01,2022-11-02,2022-11-15,0.11524056246679418,0.1288362151521849,0.11442900958338903,synthetic_fallback_fast,train,0,Low
1,MSFT,2022-11-01,2022-11-02,2022-11-15,0.09801378543547416,0.11511903703806252,0.11916642729120752,synthetic_fallback_fast,train,0,Low
0,AAPL,2022-11-02,2022-11-03,2022-11-16,0.1142765464811771,0.1084577357203316,0.11340796515694815,synthetic_fallback_fast,train,0,Low
1,MSFT,2022-11-02,2022-11-03,2022-11-16,0.09944998835490713,0.10879404224476523,0.11670664035287663,synthetic_fallback_fast,train,0,Low
0,AAPL,2022-11-03,2022-11-04,2022-11-17,0.11514599442584601,0.10919777065361727,0.1120083620756163,synthetic_fallback_fast,train,0,Low
1,MSFT,2022-11-03,2022-11-04,2022-11-17,0.10231493183423308,0.10897109602788632,0.11423647483435326,synthetic_fallback_fast,train,0,Low
0,AAPL,2022-11-04,2022-11-07,2022-11-18,0.12828320666584478,0.11054870538546273,0.1137217400280794,synthetic_fallback_fast,train,0,Low
1,MSFT,2022-11-04,2022-11-07,2022-11-18,0.11186004957298862,0.11138825613762435,0.11506273724933544,synthetic_fallback_fast,train,0,Low
0,AAPL,2022-11-07,2022-11-08,2022-11-21,0.12913584744472162,0.10266057025596997,0.11720163289374858,synthetic_fallback_fast,train,0,Low
1,MSFT,2022-11-07,2022-11-08,2022-11-21,0.09937383014675931,0.10910504960144528,0.11816889949017602,synthetic_fallback_fast,train,0,Low
0,AAPL,2022-11-08,2022-11-09,2022-11-22,0.13429205576277384,0.10117064564427031,0.11410880109592118,synthetic_fallback_fast,train,0,Low
1,MSFT,2022-11-08,2022-11-09,2022-11-22,0.08804746739290348,0.10674841101860735,0.11997458533989168,synthetic_fallback_fast,train,0,Low
0,AAPL,2022-11-09,2022-11-10,2022-11-23,0.13350900920446798,0.0908542463288013,0.11132474703439474,synthetic_fallback_fast,train,0,Low
1,MSFT,2022-11-09,2022-11-10,2022-11-23,0.07873898449786283,0.10848016503444219,0.12038498124226724,synthetic_fallback_fast,train,0,Low
0,AAPL,2022-11-10,2022-11-11,2022-11-24,0.1616948891775063,0.09549135189530163,0.11629592445537065,synthetic_fallback_fast,train,1,Medium
1,MSFT,2022-11-10,2022-11-11,2022-11-24,0.08766253388846358,0.1058419292766396,0.11815569848509415,synthetic_fallback_fast,train,0,Low
0,AAPL,2022-11-11,2022-11-14,2022-11-25,0.16265483523213337,0.09558166768163244,0.11417275777765037,synthetic_fallback_fast,train,1,Medium
1,MSFT,2022-11-11,2022-11-14,2022-11-25,0.08716475376867393,0.09578738953407467,0.11491271544272652,synthetic_fallback_fast,train,0,Low
0,AAPL,2022-11-14,2022-11-15,2022-11-28,0.1692110484116772,0.10127443021586824,0.11659374220829144,synthetic_fallback_fast,train,1,Medium
1,MSFT,2022-11-14,2022-11-15,2022-11-28,0.11715958207568437,0.09521384142241868,0.11118361880662526,synthetic_fallback_fast,train,0,Low
0,AAPL,2022-11-15,2022-11-16,2022-11-29,0.1677257178630347,0.10127823905226713,0.11530979790400812,synthetic_fallback_fast,train,1,Medium
1,MSFT,2022-11-15,2022-11-16,2022-11-29,0.12260187332096487,0.09418115305161046,0.10812111045312384,synthetic_fallback_fast,train,0,Low
0,AAPL,2022-11-16,2022-11-17,2022-11-30,0.17327818892641095,0.09552999135834642,0.11280211907391173,synthetic_fallback_fast,train,1,Medium
1,MSFT,2022-11-16,2022-11-17,2022-11-30,0.16529621066875044,0.09596027042250913,0.10695547491675744,synthetic_fallback_fast,train,1,Medium
0,AAPL,2022-11-17,2022-11-18,2022-12-01,0.17068459011119752,0.09716145733835543,0.11099642225779623,synthetic_fallback_fast,train,1,Medium
1,MSFT,2022-11-17,2022-11-18,2022-12-01,0.2045722170566337,0.09195531302491855,0.10591640200195292,synthetic_fallback_fast,train,1,Medium
0,AAPL,2022-11-18,2022-11-21,2022-12-02,0.1582045362771773,0.10900369402748199,0.12111346004909307,synthetic_fallback_fast,train,1,Medium
1,MSFT,2022-11-18,2022-11-21,2022-12-02,0.19611996231161527,0.10081412277367921,0.11278201384037659,synthetic_fallback_fast,train,1,Medium
0,AAPL,2022-11-21,2022-11-22,2022-12-05,0.157174187836462,0.11389384943509787,0.12452929870200567,synthetic_fallback_fast,train,1,Medium
1,MSFT,2022-11-21,2022-11-22,2022-12-05,0.21322221817780207,0.10073598693208793,0.10944719975595936,synthetic_fallback_fast,train,1,Medium
0,AAPL,2022-11-22,2022-11-23,2022-12-06,0.1602558311480805,0.11563415218213118,0.1246275781294833,synthetic_fallback_fast,train,1,Medium
1,MSFT,2022-11-22,2022-11-23,2022-12-06,0.21321281608516926,0.1008937465087618,0.10638213879196387,synthetic_fallback_fast,train,1,Medium
0,AAPL,2022-11-23,2022-11-24,2022-12-07,0.16836425022254747,0.1153499683061809,0.120925401211051,synthetic_fallback_fast,train,1,Medium
1,MSFT,2022-11-23,2022-11-24,2022-12-07,0.21512163067702128,0.10035266830213121,0.10264170994868076,synthetic_fallback_fast,train,1,Medium
0,AAPL,2022-11-24,2022-11-25,2022-12-08,0.13129650797905568,0.1356294448325094,0.1436722687111266,synthetic_fallback_fast,train,0,Low
1,MSFT,2022-11-24,2022-11-25,2022-12-08,0.210521343053075,0.10386588565383802,0.10577565103826798,synthetic_fallback_fast,train,1,Medium
0,AAPL,2022-11-25,2022-11-28,2022-12-09,0.1790634591254915,0.1369050860931212,0.1410393895956855,synthetic_fallback_fast,train,1,Medium
1,MSFT,2022-11-25,2022-11-28,2022-12-09,0.21050433599546053,0.1035407325372899,0.10241234454430603,synthetic_fallback_fast,train,1,Medium
0,AAPL,2022-11-28,2022-11-29,2022-12-12,0.17967199675937243,0.1446307351358029,0.14623406464077326,synthetic_fallback_fast,train,1,Medium
1,MSFT,2022-11-28,2022-11-29,2022-12-12,0.19653084805078375,0.1104978847896087,0.11644620014006657,synthetic_fallback_fast,train,1,Medium
0,AAPL,2022-11-29,2022-11-30,2022-12-13,0.18430091847594957,0.14389632321628898,0.14269317143699786,synthetic_fallback_fast,train,1,Medium
1,MSFT,2022-11-29,2022-11-30,2022-12-13,0.21162528114452808,0.11099081375771845,0.11664419258446661,synthetic_fallback_fast,train,1,Medium
0,AAPL,2022-11-30,2022-12-01,2022-12-14,0.18843029577092288,0.1467727151640958,0.14389712963050225,synthetic_fallback_fast,train,1,Medium
1,MSFT,2022-11-30,2022-12-01,2022-12-14,0.20055630912051,0.13640589694958039,0.14367115016336957,synthetic_fallback_fast,train,1,Medium
0,AAPL,2022-12-01,2022-12-02,2022-12-15,0.18936780708348297,0.14558816801811966,0.1397389410457903,synthetic_fallback_fast,train,1,Medium
1,MSFT,2022-12-01,2022-12-02,2022-12-15,0.16557529752807135,0.1617376537292881,0.1696135967290075,synthetic_fallback_fast,train,1,Medium
0,AAPL,2022-12-02,2022-12-05,2022-12-16,0.20219447367615526,0.14402301276384366,0.13746784935790837,synthetic_fallback_fast,train,1,Medium
1,MSFT,2022-12-02,2022-12-05,2022-12-16,0.18398472972832686,0.15964916270933097,0.16493587374510502,synthetic_fallback_fast,train,1,Medium
0,AAPL,2022-12-05,2022-12-06,2022-12-19,0.20202609585411008,0.1438398283114205,0.13885084402858855,synthetic_fallback_fast,train,1,Medium
1,MSFT,2022-12-05,2022-12-06,2022-12-19,0.16428773504027258,0.1663413244547175,0.1726963498004799,synthetic_fallback_fast,train,1,Medium
0,AAPL,2022-12-06,2022-12-07,2022-12-20,0.19968677836690785,0.14784499933706594,0.1401883820520412,synthetic_fallback_fast,train,1,Medium
1,MSFT,2022-12-06,2022-12-07,2022-12-20,0.164129070524314,0.16311355164006547,0.16761668900437446,synthetic_fallback_fast,train,1,Medium
0,AAPL,2022-12-07,2022-12-08,2022-12-21,0.19415921837017705,0.15193942261927826,0.1418065755369803,synthetic_fallback_fast,train,1,Medium
1,MSFT,2022-12-07,2022-12-08,2022-12-21,0.16472575365978964,0.16198324553004767,0.16409700964138915,synthetic_fallback_fast,train,1,Medium
0,AAPL,2022-12-08,2022-12-09,2022-12-22,0.19368996296859967,0.14728205965700691,0.13822374545033145,synthetic_fallback_fast,train,1,Medium
1,MSFT,2022-12-08,2022-12-09,2022-12-22,0.1757146332406166,0.16125128794619983,0.15939931631200568,synthetic_fallback_fast,train,1,Medium
0,AAPL,2022-12-09,2022-12-12,2022-12-23,0.15216624132094292,0.17105601102910564,0.16561278347502165,synthetic_fallback_fast,train,1,Medium
1,MSFT,2022-12-09,2022-12-12,2022-12-23,0.18449819792478653,0.16110519819739413,0.15457955720903846,synthetic_fallback_fast,train,1,Medium
0,AAPL,2022-12-12,2022-12-13,2022-12-26,0.13783955685649682,0.17451992053069315,0.16908047659725964,synthetic_fallback_fast,train,0,Low
1,MSFT,2022-12-12,2022-12-13,2022-12-26,0.1836712349611672,0.16178804329694652,0.15084341956797706,synthetic_fallback_fast,train,1,Medium
0,AAPL,2022-12-13,2022-12-14,2022-12-27,0.13333857171205654,0.1762083212900982,0.1678128674284786,synthetic_fallback_fast,train,0,Low
1,MSFT,2022-12-13,2022-12-14,2022-12-27,0.17995521938901898,0.17293998809024835,0.16117688370886926,synthetic_fallback_fast,train,1,Medium
0,AAPL,2022-12-14,2022-12-15,2022-12-28,0.12221014847715636,0.18101285468432132,0.1701484238609366,synthetic_fallback_fast,train,0,Low
1,MSFT,2022-12-14,2022-12-15,2022-12-28,0.15877585789956192,0.183773869727839,0.1719258913648629,synthetic_fallback_fast,train,1,Medium
0,AAPL,2022-12-15,2022-12-16,2022-12-29,0.12251575835871253,0.1802684049702481,0.16585789293499953,synthetic_fallback_fast,train,0,Low
1,MSFT,2022-12-15,2022-12-16,2022-12-29,0.15803006068998443,0.18609805364776894,0.17146785750506152,synthetic_fallback_fast,train,1,Medium
0,AAPL,2022-12-16,2022-12-19,2022-12-30,0.09983477846039128,0.18153688397107368,0.1717937956254473,synthetic_fallback_fast,train,0,Low
1,MSFT,2022-12-16,2022-12-19,2022-12-30,0.13550705059326199,0.1901491787916988,0.1780288007810622,synthetic_fallback_fast,train,0,Low
0,AAPL,2022-12-19,2022-12-20,2023-01-02,0.09081512634189864,0.18099484623616433,0.17081992209021032,synthetic_fallback_fast,train,0,Low
1,MSFT,2022-12-19,2022-12-20,2023-01-02,0.13730027517811813,0.19033414592411557,0.17288582974528005,synthetic_fallback_fast,train,0,Low
0,AAPL,2022-12-20,2022-12-21,2023-01-03,0.14470908005818386,0.18104797827028704,0.16838275081236814,synthetic_fallback_fast,train,1,Medium
1,MSFT,2022-12-20,2022-12-21,2023-01-03,0.13887621984656745,0.19026042249262384,0.16743850280155517,synthetic_fallback_fast,train,0,Low
0,AAPL,2022-12-21,2022-12-22,2023-01-04,0.1431281383409011,0.18172000829726853,0.16424153538419473,synthetic_fallback_fast,train,1,Medium
1,MSFT,2022-12-21,2022-12-22,2023-01-04,0.13517822105412475,0.19158795617669505,0.16428312445283128,synthetic_fallback_fast,train,0,Low
0,AAPL,2022-12-22,2022-12-23,2023-01-05,0.14803936790218564,0.1654608333749588,0.1593393821987295,synthetic_fallback_fast,train,1,Medium
1,MSFT,2022-12-22,2022-12-23,2023-01-05,0.12020708124622125,0.19390057789464538,0.16632275887225845,synthetic_fallback_fast,train,0,Low
0,AAPL,2022-12-23,2022-12-26,2023-01-06,0.14711087909994447,0.16615999427017625,0.1570513526149861,synthetic_fallback_fast,train,1,Medium
1,MSFT,2022-12-23,2022-12-26,2023-01-06,0.10671038675763439,0.1979288514976827,0.1670473846743839,synthetic_fallback_fast,train,0,Low
0,AAPL,2022-12-26,2022-12-27,2023-01-09,0.16009547115894018,0.16012771442491672,0.15313641435078185,synthetic_fallback_fast,train,1,Medium
1,MSFT,2022-12-26,2022-12-27,2023-01-09,0.10672980207168764,0.1902097484196335,0.16182520562439281,synthetic_fallback_fast,train,0,Low
0,AAPL,2022-12-27,2022-12-28,2023-01-10,0.18076305201400372,0.1608508676651914,0.15027900592029556,synthetic_fallback_fast,train,1,Medium
1,MSFT,2022-12-27,2022-12-28,2023-01-10,0.07634386747908897,0.1964295555725392,0.16847865562985653,synthetic_fallback_fast,train,0,Low
0,AAPL,2022-12-28,2022-12-29,2023-01-11,0.18832591180143246,0.15881010162317458,0.1477072968910809,synthetic_fallback_fast,train,1,Medium
1,MSFT,2022-12-28,2022-12-29,2023-01-11,0.09117312638503916,0.18087648572960421,0.1656277663669194,synthetic_fallback_fast,train,0,Low
0,AAPL,2022-12-29,2022-12-30,2023-01-12,0.2009706911796292,0.15948397632022107,0.14436045755656438,synthetic_fallback_fast,train,1,Medium
1,MSFT,2022-12-29,2022-12-30,2023-01-12,0.09614360180975715,0.16184665463516615,0.1651741920615394,synthetic_fallback_fast,train,0,Low
0,AAPL,2022-12-30,2023-01-02,2023-01-13,0.19918927948365106,0.15945154150307367,0.14204129561825213,synthetic_fallback_fast,train,1,Medium
1,MSFT,2022-12-30,2023-01-02,2023-01-13,0.10367030491041458,0.16157435058463077,0.16030093899738054,synthetic_fallback_fast,train,0,Low
0,AAPL,2023-01-02,2023-01-03,2023-01-16,0.19756209526109647,0.15662364217855024,0.13894958728933088,synthetic_fallback_fast,train,1,Medium
1,MSFT,2023-01-02,2023-01-03,2023-01-16,0.1013393186574338,0.1513965413222009,0.15652956588585518,synthetic_fallback_fast,train,0,Low
0,AAPL,2023-01-03,2023-01-04,2023-01-17,0.15745247703291834,0.17437822012201012,0.1636735966617322,synthetic_fallback_fast,train,1,Medium
1,MSFT,2023-01-03,2023-01-04,2023-01-17,0.09906502923081725,0.152027885978276,0.15257916509458602,synthetic_fallback_fast,train,0,Low
0,AAPL,2023-01-04,2023-01-05,2023-01-18,0.1715533871460583,0.17056298845741744,0.15861168193021424,synthetic_fallback_fast,train,1,Medium
1,MSFT,2023-01-04,2023-01-05,2023-01-18,0.11117803907847486,0.15067800995192285,0.1479796523971992,synthetic_fallback_fast,train,0,Low
0,AAPL,2023-01-05,2023-01-06,2023-01-19,0.18287771459866525,0.17238250520812165,0.15681140892819304,synthetic_fallback_fast,train,1,Medium
1,MSFT,2023-01-05,2023-01-06,2023-01-19,0.11129769203977288,0.15054131445656377,0.1435891540353071,synthetic_fallback_fast,train,0,Low
0,AAPL,2023-01-06,2023-01-09,2023-01-20,0.19319309528945375,0.14965990736884396,0.15407647893490917,synthetic_fallback_fast,train,1,Medium
1,MSFT,2023-01-06,2023-01-09,2023-01-20,0.11103546955179289,0.15070947495008005,0.13926059915816824,synthetic_fallback_fast,train,0,Low
0,AAPL,2023-01-09,2023-01-10,2023-01-23,0.1857021030672513,0.14938256812626843,0.15825709834415908,synthetic_fallback_fast,train,1,Medium
1,MSFT,2023-01-09,2023-01-10,2023-01-23,0.13345640331857006,0.15021047433921164,0.1354218923565907,synthetic_fallback_fast,train,0,Low
0,AAPL,2023-01-10,2023-01-11,2023-01-24,0.16416445660640838,0.1588308151455955,0.1683228170936711,synthetic_fallback_fast,train,1,Medium
1,MSFT,2023-01-10,2023-01-11,2023-01-24,0.14037919496907825,0.1382249382112625,0.13284885098969007,synthetic_fallback_fast,train,0,Low
0,AAPL,2023-01-11,2023-01-12,2023-01-25,0.15145300702368691,0.15874818022051387,0.17044521072908428,synthetic_fallback_fast,train,1,Medium
1,MSFT,2023-01-11,2023-01-12,2023-01-25,0.13071055710281396,0.12946488332085307,0.1374548200565417,synthetic_fallback_fast,train,0,Low
0,AAPL,2023-01-12,2023-01-13,2023-01-26,0.13481020734512103,0.16643216299656194,0.1749721680139365,synthetic_fallback_fast,train,0,Low
1,MSFT,2023-01-12,2023-01-13,2023-01-26,0.120482739506741,0.1307996411513298,0.1405965527464417,synthetic_fallback_fast,train,0,Low
0,AAPL,2023-01-13,2023-01-16,2023-01-27,0.13726842548614523,0.1575489638992454,0.17017079620736839,synthetic_fallback_fast,train,0,Low
1,MSFT,2023-01-13,2023-01-16,2023-01-27,0.11692545358622838,0.12064346828714595,0.13981479433732985,synthetic_fallback_fast,train,0,Low
0,AAPL,2023-01-16,2023-01-17,2023-01-30,0.13819375586072385,0.15375007098608048,0.16515487933066214,synthetic_fallback_fast,train,0,Low
1,MSFT,2023-01-16,2023-01-17,2023-01-30,0.129406647871395,0.12066694466576144,0.136013970406857,synthetic_fallback_fast,train,0,Low
0,AAPL,2023-01-17,2023-01-18,2023-01-31,0.1385835320253855,0.15121507923333496,0.16025793377050132,synthetic_fallback_fast,train,0,Low
1,MSFT,2023-01-17,2023-01-18,2023-01-31,0.14613216195105716,0.12062438488003743,0.13198879296177893,synthetic_fallback_fast,train,0,Low
0,AAPL,2023-01-18,2023-01-19,2023-02-01,0.13072606788247965,0.15798137331061768,0.16432646327064301,synthetic_fallback_fast,train,0,Low
1,MSFT,2023-01-18,2023-01-19,2023-02-01,0.14491401102731175,0.1237612779117376,0.13395564037590516,synthetic_fallback_fast,train,0,Low
0,AAPL,2023-01-19,2023-01-20,2023-02-02,0.1215970418605801,0.16637294393276442,0.16956108814211293,synthetic_fallback_fast,train,0,Low
1,MSFT,2023-01-19,2023-01-20,2023-02-02,0.1448011987561641,0.11583807369581847,0.1301540345286711,synthetic_fallback_fast,train,0,Low
0,AAPL,2023-01-20,2023-01-23,2023-02-03,0.1030000219099652,0.1717049545253113,0.17323423030718785,synthetic_fallback_fast,train,0,Low
1,MSFT,2023-01-20,2023-01-23,2023-02-03,0.1450705176136143,0.10889440330097558,0.1264152837213062,synthetic_fallback_fast,train,0,Low
0,AAPL,2023-01-23,2023-01-24,2023-02-06,0.11645747035960542,0.17337218774821275,0.1709654975130708,synthetic_fallback_fast,train,0,Low
1,MSFT,2023-01-23,2023-01-24,2023-02-06,0.13005935630169246,0.12083431267026443,0.13560372160837536,synthetic_fallback_fast,train,0,Low
0,AAPL,2023-01-24,2023-01-25,2023-02-07,0.1254531196084565,0.17266332816538485,0.16648918732945928,synthetic_fallback_fast,train,0,Low
1,MSFT,2023-01-24,2023-01-25,2023-02-07,0.11988986028545406,0.11299270879537136,0.13720177490208346,synthetic_fallback_fast,train,0,Low
0,AAPL,2023-01-25,2023-01-26,2023-02-08,0.15983941129148763,0.17088689591709172,0.16154752461569766,synthetic_fallback_fast,train,1,Medium
1,MSFT,2023-01-25,2023-01-26,2023-02-08,0.25803438252718786,0.11268937108918105,0.1357021091185268,synthetic_fallback_fast,train,2,High
0,AAPL,2023-01-26,2023-01-27,2023-02-09,0.16104976080386466,0.17111839573472576,0.15799585932349558,synthetic_fallback_fast,train,1,Medium
1,MSFT,2023-01-26,2023-01-27,2023-02-09,0.2588377257117143,0.10899468493463876,0.13347939927849595,synthetic_fallback_fast,train,2,High
0,AAPL,2023-01-27,2023-01-30,2023-02-10,0.1731363117273195,0.17105406995546973,0.1549823897496229,synthetic_fallback_fast,train,1,Medium
1,MSFT,2023-01-27,2023-01-30,2023-02-10,0.25784061557569543,0.11049681854371098,0.13104449438839993,synthetic_fallback_fast,train,2,High
0,AAPL,2023-01-30,2023-01-31,2023-02-13,0.20639705002496128,0.17048210410897666,0.150857028566472,synthetic_fallback_fast,train,1,Medium
1,MSFT,2023-01-30,2023-01-31,2023-02-13,0.27190842955035643,0.11622335827892802,0.13447706015224703,synthetic_fallback_fast,train,2,High
0,AAPL,2023-01-31,2023-02-01,2023-02-14,0.24507090890583988,0.14831837019134333,0.14667739284227707,synthetic_fallback_fast,train,2,High
1,MSFT,2023-01-31,2023-02-01,2023-02-14,0.26518982007827996,0.12483687110183567,0.1405974334884151,synthetic_fallback_fast,train,2,High
0,AAPL,2023-02-01,2023-02-02,2023-02-15,0.26790730061025503,0.1525120806121601,0.14766699347687795,synthetic_fallback_fast,train,2,High
1,MSFT,2023-02-01,2023-02-02,2023-02-15,0.3053007972545333,0.12915228794984376,0.1410732543376758,synthetic_fallback_fast,train,2,High
0,AAPL,2023-02-02,2023-02-03,2023-02-16,0.27650763190517647,0.1552902107121929,0.14982036658402823,synthetic_fallback_fast,train,2,High
1,MSFT,2023-02-02,2023-02-03,2023-02-16,0.33884836574515903,0.12914055020519746,0.13698191686112096,synthetic_fallback_fast,train,2,High
0,AAPL,2023-02-03,2023-02-06,2023-02-17,0.27865321848259894,0.1548104915388057,0.14680266614700563,synthetic_fallback_fast,train,2,High
1,MSFT,2023-02-03,2023-02-06,2023-02-17,0.339478811602885,0.12917881130291667,0.13320696392490608,synthetic_fallback_fast,train,2,High
0,AAPL,2023-02-06,2023-02-07,2023-02-20,0.2816483208734253,0.15499615073633025,0.15171380904797835,synthetic_fallback_fast,train,2,High
1,MSFT,2023-02-06,2023-02-07,2023-02-20,0.338026259985909,0.13176882739923623,0.13269842799733,synthetic_fallback_fast,train,2,High
0,AAPL,2023-02-07,2023-02-08,2023-02-21,0.3098724560547821,0.1460966358825059,0.15231349454148685,synthetic_fallback_fast,train,2,High
1,MSFT,2023-02-07,2023-02-08,2023-02-21,0.3487810168700444,0.13053715367555738,0.12877727465986685,synthetic_fallback_fast,train,2,High
0,AAPL,2023-02-08,2023-02-09,2023-02-22,0.29358748064056717,0.15570268260137057,0.16668203898266015,synthetic_fallback_fast,train,2,High
1,MSFT,2023-02-08,2023-02-09,2023-02-22,0.26589158484055053,0.2045323841159574,0.218766090721216,synthetic_fallback_fast,train,2,High
0,AAPL,2023-02-09,2023-02-10,2023-02-23,0.298883425422364,0.14851063507273907,0.16364099899670895,synthetic_fallback_fast,train,2,High
1,MSFT,2023-02-09,2023-02-10,2023-02-23,0.26497051152304646,0.20188246428387716,0.21388867617184995,synthetic_fallback_fast,train,2,High
0,AAPL,2023-02-10,2023-02-13,2023-02-24,0.2925254378609115,0.15623508420643706,0.16764235176519052,synthetic_fallback_fast,train,2,High
1,MSFT,2023-02-10,2023-02-13,2023-02-24,0.2661448567681005,0.20019158915498772,0.20759030494833966,synthetic_fallback_fast,train,2,High
0,AAPL,2023-02-13,2023-02-14,2023-02-27,0.2696750738434342,0.17563777557504495,0.18500508556715942,synthetic_fallback_fast,train,2,High
1,MSFT,2023-02-13,2023-02-14,2023-02-27,0.251481688067224,0.21293223637327954,0.21682681315312935,synthetic_fallback_fast,train,2,High
0,AAPL,2023-02-14,2023-02-15,2023-02-28,0.24181950170544503,0.19907931301439322,0.20692496541639976,synthetic_fallback_fast,train,2,High
1,MSFT,2023-02-14,2023-02-15,2023-02-28,0.2515762690410949,0.21410307030685066,0.2117623730115271,synthetic_fallback_fast,train,2,High
0,AAPL,2023-02-15,2023-02-16,2023-03-01,0.2614888251576299,0.2107885510936116,0.22116256891837,synthetic_fallback_fast,train,2,High
1,MSFT,2023-02-15,2023-02-16,2023-03-01,0.33457891240229504,0.23896510979249405,0.23945780954900578,synthetic_fallback_fast,train,2,High
0,AAPL,2023-02-16,2023-02-17,2023-03-02,0.26159068986051776,0.21359109425611852,0.22499722365998817,synthetic_fallback_fast,train,2,High
1,MSFT,2023-02-16,2023-02-17,2023-03-02,0.30616111671899765,0.26056247056069604,0.25886148541921356,synthetic_fallback_fast,train,2,High
0,AAPL,2023-02-17,2023-02-20,2023-03-03,0.26073077664929434,0.21006739476197195,0.22082479076495695,synthetic_fallback_fast,train,2,High
1,MSFT,2023-02-17,2023-02-20,2023-03-03,0.3134368359933868,0.2610472357716023,0.2517555814903446,synthetic_fallback_fast,train,2,High
0,AAPL,2023-02-20,2023-02-21,2023-03-06,0.24849026115740266,0.21550883862776754,0.22268246031823685,synthetic_fallback_fast,train,2,High
1,MSFT,2023-02-20,2023-02-21,2023-03-06,0.31289381456630594,0.2561027026425843,0.2446047144222874,synthetic_fallback_fast,train,2,High
0,AAPL,2023-02-21,2023-02-22,2023-03-07,0.21121737691799652,0.23638890016339234,0.24139766018033523,synthetic_fallback_fast,train,1,Medium
1,MSFT,2023-02-21,2023-02-22,2023-03-07,0.30334569460273036,0.2607889724740752,0.24644095903840618,synthetic_fallback_fast,train,2,High
0,AAPL,2023-02-22,2023-02-23,2023-03-08,0.2128604386735247,0.23637073231566205,0.23408556967919208,synthetic_fallback_fast,train,1,Medium
1,MSFT,2023-02-22,2023-02-23,2023-03-08,0.2993806466112934,0.2619924402107881,0.24159482893530135,synthetic_fallback_fast,train,2,High
0,AAPL,2023-02-23,2023-02-24,2023-03-09,0.2253515206444561,0.24007116387353547,0.2325792895356256,synthetic_fallback_fast,train,2,High
1,MSFT,2023-02-23,2023-02-24,2023-03-09,0.2981784718750161,0.2619220687803889,0.23467107366922663,synthetic_fallback_fast,train,2,High
0,AAPL,2023-02-24,2023-02-27,2023-03-10,0.22554184615619652,0.24036151338583464,0.2271691890886325,synthetic_fallback_fast,train,2,High
1,MSFT,2023-02-24,2023-02-27,2023-03-10,0.3258470191193506,0.2620256359829761,0.22871132113110298,synthetic_fallback_fast,train,2,High
0,AAPL,2023-02-27,2023-02-28,2023-03-13,0.22560974579137233,0.2401295355755598,0.22039431428370793,synthetic_fallback_fast,train,2,High
1,MSFT,2023-02-27,2023-02-28,2023-03-13,0.32107641369486517,0.26189428544136056,0.22574855084278692,synthetic_fallback_fast,train,2,High
0,AAPL,2023-02-28,2023-03-01,2023-03-14,0.218034838211524,0.24345063339104728,0.21840935129446176,synthetic_fallback_fast,train,1,Medium
1,MSFT,2023-02-28,2023-03-01,2023-03-14,0.331643270443416,0.25847268696884385,0.22043106234249987,synthetic_fallback_fast,train,2,High
0,AAPL,2023-03-01,2023-03-02,2023-03-15,0.15491302564133538,0.2647175168010148,0.2438010048000651,synthetic_fallback_fast,train,1,Medium
1,MSFT,2023-03-01,2023-03-02,2023-03-15,0.21672567770291787,0.3202745895544605,0.30041994286609525,synthetic_fallback_fast,train,1,Medium
0,AAPL,2023-03-02,2023-03-03,2023-03-16,0.14544806018638765,0.26915252137357926,0.24650016410132386,synthetic_fallback_fast,train,1,Medium
1,MSFT,2023-03-02,2023-03-03,2023-03-16,0.22541722626491034,0.3229185999278988,0.2949489427168579,synthetic_fallback_fast,train,1,Medium
0,AAPL,2023-03-03,2023-03-06,2023-03-17,0.14045180409477384,0.2698408364785205,0.24030079529747206,synthetic_fallback_fast,train,0,Low
1,MSFT,2023-03-03,2023-03-06,2023-03-17,0.21415126009221752,0.32671739598990773,0.2913818255108788,synthetic_fallback_fast,train,1,Medium
0,AAPL,2023-03-06,2023-03-07,2023-03-20,0.14555526738629668,0.2655872611223043,0.2329428014599352,synthetic_fallback_fast,train,1,Medium
1,MSFT,2023-03-06,2023-03-07,2023-03-20,0.22820910368363925,0.32570254192584625,0.2827987212957788,synthetic_fallback_fast,train,1,Medium
0,AAPL,2023-03-07,2023-03-08,2023-03-21,0.138215207335686,0.26517326348403025,0.22866403986071074,synthetic_fallback_fast,train,0,Low
1,MSFT,2023-03-07,2023-03-08,2023-03-21,0.22516438312571635,0.3268537961863952,0.27570094516600085,synthetic_fallback_fast,train,1,Medium
0,AAPL,2023-03-08,2023-03-09,2023-03-22,0.1597246819582066,0.2564207237541076,0.22263996664421204,synthetic_fallback_fast,train,1,Medium
1,MSFT,2023-03-08,2023-03-09,2023-03-22,0.23078518101820805,0.28313168884320933,0.2671683347114711,synthetic_fallback_fast,train,1,Medium
0,AAPL,2023-03-09,2023-03-10,2023-03-23,0.1279949185072663,0.2646834050795162,0.2290670007522497,synthetic_fallback_fast,train,0,Low
1,MSFT,2023-03-09,2023-03-10,2023-03-23,0.25712168829464793,0.2820636214283089,0.2590638080576661,synthetic_fallback_fast,train,2,High
0,AAPL,2023-03-10,2023-03-13,2023-03-24,0.1273987105917702,0.261189831505041,0.22366853785054064,synthetic_fallback_fast,train,0,Low
1,MSFT,2023-03-10,2023-03-13,2023-03-24,0.22011269634626543,0.29749736524302123,0.2719239170924113,synthetic_fallback_fast,train,1,Medium
0,AAPL,2023-03-13,2023-03-14,2023-03-27,0.12830532470573625,0.2486205973451409,0.2170234755660261,synthetic_fallback_fast,train,0,Low
1,MSFT,2023-03-13,2023-03-14,2023-03-27,0.22009383620372944,0.28838611518613094,0.26377735238464556,synthetic_fallback_fast,train,1,Medium
0,AAPL,2023-03-14,2023-03-15,2023-03-28,0.13403521123870754,0.23023451313714363,0.21045613999994772,synthetic_fallback_fast,train,0,Low
1,MSFT,2023-03-14,2023-03-15,2023-03-28,0.22336449955056992,0.2943449319888506,0.26508239890697294,synthetic_fallback_fast,train,1,Medium
0,AAPL,2023-03-15,2023-03-16,2023-03-29,0.13213214609995202,0.21491213459885247,0.20508941355033758,synthetic_fallback_fast,train,0,Low
1,MSFT,2023-03-15,2023-03-16,2023-03-29,0.2028548111939479,0.2818803540512283,0.26938757182430867,synthetic_fallback_fast,train,1,Medium
0,AAPL,2023-03-16,2023-03-17,2023-03-30,0.11461156386561584,0.21164218298071466,0.20662285566709743,synthetic_fallback_fast,train,0,Low
1,MSFT,2023-03-16,2023-03-17,2023-03-30,0.18729261604535208,0.26883782777688625,0.26948968759442543,synthetic_fallback_fast,train,1,Medium
0,AAPL,2023-03-17,2023-03-20,2023-03-31,0.11916006818624351,0.20941256787215629,0.20041059931251273,synthetic_fallback_fast,train,0,Low
1,MSFT,2023-03-17,2023-03-20,2023-03-31,0.18737687892733138,0.26842448878281383,0.2614231649843079,synthetic_fallback_fast,train,1,Medium
0,AAPL,2023-03-20,2023-03-21,2023-04-03,0.11453830864649547,0.20363416431676007,0.196725200806339,synthetic_fallback_fast,train,0,Low
1,MSFT,2023-03-20,2023-03-21,2023-04-03,0.17340160904262383,0.2738447865104829,0.2611123692481077,synthetic_fallback_fast,train,1,Medium
0,AAPL,2023-03-21,2023-03-22,2023-04-04,0.11837405543485734,0.1784884083784794,0.19088205107980763,synthetic_fallback_fast,train,0,Low
1,MSFT,2023-03-21,2023-03-22,2023-04-04,0.19136096087575857,0.26713068886071223,0.25323512687036626,synthetic_fallback_fast,train,1,Medium
0,AAPL,2023-03-22,2023-03-23,2023-04-05,0.0834164497600906,0.18817749650122303,0.1964664775401967,synthetic_fallback_fast,train,0,Low
1,MSFT,2023-03-22,2023-03-23,2023-04-05,0.18453457054862743,0.26729250956864015,0.24879470945642593,synthetic_fallback_fast,train,1,Medium
0,AAPL,2023-03-23,2023-03-24,2023-04-06,0.082611724948502,0.18325666020700374,0.19145973742111105,synthetic_fallback_fast,train,0,Low
1,MSFT,2023-03-23,2023-03-24,2023-04-06,0.14742142455708523,0.2784079414108099,0.2568359406594137,synthetic_fallback_fast,train,0,Low
0,AAPL,2023-03-24,2023-03-27,2023-04-07,0.09290023992645849,0.18316598459865716,0.18755529005423,synthetic_fallback_fast,train,0,Low
1,MSFT,2023-03-24,2023-03-27,2023-04-07,0.1540912317917328,0.27805204455442306,0.24967790931189401,synthetic_fallback_fast,train,0,Low
0,AAPL,2023-03-27,2023-03-28,2023-04-10,0.09100833676636323,0.1835238591353888,0.1825381187355857,synthetic_fallback_fast,train,0,Low
1,MSFT,2023-03-27,2023-03-28,2023-04-10,0.156348711928866,0.2752556631261474,0.2422030681102901,synthetic_fallback_fast,train,1,Medium
0,AAPL,2023-03-28,2023-03-29,2023-04-11,0.13037151535333238,0.1809760046604665,0.17896205471190127,synthetic_fallback_fast,train,0,Low
1,MSFT,2023-03-28,2023-03-29,2023-04-11,0.1332499140675497,0.28273570564210787,0.24674102157808042,synthetic_fallback_fast,train,0,Low
0,AAPL,2023-03-29,2023-03-30,2023-04-12,0.1305371024225845,0.14397386836911083,0.17388818046173685,synthetic_fallback_fast,train,0,Low
1,MSFT,2023-03-29,2023-03-30,2023-04-12,0.12589155027528984,0.20990485201671885,0.24185045199822447,synthetic_fallback_fast,train,0,Low
0,AAPL,2023-03-30,2023-03-31,2023-04-13,0.1459942122724544,0.1309407285448366,0.17013917836771564,synthetic_fallback_fast,train,1,Medium
1,MSFT,2023-03-30,2023-03-31,2023-04-13,0.15737351713243736,0.20723350347141922,0.23623116514279036,synthetic_fallback_fast,train,1,Medium
0,AAPL,2023-03-31,2023-04-03,2023-04-14,0.14310522515430604,0.13024175813391597,0.16702307605042574,synthetic_fallback_fast,train,1,Medium
1,MSFT,2023-03-31,2023-04-03,2023-04-14,0.1605347085078053,0.2012099114800665,0.22939497535320555,synthetic_fallback_fast,train,1,Medium
0,AAPL,2023-04-03,2023-04-04,2023-04-17,0.1441950238695394,0.13096824044686592,0.16261882338794928,synthetic_fallback_fast,train,1,Medium
1,MSFT,2023-04-03,2023-04-04,2023-04-17,0.1562930003663368,0.20266661420009585,0.22439038540901196,synthetic_fallback_fast,train,1,Medium
0,AAPL,2023-04-04,2023-04-05,2023-04-18,0.1458311634321151,0.128677621478914,0.15915298024943944,synthetic_fallback_fast,train,1,Medium
1,MSFT,2023-04-04,2023-04-05,2023-04-18,0.1335067470532702,0.20894738186404488,0.22680387153469864,synthetic_fallback_fast,train,0,Low
0,AAPL,2023-04-05,2023-04-06,2023-04-19,0.1456132635951321,0.12741718509924,0.15437955463880773,synthetic_fallback_fast,train,1,Medium
1,MSFT,2023-04-05,2023-04-06,2023-04-19,0.15267129364621349,0.2089435420217306,0.21995633053586466,synthetic_fallback_fast,train,0,Low
0,AAPL,2023-04-06,2023-04-07,2023-04-20,0.1446871011682332,0.10772046291826054,0.15035484935496315,synthetic_fallback_fast,train,1,Medium
1,MSFT,2023-04-06,2023-04-07,2023-04-20,0.15261187972336107,0.20957652422197778,0.21405503313798216,synthetic_fallback_fast,train,0,Low
0,AAPL,2023-04-07,2023-04-10,2023-04-21,0.13774171523626758,0.11149189665361146,0.15190047163444031,synthetic_fallback_fast,train,0,Low
1,MSFT,2023-04-07,2023-04-10,2023-04-21,0.14921850096579792,0.18999171930365383,0.21116631152004586,synthetic_fallback_fast,train,0,Low
0,AAPL,2023-04-10,2023-04-11,2023-04-24,0.14265732901400385,0.11123123147035681,0.14744692945646487,synthetic_fallback_fast,train,1,Medium
1,MSFT,2023-04-10,2023-04-11,2023-04-24,0.15272499583588398,0.1909007811098341,0.20596303707748584,synthetic_fallback_fast,train,0,Low
0,AAPL,2023-04-11,2023-04-12,2023-04-25,0.10094194760935428,0.13221605399369837,0.1632981765667438,synthetic_fallback_fast,train,0,Low
1,MSFT,2023-04-11,2023-04-12,2023-04-25,0.16071028438743565,0.1839119888132445,0.20395287316659752,synthetic_fallback_fast,train,1,Medium
0,AAPL,2023-04-12,2023-04-13,2023-04-26,0.12603046304179263,0.13133704569134977,0.1585298682782274,synthetic_fallback_fast,train,0,Low
1,MSFT,2023-04-12,2023-04-13,2023-04-26,0.17400169236979046,0.16881758921280698,0.19791041006503163,synthetic_fallback_fast,train,1,Medium
0,AAPL,2023-04-13,2023-04-14,2023-04-27,0.12909717144481112,0.1312442771871913,0.16326649013385142,synthetic_fallback_fast,train,0,Low
1,MSFT,2023-04-13,2023-04-14,2023-04-27,0.14443859813904047,0.17298113758405168,0.20741421715163633,synthetic_fallback_fast,train,0,Low
0,AAPL,2023-04-14,2023-04-17,2023-04-28,0.13255880166572126,0.13167806825097111,0.1586141207318709,synthetic_fallback_fast,train,0,Low
1,MSFT,2023-04-14,2023-04-17,2023-04-28,0.15852817844395467,0.17447275918067243,0.20302177249082298,synthetic_fallback_fast,train,1,Medium
0,AAPL,2023-04-17,2023-04-18,2023-05-01,0.12996761070921095,0.1302137263431488,0.15526314146827244,synthetic_fallback_fast,train,0,Low
1,MSFT,2023-04-17,2023-04-18,2023-05-01,0.1600792308559386,0.16506910671304112,0.196795840966213,synthetic_fallback_fast,train,1,Medium
0,AAPL,2023-04-18,2023-04-19,2023-05-02,0.12503191407394815,0.13281405277315148,0.15345800306599797,synthetic_fallback_fast,train,0,Low
1,MSFT,2023-04-18,2023-04-19,2023-05-02,0.16040342239773597,0.16498949793250398,0.1910107861419141,synthetic_fallback_fast,train,1,Medium
0,AAPL,2023-04-19,2023-04-20,2023-05-03,0.12851989916431955,0.11866239215817946,0.1489630172785374,synthetic_fallback_fast,train,0,Low
1,MSFT,2023-04-19,2023-04-20,2023-05-03,0.1856422472418303,0.16935396604622918,0.19412303312793047,synthetic_fallback_fast,train,1,Medium
0,AAPL,2023-04-20,2023-04-21,2023-05-04,0.1280611103160331,0.1178114051003414,0.1448412291602497,synthetic_fallback_fast,train,0,Low
1,MSFT,2023-04-20,2023-04-21,2023-05-04,0.18432852333773173,0.1500390986562136,0.18921104207496273,synthetic_fallback_fast,train,1,Medium
0,AAPL,2023-04-21,2023-04-24,2023-05-05,0.12440492738820025,0.117480284930329,0.14262535118832687,synthetic_fallback_fast,train,0,Low
1,MSFT,2023-04-21,2023-04-24,2023-05-05,0.18329783037310576,0.15167443546223164,0.18594677351771532,synthetic_fallback_fast,train,1,Medium
0,AAPL,2023-04-24,2023-04-25,2023-05-08,0.11873888002368702,0.1196528956657329,0.14141097972693176,synthetic_fallback_fast,train,0,Low
1,MSFT,2023-04-24,2023-04-25,2023-05-08,0.17864647691058622,0.1545474750277181,0.18325625199095807,synthetic_fallback_fast,train,1,Medium
0,AAPL,2023-04-25,2023-04-26,2023-05-09,0.11912672959789614,0.11658904065711709,0.13740390545581424,synthetic_fallback_fast,train,0,Low
1,MSFT,2023-04-25,2023-04-26,2023-05-09,0.16345406900080994,0.14762001068097072,0.18631299287705258,synthetic_fallback_fast,train,1,Medium
0,AAPL,2023-04-26,2023-04-27,2023-05-10,0.0913826716465113,0.1283035711182915,0.1459329913909542,synthetic_fallback_fast,train,0,Low
1,MSFT,2023-04-26,2023-04-27,2023-05-10,0.15561966455486628,0.151863872231461,0.18815764223402054,synthetic_fallback_fast,train,1,Medium
0,AAPL,2023-04-27,2023-04-28,2023-05-11,0.05048941912426724,0.13780491589944355,0.15350714946486294,synthetic_fallback_fast,train,0,Low
1,MSFT,2023-04-27,2023-04-28,2023-05-11,0.15687805240991015,0.1510445836946906,0.18385579913155198,synthetic_fallback_fast,train,1,Medium
0,AAPL,2023-04-28,2023-05-01,2023-05-12,0.04459708891652205,0.1379328484544502,0.1512737577339331,synthetic_fallback_fast,train,0,Low
1,MSFT,2023-04-28,2023-05-01,2023-05-12,0.1562258664298039,0.15953459812285914,0.18741545969722523,synthetic_fallback_fast,train,1,Medium
0,AAPL,2023-05-01,2023-05-02,2023-05-15,0.045285605390759716,0.1372657727589038,0.14665646076616573,synthetic_fallback_fast,train,0,Low
1,MSFT,2023-05-01,2023-05-02,2023-05-15,0.1548115973542069,0.15819744327096538,0.18268575361572267,synthetic_fallback_fast,train,1,Medium
0,AAPL,2023-05-02,2023-05-03,2023-05-16,0.05161525974249236,0.13583023920497125,0.14247076989847615,synthetic_fallback_fast,train,0,Low
1,MSFT,2023-05-02,2023-05-03,2023-05-16,0.1547559082341795,0.14756915230774414,0.17765457898602416,synthetic_fallback_fast,train,1,Medium
0,AAPL,2023-05-03,2023-05-04,2023-05-17,0.054032826777500695,0.1373327838064027,0.13954071741436117,synthetic_fallback_fast,train,0,Low
1,MSFT,2023-05-03,2023-05-04,2023-05-17,0.11160102274552611,0.16995818289303577,0.19318648606660993,synthetic_fallback_fast,train,0,Low
0,AAPL,2023-05-04,2023-05-05,2023-05-18,0.06332289277418209,0.13662723963368678,0.13545531116441534,synthetic_fallback_fast,train,0,Low
1,MSFT,2023-05-04,2023-05-05,2023-05-18,0.11421801300530093,0.16921493779889282,0.18747145171941482,synthetic_fallback_fast,train,0,Low
0,AAPL,2023-05-05,2023-05-08,2023-05-19,0.06685791045768433,0.13124283994697084,0.1312972234567449,synthetic_fallback_fast,train,0,Low
1,MSFT,2023-05-05,2023-05-08,2023-05-19,0.1165055403009527,0.1671290753429332,0.18364400459826785,synthetic_fallback_fast,train,0,Low
0,AAPL,2023-05-08,2023-05-09,2023-05-22,0.07616120901486935,0.1312441144407803,0.12649486698882637,synthetic_fallback_fast,train,0,Low
1,MSFT,2023-05-08,2023-05-09,2023-05-22,0.12467026736224884,0.1661918891908317,0.1777895966661741,synthetic_fallback_fast,train,0,Low
0,AAPL,2023-05-09,2023-05-10,2023-05-23,0.0978611572534471,0.11040936212989343,0.1218754977390292,synthetic_fallback_fast,train,0,Low
1,MSFT,2023-05-09,2023-05-10,2023-05-23,0.13029303703813427,0.16208798256010837,0.17255933117482347,synthetic_fallback_fast,train,0,Low
0,AAPL,2023-05-10,2023-05-11,2023-05-24,0.10168623325491734,0.11007831369480267,0.1172974321998416,synthetic_fallback_fast,train,0,Low
1,MSFT,2023-05-10,2023-05-11,2023-05-24,0.12452926544140484,0.16506675762206077,0.16978306403018842,synthetic_fallback_fast,train,0,Low
0,AAPL,2023-05-11,2023-05-12,2023-05-25,0.1529311000846779,0.09801852151138803,0.1134320327165828,synthetic_fallback_fast,train,1,Medium
1,MSFT,2023-05-11,2023-05-12,2023-05-25,0.13252331815916396,0.15078665716882536,0.16557622240497358,synthetic_fallback_fast,train,0,Low
0,AAPL,2023-05-12,2023-05-15,2023-05-26,0.15144369734312949,0.09889574368717849,0.11158363227543754,synthetic_fallback_fast,train,1,Medium
1,MSFT,2023-05-12,2023-05-15,2023-05-26,0.11376325817428529,0.1573812325255163,0.17023093743892576,synthetic_fallback_fast,train,0,Low
0,AAPL,2023-05-15,2023-05-16,2023-05-29,0.152329052479973,0.09732000279764848,0.10810929146763758,synthetic_fallback_fast,train,1,Medium
1,MSFT,2023-05-15,2023-05-16,2023-05-29,0.11576229286781158,0.1574674423917369,0.16531034158950608,synthetic_fallback_fast,train,0,Low
0,AAPL,2023-05-16,2023-05-17,2023-05-30,0.15192240291180428,0.09564809087294976,0.10543846446196706,synthetic_fallback_fast,train,1,Medium
1,MSFT,2023-05-16,2023-05-17,2023-05-30,0.11979006936829908,0.15760496351684533,0.16035794608263873,synthetic_fallback_fast,train,0,Low
0,AAPL,2023-05-17,2023-05-18,2023-05-31,0.14821181562336236,0.09858222672159081,0.10567963360522509,synthetic_fallback_fast,train,1,Medium
1,MSFT,2023-05-17,2023-05-18,2023-05-31,0.11136133337055945,0.15316303770630216,0.16072718060495791,synthetic_fallback_fast,train,0,Low
0,AAPL,2023-05-18,2023-05-19,2023-06-01,0.15714254809312092,0.10101840605717793,0.10546852957965312,synthetic_fallback_fast,train,1,Medium
1,MSFT,2023-05-18,2023-05-19,2023-06-01,0.11029681092665398,0.15333420852951862,0.15716910635248316,synthetic_fallback_fast,train,0,Low
0,AAPL,2023-05-19,2023-05-22,2023-06-02,0.15552837888364152,0.09986632602942573,0.10378214312382154,synthetic_fallback_fast,train,1,Medium
1,MSFT,2023-05-19,2023-05-22,2023-06-02,0.10503042561834788,0.15357674879405536,0.15555163968340718,synthetic_fallback_fast,train,0,Low
0,AAPL,2023-05-22,2023-05-23,2023-06-05,0.15161760088855122,0.09974831173480118,0.10468199341889281,synthetic_fallback_fast,train,1,Medium
1,MSFT,2023-05-22,2023-05-23,2023-06-05,0.11854211387806833,0.1540409674027322,0.154856861174955,synthetic_fallback_fast,train,0,Low
0,AAPL,2023-05-23,2023-05-24,2023-06-06,0.13810326648821772,0.10901372345643956,0.11240035506102262,synthetic_fallback_fast,train,0,Low
1,MSFT,2023-05-23,2023-05-24,2023-06-06,0.11226728344749289,0.14780647511787529,0.15312408600476324,synthetic_fallback_fast,train,0,Low
0,AAPL,2023-05-24,2023-05-25,2023-06-07,0.1354751473142336,0.09667182296519383,0.10923366081186027,synthetic_fallback_fast,train,0,Low
1,MSFT,2023-05-24,2023-05-25,2023-06-07,0.1308232035453549,0.14093441373125476,0.14516175820088353,synthetic_fallback_fast,train,0,Low
0,AAPL,2023-05-25,2023-05-26,2023-06-08,0.080838129480273,0.11387954780516053,0.13790479463720773,synthetic_fallback_fast,train,0,Low
1,MSFT,2023-05-25,2023-05-26,2023-06-08,0.12061863385064822,0.1452121778361607,0.14729395864169387,synthetic_fallback_fast,train,0,Low
0,AAPL,2023-05-26,2023-05-29,2023-06-09,0.07999093691286534,0.11163353842995745,0.13400660904723405,synthetic_fallback_fast,train,0,Low
1,MSFT,2023-05-26,2023-05-29,2023-06-09,0.11984516215494248,0.1366539429584306,0.14387984597374365,synthetic_fallback_fast,train,0,Low
0,AAPL,2023-05-29,2023-05-30,2023-06-12,0.078460312240924,0.11237198557704221,0.13087364815147778,synthetic_fallback_fast,train,0,Low
1,MSFT,2023-05-29,2023-05-30,2023-06-12,0.11768359409717548,0.13668858607318693,0.14073339888599923,synthetic_fallback_fast,train,0,Low
0,AAPL,2023-05-30,2023-05-31,2023-06-13,0.07779817713431299,0.11345605216290038,0.12830977534056484,synthetic_fallback_fast,train,0,Low
1,MSFT,2023-05-30,2023-05-31,2023-06-13,0.11581132070667155,0.1383818121225613,0.13894023378816875,synthetic_fallback_fast,train,0,Low
0,AAPL,2023-05-31,2023-06-01,2023-06-14,0.10403335627856174,0.11154884279978201,0.12451105058213784,synthetic_fallback_fast,train,0,Low
1,MSFT,2023-05-31,2023-06-01,2023-06-14,0.13031195927064165,0.11148124247584502,0.1366345979304173,synthetic_fallback_fast,train,0,Low
0,AAPL,2023-06-01,2023-06-02,2023-06-15,0.10734676684062833,0.11979893399043537,0.12937233645351967,synthetic_fallback_fast,train,0,Low
1,MSFT,2023-06-01,2023-06-02,2023-06-15,0.15579770523269423,0.11227453183039585,0.13349964472170914,synthetic_fallback_fast,train,1,Medium
0,AAPL,2023-06-02,2023-06-05,2023-06-16,0.12383371964793599,0.11970600826387386,0.12543766001945877,synthetic_fallback_fast,train,0,Low
1,MSFT,2023-06-02,2023-06-05,2023-06-16,0.16305470057472204,0.11091648034982948,0.12930468639555823,synthetic_fallback_fast,train,1,Medium
0,AAPL,2023-06-05,2023-06-06,2023-06-19,0.12329532603411078,0.11997588644766626,0.12202670902353328,synthetic_fallback_fast,train,0,Low
1,MSFT,2023-06-05,2023-06-06,2023-06-19,0.16173344605338358,0.12164478683210295,0.13718319830088407,synthetic_fallback_fast,train,1,Medium
0,AAPL,2023-06-06,2023-06-07,2023-06-20,0.12382926601637322,0.11968566813470104,0.11842521265944839,synthetic_fallback_fast,train,0,Low
1,MSFT,2023-06-06,2023-06-07,2023-06-20,0.16654574181874013,0.12161459294282972,0.13260179152606283,synthetic_fallback_fast,train,1,Medium
0,AAPL,2023-06-07,2023-06-08,2023-06-21,0.12370150016335325,0.11977813985320268,0.11504715510962306,synthetic_fallback_fast,train,0,Low
1,MSFT,2023-06-07,2023-06-08,2023-06-21,0.15135836182130244,0.1277150119156813,0.13935920571861388,synthetic_fallback_fast,train,0,Low
0,AAPL,2023-06-08,2023-06-09,2023-06-22,0.12328546650070107,0.12231664758114315,0.11471675560776004,synthetic_fallback_fast,train,0,Low
1,MSFT,2023-06-08,2023-06-09,2023-06-22,0.16661182246521566,0.1267108611917537,0.13611204484043418,synthetic_fallback_fast,train,1,Medium
0,AAPL,2023-06-09,2023-06-12,2023-06-23,0.12328879789547849,0.12110686077418446,0.11131369648246407,synthetic_fallback_fast,train,0,Low
1,MSFT,2023-06-09,2023-06-12,2023-06-23,0.1765334856105279,0.11684378845786698,0.13301079821332837,synthetic_fallback_fast,train,1,Medium
0,AAPL,2023-06-12,2023-06-13,2023-06-26,0.12324981315232875,0.12116138169068073,0.10825473285155174,synthetic_fallback_fast,train,0,Low
1,MSFT,2023-06-12,2023-06-13,2023-06-26,0.18272369469997551,0.11672689657838448,0.12862644781639265,synthetic_fallback_fast,train,1,Medium
0,AAPL,2023-06-13,2023-06-14,2023-06-27,0.12447056724766664,0.12069169994643074,0.10653749052123138,synthetic_fallback_fast,train,0,Low
1,MSFT,2023-06-13,2023-06-14,2023-06-27,0.18338940729234388,0.11781749174695037,0.1264380104400982,synthetic_fallback_fast,train,1,Medium
0,AAPL,2023-06-14,2023-06-15,2023-06-28,0.1035210377726949,0.12804233969464107,0.11600071112126174,synthetic_fallback_fast,train,0,Low
1,MSFT,2023-06-14,2023-06-15,2023-06-28,0.17992548345861759,0.12120757670010206,0.13284560470030315,synthetic_fallback_fast,train,1,Medium
0,AAPL,2023-06-15,2023-06-16,2023-06-29,0.08364125140243323,0.1345680288410569,0.12410136599909997,synthetic_fallback_fast,train,0,Low
1,MSFT,2023-06-15,2023-06-16,2023-06-29,0.16301839652808137,0.13497835281326323,0.1449733159121876,synthetic_fallback_fast,train,1,Medium
0,AAPL,2023-06-16,2023-06-19,2023-06-30,0.08610707401640322,0.14057714387484394,0.12954803713413535,synthetic_fallback_fast,train,0,Low
1,MSFT,2023-06-16,2023-06-19,2023-06-30,0.15447559203463768,0.13714631909949965,0.14639869351509444,synthetic_fallback_fast,train,0,Low
0,AAPL,2023-06-19,2023-06-20,2023-07-03,0.09454708299127432,0.13818399748353222,0.12566086884660124,synthetic_fallback_fast,train,0,Low
1,MSFT,2023-06-19,2023-06-20,2023-07-03,0.13872107292104746,0.14179199613339188,0.15159895444405827,synthetic_fallback_fast,train,0,Low
0,AAPL,2023-06-20,2023-06-21,2023-07-04,0.11010425403010736,0.1311605873287959,0.12215550292146608,synthetic_fallback_fast,train,0,Low
1,MSFT,2023-06-20,2023-06-21,2023-07-04,0.158664997533422,0.14202363720633646,0.14971384199794696,synthetic_fallback_fast,train,1,Medium
0,AAPL,2023-06-21,2023-06-22,2023-07-05,0.11205013746559137,0.12972196553104912,0.11861318885122672,synthetic_fallback_fast,train,0,Low
1,MSFT,2023-06-21,2023-06-22,2023-07-05,0.158949143374994,0.14146388987847333,0.14560139454254786,synthetic_fallback_fast,train,1,Medium
0,AAPL,2023-06-22,2023-06-23,2023-07-06,0.12446837961554448,0.1042451663823433,0.1181633399990307,synthetic_fallback_fast,train,0,Low
1,MSFT,2023-06-22,2023-06-23,2023-07-06,0.16051584882957337,0.14544475620863284,0.15243697147567098,synthetic_fallback_fast,train,1,Medium
0,AAPL,2023-06-23,2023-06-26,2023-07-07,0.14200619932744507,0.10391986738518803,0.11456946041142156,synthetic_fallback_fast,train,1,Medium
1,MSFT,2023-06-23,2023-06-26,2023-07-07,0.1542248958414637,0.15087566807432357,0.1554757257398631,synthetic_fallback_fast,train,0,Low
0,AAPL,2023-06-26,2023-06-27,2023-07-10,0.15211839254057377,0.10331151203768928,0.11146737959906082,synthetic_fallback_fast,train,1,Medium
1,MSFT,2023-06-26,2023-06-27,2023-07-10,0.14714739034980148,0.15368372868400645,0.15515900201119054,synthetic_fallback_fast,train,0,Low
0,AAPL,2023-06-27,2023-06-28,2023-07-11,0.15018600172540192,0.10379180718240204,0.11036080065665234,synthetic_fallback_fast,train,1,Medium
1,MSFT,2023-06-27,2023-06-28,2023-07-11,0.15712423496498482,0.15336873330451145,0.15195950235942568,synthetic_fallback_fast,train,1,Medium
0,AAPL,2023-06-28,2023-06-29,2023-07-12,0.15087533495254055,0.10377751317149078,0.10715813510182111,synthetic_fallback_fast,train,1,Medium
1,MSFT,2023-06-28,2023-06-29,2023-07-12,0.16089290132176853,0.1570897614849081,0.15366427157074175,synthetic_fallback_fast,train,1,Medium
0,AAPL,2023-06-29,2023-06-30,2023-07-13,0.15468683792480192,0.09622678236151633,0.10630998630271878,synthetic_fallback_fast,train,1,Medium
1,MSFT,2023-06-29,2023-06-30,2023-07-13,0.15501463114500194,0.15944893000951782,0.15280795214324053,synthetic_fallback_fast,train,1,Medium
0,AAPL,2023-06-30,2023-07-03,2023-07-14,0.14364729086197106,0.10665181273075003,0.1146667692304037,synthetic_fallback_fast,train,1,Medium
1,MSFT,2023-06-30,2023-07-03,2023-07-14,0.1572978600338284,0.15882308382908963,0.1481625273843734,synthetic_fallback_fast,train,1,Medium
0,AAPL,2023-07-03,2023-07-04,2023-07-17,0.14056538142638622,0.10986557314285625,0.1153321294339158,synthetic_fallback_fast,train,1,Medium
1,MSFT,2023-07-03,2023-07-04,2023-07-17,0.16032379869770572,0.15066725530895772,0.1437596266622526,synthetic_fallback_fast,train,1,Medium
0,AAPL,2023-07-04,2023-07-05,2023-07-18,0.13273115186124765,0.11716790063340757,0.1197405739392933,synthetic_fallback_fast,train,0,Low
1,MSFT,2023-07-04,2023-07-05,2023-07-18,0.20623465268046237,0.1626531056577698,0.15474952290292177,synthetic_fallback_fast,train,1,Medium
0,AAPL,2023-07-05,2023-07-06,2023-07-19,0.1370167723123867,0.11801968998587059,0.11738840648771649,synthetic_fallback_fast,train,0,Low
1,MSFT,2023-07-05,2023-07-06,2023-07-19,0.2098181097474381,0.1552001673209032,0.15077659563714393,synthetic_fallback_fast,train,1,Medium
0,AAPL,2023-07-06,2023-07-07,2023-07-20,0.12838975552361712,0.12387833501951578,0.12403173337861159,synthetic_fallback_fast,train,0,Low
1,MSFT,2023-07-06,2023-07-07,2023-07-20,0.23372761802308573,0.16359223256417005,0.15753320482651828,synthetic_fallback_fast,train,1,Medium
0,AAPL,2023-07-07,2023-07-10,2023-07-21,0.1546643057450074,0.13297723176156548,0.13152171468707086,synthetic_fallback_fast,train,1,Medium
1,MSFT,2023-07-07,2023-07-10,2023-07-21,0.25529542855049714,0.16575492457105578,0.15634721077258087,synthetic_fallback_fast,train,2,High
0,AAPL,2023-07-10,2023-07-11,2023-07-24,0.14600438688808853,0.1384386539070863,0.13468316855759338,synthetic_fallback_fast,train,1,Medium
1,MSFT,2023-07-10,2023-07-11,2023-07-24,0.255749322862663,0.16589198758765702,0.15187434013322795,synthetic_fallback_fast,train,2,High
0,AAPL,2023-07-11,2023-07-12,2023-07-25,0.15358353506754122,0.13792888969541212,0.13110927944349862,synthetic_fallback_fast,train,1,Medium
1,MSFT,2023-07-11,2023-07-12,2023-07-25,0.24793695070330968,0.17076255432671553,0.1552370452301106,synthetic_fallback_fast,train,2,High
0,AAPL,2023-07-12,2023-07-13,2023-07-26,0.17408664744132532,0.12938309773416512,0.12774439582258262,synthetic_fallback_fast,train,1,Medium
1,MSFT,2023-07-12,2023-07-13,2023-07-26,0.27854830397912594,0.17067469832045054,0.15869163371706693,synthetic_fallback_fast,train,2,High
0,AAPL,2023-07-13,2023-07-14,2023-07-27,0.20116287400234228,0.12434604288705567,0.1286770475365547,synthetic_fallback_fast,train,1,Medium
1,MSFT,2023-07-13,2023-07-14,2023-07-27,0.28106667986590617,0.15906686247551335,0.1539723713272297,synthetic_fallback_fast,train,2,High
0,AAPL,2023-07-14,2023-07-17,2023-07-28,0.20319583104245978,0.1184250234698099,0.1270235267517302,synthetic_fallback_fast,train,1,Medium
1,MSFT,2023-07-14,2023-07-17,2023-07-28,0.2807739186297762,0.15589311291021438,0.15078841217887123,synthetic_fallback_fast,train,2,High
0,AAPL,2023-07-17,2023-07-18,2023-07-31,0.22423921909287883,0.11978684685244946,0.12471877313026485,synthetic_fallback_fast,train,1,Medium
1,MSFT,2023-07-17,2023-07-18,2023-07-31,0.2887443176364726,0.14991206839549148,0.1482058104995157,synthetic_fallback_fast,train,2,High
0,AAPL,2023-07-18,2023-07-19,2023-08-01,0.2451441622422942,0.12194364565228479,0.12392840579024673,synthetic_fallback_fast,train,2,High
1,MSFT,2023-07-18,2023-07-19,2023-08-01,0.2497660593514942,0.18399363223833556,0.18783044873561752,synthetic_fallback_fast,train,2,High
0,AAPL,2023-07-19,2023-07-20,2023-08-02,0.24644503695282519,0.12515755910244164,0.12380450196913907,synthetic_fallback_fast,train,2,High
1,MSFT,2023-07-19,2023-07-20,2023-08-02,0.2671784676599356,0.18612961795162042,0.18496334276258197,synthetic_fallback_fast,train,2,High
0,AAPL,2023-07-20,2023-07-21,2023-08-03,0.2437991650277961,0.12644427003137282,0.12426674278155225,synthetic_fallback_fast,train,2,High
1,MSFT,2023-07-20,2023-07-21,2023-08-03,0.23584922386211438,0.20049181673103758,0.20541487390666235,synthetic_fallback_fast,train,1,Medium
0,AAPL,2023-07-21,2023-07-24,2023-08-04,0.21879791052382877,0.14847021270108557,0.14774068349756753,synthetic_fallback_fast,train,1,Medium
1,MSFT,2023-07-21,2023-07-24,2023-08-04,0.21417332056241242,0.2109040947161675,0.21698070638905967,synthetic_fallback_fast,train,1,Medium
0,AAPL,2023-07-24,2023-07-25,2023-08-07,0.21767262325344036,0.1490927334575611,0.1443479924693406,synthetic_fallback_fast,train,1,Medium
1,MSFT,2023-07-24,2023-07-25,2023-08-07,0.21674369813045197,0.2086385278795212,0.21091357400360825,synthetic_fallback_fast,train,1,Medium
0,AAPL,2023-07-25,2023-07-26,2023-08-08,0.2128681393229287,0.15189426809150022,0.14534096718713196,synthetic_fallback_fast,train,1,Medium
1,MSFT,2023-07-25,2023-07-26,2023-08-08,0.21871994936171082,0.20755813250435065,0.20460415545302105,synthetic_fallback_fast,train,1,Medium
0,AAPL,2023-07-26,2023-07-27,2023-08-09,0.20562073827095445,0.16289494699713924,0.1551106022980423,synthetic_fallback_fast,train,1,Medium
1,MSFT,2023-07-26,2023-07-27,2023-08-09,0.1661685025124165,0.2274595385396971,0.22685459303975625,synthetic_fallback_fast,train,1,Medium
0,AAPL,2023-07-27,2023-07-28,2023-08-10,0.197802479990914,0.17943594916300382,0.17314734486815062,synthetic_fallback_fast,train,1,Medium
1,MSFT,2023-07-27,2023-07-28,2023-08-10,0.16463360862700732,0.2269669738088174,0.2219940863556481,synthetic_fallback_fast,train,1,Medium
0,AAPL,2023-07-28,2023-07-31,2023-08-11,0.20419512932750694,0.17595892976063987,0.1710903190214118,synthetic_fallback_fast,train,1,Medium
1,MSFT,2023-07-28,2023-07-31,2023-08-11,0.19945162736782587,0.22757043981363448,0.21609101537686154,synthetic_fallback_fast,train,1,Medium
0,AAPL,2023-07-31,2023-08-01,2023-08-14,0.18126805067843202,0.18713879052047114,0.18266150777118037,synthetic_fallback_fast,train,1,Medium
1,MSFT,2023-07-31,2023-08-01,2023-08-14,0.18516766787060862,0.23353479547619307,0.21742166522360026,synthetic_fallback_fast,train,1,Medium
0,AAPL,2023-08-01,2023-08-02,2023-08-15,0.15180151042245565,0.197120799201771,0.19503526173714986,synthetic_fallback_fast,train,1,Medium
1,MSFT,2023-08-01,2023-08-02,2023-08-15,0.1902909758254663,0.2290369144594437,0.21564936293962103,synthetic_fallback_fast,train,1,Medium
0,AAPL,2023-08-02,2023-08-03,2023-08-16,0.19267272424013232,0.19938499458783726,0.1927603584549385,synthetic_fallback_fast,train,1,Medium
1,MSFT,2023-08-02,2023-08-03,2023-08-16,0.18152812128386403,0.24021654060357625,0.2241710915784997,synthetic_fallback_fast,train,1,Medium
0,AAPL,2023-08-03,2023-08-04,2023-08-17,0.21593226534224913,0.194835779814264,0.18788059538476887,synthetic_fallback_fast,train,1,Medium
1,MSFT,2023-08-03,2023-08-04,2023-08-17,0.2552346589299596,0.23479081734930266,0.21853073787084545,synthetic_fallback_fast,train,2,High
0,AAPL,2023-08-04,2023-08-07,2023-08-18,0.2549290404801794,0.18946447308292197,0.18312606897648565,synthetic_fallback_fast,train,2,High
1,MSFT,2023-08-04,2023-08-07,2023-08-18,0.25156492834322963,0.2356331545851643,0.21546537785214065,synthetic_fallback_fast,train,2,High
0,AAPL,2023-08-07,2023-08-08,2023-08-21,0.25546825987334815,0.18533571148675154,0.17763750156171024,synthetic_fallback_fast,train,2,High
1,MSFT,2023-08-07,2023-08-08,2023-08-21,0.24873456591358617,0.23705014957174686,0.211072059899198,synthetic_fallback_fast,train,2,High
0,AAPL,2023-08-08,2023-08-09,2023-08-22,0.2602765880289468,0.18560811806417365,0.17305252257443854,synthetic_fallback_fast,train,2,High
1,MSFT,2023-08-08,2023-08-09,2023-08-22,0.25709371092503847,0.23378531580581016,0.20603851482283062,synthetic_fallback_fast,train,2,High
0,AAPL,2023-08-09,2023-08-10,2023-08-23,0.2688344668834254,0.19050728178268234,0.17472214689699866,synthetic_fallback_fast,train,2,High
1,MSFT,2023-08-09,2023-08-10,2023-08-23,0.26224271121288834,0.22934812935455404,0.2000463722693241,synthetic_fallback_fast,train,2,High
0,AAPL,2023-08-10,2023-08-11,2023-08-24,0.2519536415435863,0.19948975282885859,0.18475594037241677,synthetic_fallback_fast,train,2,High
1,MSFT,2023-08-10,2023-08-11,2023-08-24,0.26171107298255786,0.23032879066716172,0.1954741196577056,synthetic_fallback_fast,train,2,High
0,AAPL,2023-08-11,2023-08-14,2023-08-25,0.3032226474738701,0.20369609298427052,0.18635645106588125,synthetic_fallback_fast,train,2,High
1,MSFT,2023-08-11,2023-08-14,2023-08-25,0.27002333529275246,0.24353125573773304,0.20961927470020747,synthetic_fallback_fast,train,2,High
0,AAPL,2023-08-14,2023-08-15,2023-08-28,0.3148128104970052,0.20388885891110226,0.18205211774834698,synthetic_fallback_fast,train,2,High
1,MSFT,2023-08-14,2023-08-15,2023-08-28,0.2702327919186468,0.2425493209555453,0.20330168993363804,synthetic_fallback_fast,train,2,High
0,AAPL,2023-08-15,2023-08-16,2023-08-29,0.3131728948027109,0.2038864375676018,0.1784276727988137,synthetic_fallback_fast,train,2,High
1,MSFT,2023-08-15,2023-08-16,2023-08-29,0.26132504388657335,0.22202898446439637,0.20508907797834808,synthetic_fallback_fast,train,2,High
0,AAPL,2023-08-16,2023-08-17,2023-08-30,0.29042343367708084,0.22119893185184397,0.19953394029660287,synthetic_fallback_fast,train,2,High
1,MSFT,2023-08-16,2023-08-17,2023-08-30,0.2493565776408595,0.22840401966467283,0.21009319711661345,synthetic_fallback_fast,train,2,High
0,AAPL,2023-08-17,2023-08-18,2023-08-31,0.2779101931986498,0.2302876202535495,0.20811166174126072,synthetic_fallback_fast,train,2,High
1,MSFT,2023-08-17,2023-08-18,2023-08-31,0.1708064970693958,0.24573317594034236,0.24783597757883774,synthetic_fallback_fast,train,1,Medium
0,AAPL,2023-08-18,2023-08-21,2023-09-01,0.24317450731684728,0.2375514063626422,0.22841944653777357,synthetic_fallback_fast,train,2,High
1,MSFT,2023-08-18,2023-08-21,2023-09-01,0.16855998887574458,0.23361841153156584,0.24134252781214752,synthetic_fallback_fast,train,1,Medium
0,AAPL,2023-08-21,2023-08-22,2023-09-04,0.2645622140301114,0.23732404294208234,0.2219199640306077,synthetic_fallback_fast,train,2,High
1,MSFT,2023-08-21,2023-08-22,2023-09-04,0.22466156526378198,0.23328814260425307,0.23411657216197748,synthetic_fallback_fast,train,1,Medium
0,AAPL,2023-08-22,2023-08-23,2023-09-05,0.28980531095384077,0.2377569631102272,0.21929610175769929,synthetic_fallback_fast,train,2,High
1,MSFT,2023-08-22,2023-08-23,2023-09-05,0.21756392318959733,0.23867927480826293,0.23375805869322386,synthetic_fallback_fast,train,1,Medium
0,AAPL,2023-08-23,2023-08-24,2023-09-06,0.33285895235779206,0.23932390038563625,0.22438701254326973,synthetic_fallback_fast,train,2,High
1,MSFT,2023-08-23,2023-08-24,2023-09-06,0.21803370707352895,0.21952586500399596,0.23053257122059448,synthetic_fallback_fast,train,1,Medium
0,AAPL,2023-08-24,2023-08-25,2023-09-07,0.3393945697587145,0.22650216177514723,0.21776230429693721,synthetic_fallback_fast,train,2,High
1,MSFT,2023-08-24,2023-08-25,2023-09-07,0.41803969440556593,0.21862857865708266,0.22449704053117192,synthetic_fallback_fast,train,2,High
0,AAPL,2023-08-25,2023-08-28,2023-09-08,0.2916771575733895,0.25849528504611086,0.2538498607614861,synthetic_fallback_fast,train,2,High
1,MSFT,2023-08-25,2023-08-28,2023-09-08,0.39925388273197976,0.23737475988644655,0.24103941447439806,synthetic_fallback_fast,train,2,High
0,AAPL,2023-08-28,2023-08-29,2023-09-11,0.3379094290419908,0.25687079616976893,0.2558082766931728,synthetic_fallback_fast,train,2,High
1,MSFT,2023-08-28,2023-08-29,2023-09-11,0.4268880134523077,0.23163854067575484,0.23381971534017842,synthetic_fallback_fast,train,2,High
0,AAPL,2023-08-29,2023-08-30,2023-09-12,0.3685463999292334,0.24609039051296652,0.24831255094803348,synthetic_fallback_fast,train,2,High
1,MSFT,2023-08-29,2023-08-30,2023-09-12,0.4313110532745855,0.22858415741574004,0.2275540682953237,synthetic_fallback_fast,train,2,High
0,AAPL,2023-08-30,2023-08-31,2023-09-13,0.3679845506839578,0.24644324853290248,0.2441206662944059,synthetic_fallback_fast,train,2,High
1,MSFT,2023-08-30,2023-08-31,2023-09-13,0.4296440495151752,0.21809534798983132,0.22251615278923176,synthetic_fallback_fast,train,2,High
0,AAPL,2023-08-31,2023-09-01,2023-09-14,0.3702294021766359,0.24885821133684374,0.24048613061404928,synthetic_fallback_fast,train,2,High
1,MSFT,2023-08-31,2023-09-01,2023-09-14,0.44413272754672073,0.2171630615001206,0.21586055495093678,synthetic_fallback_fast,train,2,High
0,AAPL,2023-09-01,2023-09-04,2023-09-15,0.3698259741907124,0.24912111180000013,0.23432352641201498,synthetic_fallback_fast,train,2,High
1,MSFT,2023-09-01,2023-09-04,2023-09-15,0.4445595811819259,0.21412307561555038,0.20941833579670022,synthetic_fallback_fast,train,2,High
0,AAPL,2023-09-04,2023-09-05,2023-09-18,0.3889156972404127,0.260054991199199,0.24163860411695107,synthetic_fallback_fast,train,2,High
1,MSFT,2023-09-04,2023-09-05,2023-09-18,0.4286020493780673,0.23700390628320106,0.233724954310804,synthetic_fallback_fast,train,2,High
0,AAPL,2023-09-05,2023-09-06,2023-09-19,0.3666597058705672,0.27543694426587223,0.25526584759927623,synthetic_fallback_fast,train,2,High
1,MSFT,2023-09-05,2023-09-06,2023-09-19,0.4263348621987553,0.23815041136942872,0.22933181886531726,synthetic_fallback_fast,train,2,High
0,AAPL,2023-09-06,2023-09-07,2023-09-20,0.3213520520982629,0.3025450815574618,0.28727230395630143,synthetic_fallback_fast,train,2,High
1,MSFT,2023-09-06,2023-09-07,2023-09-20,0.42285527525421085,0.24115341279412963,0.22645413518333332,synthetic_fallback_fast,train,2,High
0,AAPL,2023-09-07,2023-09-08,2023-09-21,0.3175739428032326,0.29888903582163806,0.28343333095801504,synthetic_fallback_fast,train,2,High
1,MSFT,2023-09-07,2023-09-08,2023-09-21,0.28282938721252715,0.3487476679638021,0.354076913855457,synthetic_fallback_fast,train,2,High
0,AAPL,2023-09-08,2023-09-11,2023-09-22,0.32357471097701757,0.2975059143875587,0.27773539076335857,synthetic_fallback_fast,train,2,High
1,MSFT,2023-09-08,2023-09-11,2023-09-22,0.3190938765213886,0.34081979437760335,0.34539098519889594,synthetic_fallback_fast,train,2,High
0,AAPL,2023-09-11,2023-09-12,2023-09-25,0.27203652633642583,0.3265653746866832,0.3081830634751169,synthetic_fallback_fast,train,2,High
1,MSFT,2023-09-11,2023-09-12,2023-09-25,0.282295102852535,0.357252808146699,0.35498490415990147,synthetic_fallback_fast,train,2,High
0,AAPL,2023-09-12,2023-09-13,2023-09-26,0.22943112376750716,0.34198224437820474,0.3201974075654323,synthetic_fallback_fast,train,2,High
1,MSFT,2023-09-12,2023-09-13,2023-09-26,0.274838927928747,0.3565950106487413,0.3480614166479731,synthetic_fallback_fast,train,2,High
0,AAPL,2023-09-13,2023-09-14,2023-09-27,0.3031936004083192,0.33148031643738674,0.31271368652341325,synthetic_fallback_fast,train,2,High
1,MSFT,2023-09-13,2023-09-14,2023-09-27,0.2763188383446684,0.35126394071734746,0.33760888314281096,synthetic_fallback_fast,train,2,High
0,AAPL,2023-09-14,2023-09-15,2023-09-28,0.2955764841643922,0.3273407137217887,0.3078500391182155,synthetic_fallback_fast,train,2,High
1,MSFT,2023-09-14,2023-09-15,2023-09-28,0.2534566017907758,0.3364734306889678,0.3388103231315093,synthetic_fallback_fast,train,2,High
0,AAPL,2023-09-15,2023-09-18,2023-09-29,0.30965509941277036,0.31297371470692303,0.29913318297386177,synthetic_fallback_fast,train,2,High
1,MSFT,2023-09-15,2023-09-18,2023-09-29,0.25366688138852356,0.3361887052463546,0.3288854934697392,synthetic_fallback_fast,train,2,High
0,AAPL,2023-09-18,2023-09-19,2023-10-02,0.2719741055908894,0.33260230354923187,0.31570647788055217,synthetic_fallback_fast,train,2,High
1,MSFT,2023-09-18,2023-09-19,2023-10-02,0.23732208240573788,0.3421787074306727,0.32658007668231326,synthetic_fallback_fast,train,2,High
0,AAPL,2023-09-19,2023-09-20,2023-10-03,0.2750153411311859,0.3304742487442427,0.30631423087630555,synthetic_fallback_fast,train,2,High
1,MSFT,2023-09-19,2023-09-20,2023-10-03,0.2500145042353497,0.33844901787394854,0.31679903655045366,synthetic_fallback_fast,train,2,High
0,AAPL,2023-09-20,2023-09-21,2023-10-04,0.2758098236602177,0.3271560969571648,0.30126195292424707,synthetic_fallback_fast,train,2,High
1,MSFT,2023-09-20,2023-09-21,2023-10-04,0.25113013356215785,0.33641141570296024,0.3073335522104013,synthetic_fallback_fast,train,2,High
0,AAPL,2023-09-21,2023-09-22,2023-10-05,0.27504550384879595,0.3286653945346953,0.2944591171801841,synthetic_fallback_fast,train,2,High
1,MSFT,2023-09-21,2023-09-22,2023-10-05,0.19378635245078227,0.35689609718355886,0.32616841802279495,synthetic_fallback_fast,train,1,Medium
0,AAPL,2023-09-22,2023-09-25,2023-10-06,0.26485052017118293,0.3080390866707927,0.2923330759845652,synthetic_fallback_fast,train,2,High
1,MSFT,2023-09-22,2023-09-25,2023-10-06,0.11596744909442779,0.36140321312213636,0.3386458407776334,synthetic_fallback_fast,train,0,Low
0,AAPL,2023-09-25,2023-09-26,2023-10-09,0.25253358333693954,0.30674635604736455,0.29025738555645453,synthetic_fallback_fast,train,2,High
1,MSFT,2023-09-25,2023-09-26,2023-10-09,0.119832272828358,0.3618866543019934,0.3292700029607808,synthetic_fallback_fast,train,0,Low
0,AAPL,2023-09-26,2023-09-27,2023-10-10,0.26169398081187517,0.30697319871123896,0.2819439972563541,synthetic_fallback_fast,train,2,High
1,MSFT,2023-09-26,2023-09-27,2023-10-10,0.1479121797768281,0.3616390887209618,0.31938788960201503,synthetic_fallback_fast,train,0,Low
0,AAPL,2023-09-27,2023-09-28,2023-10-11,0.17230811222845951,0.3371490685665866,0.3160063390811911,synthetic_fallback_fast,train,1,Medium
1,MSFT,2023-09-27,2023-09-28,2023-10-11,0.15552482028126166,0.3612105408954349,0.3106312897203965,synthetic_fallback_fast,train,1,Medium
0,AAPL,2023-09-28,2023-09-29,2023-10-12,0.17332985949340562,0.33498900595918996,0.3064822182721104,synthetic_fallback_fast,train,1,Medium
1,MSFT,2023-09-28,2023-09-29,2023-10-12,0.1554913874098387,0.36158963527002375,0.3017385598165456,synthetic_fallback_fast,train,1,Medium
0,AAPL,2023-09-29,2023-10-02,2023-10-13,0.14762109318443048,0.34107003076966624,0.30623006250061274,synthetic_fallback_fast,train,1,Medium
1,MSFT,2023-09-29,2023-10-02,2023-10-13,0.15858393817448557,0.36192548123476237,0.2931934853889953,synthetic_fallback_fast,train,1,Medium
0,AAPL,2023-10-02,2023-10-03,2023-10-16,0.1348029424124823,0.3355781083980007,0.3007241113986958,synthetic_fallback_fast,train,0,Low
1,MSFT,2023-10-02,2023-10-03,2023-10-16,0.16775714857688254,0.34642566845463046,0.2845827579841282,synthetic_fallback_fast,train,1,Medium
0,AAPL,2023-10-03,2023-10-04,2023-10-17,0.12919087757852815,0.3240931793223929,0.29355035460346546,synthetic_fallback_fast,train,0,Low
1,MSFT,2023-10-03,2023-10-04,2023-10-17,0.24107232315729382,0.3494772289106111,0.282676649500926,synthetic_fallback_fast,train,2,High
0,AAPL,2023-10-04,2023-10-05,2023-10-18,0.1138770250349583,0.2994479923252492,0.289546553010645,synthetic_fallback_fast,train,0,Low
1,MSFT,2023-10-04,2023-10-05,2023-10-18,0.23992965850027428,0.34775920389923665,0.2748613228555569,synthetic_fallback_fast,train,2,High
0,AAPL,2023-10-05,2023-10-06,2023-10-19,0.1229334326408877,0.29707174077571635,0.28272692671257527,synthetic_fallback_fast,train,0,Low
1,MSFT,2023-10-05,2023-10-06,2023-10-19,0.2504956183957708,0.24243103418002454,0.2706582679790917,synthetic_fallback_fast,train,2,High
0,AAPL,2023-10-06,2023-10-09,2023-10-20,0.15524948221896126,0.29567413787716246,0.27540619143072503,synthetic_fallback_fast,train,1,Medium
1,MSFT,2023-10-06,2023-10-09,2023-10-20,0.2595832430045471,0.2400722300505786,0.2626387619863206,synthetic_fallback_fast,train,2,High
0,AAPL,2023-10-09,2023-10-10,2023-10-23,0.1555487118994194,0.26246626676030566,0.26720446532652103,synthetic_fallback_fast,train,1,Medium
1,MSFT,2023-10-09,2023-10-10,2023-10-23,0.26055159580139886,0.21685282878686798,0.2568697513063836,synthetic_fallback_fast,train,2,High
0,AAPL,2023-10-10,2023-10-11,2023-10-24,0.1511821144601679,0.24609183260155876,0.2651395090459541,synthetic_fallback_fast,train,1,Medium
1,MSFT,2023-10-10,2023-10-11,2023-10-24,0.24747614179324112,0.22069713322940526,0.2574717041972217,synthetic_fallback_fast,train,2,High
0,AAPL,2023-10-11,2023-10-12,2023-10-25,0.14229736122278283,0.2465932327419945,0.2603688159003908,synthetic_fallback_fast,train,1,Medium
1,MSFT,2023-10-11,2023-10-12,2023-10-25,0.2477142064402817,0.2242098014669137,0.2535578008887324,synthetic_fallback_fast,train,2,High
0,AAPL,2023-10-12,2023-10-13,2023-10-26,0.20224641801875912,0.24228980393630567,0.25307107520311584,synthetic_fallback_fast,train,1,Medium
1,MSFT,2023-10-12,2023-10-13,2023-10-26,0.25898502416317487,0.2102591502764677,0.24612283113757408,synthetic_fallback_fast,train,2,High
0,AAPL,2023-10-13,2023-10-16,2023-10-27,0.20550869471816777,0.2425677923234028,0.24608611098380784,synthetic_fallback_fast,train,1,Medium
1,MSFT,2023-10-13,2023-10-16,2023-10-27,0.2566325170234853,0.2115369378622896,0.2402345281593204,synthetic_fallback_fast,train,2,High
0,AAPL,2023-10-16,2023-10-17,2023-10-30,0.21129032451856355,0.21464126746158027,0.23889469526545704,synthetic_fallback_fast,train,1,Medium
1,MSFT,2023-10-16,2023-10-17,2023-10-30,0.2692337401610457,0.20550453972606308,0.23711001675459215,synthetic_fallback_fast,train,2,High
0,AAPL,2023-10-17,2023-10-18,2023-10-31,0.21436662363436823,0.21485311343684643,0.23210314635384124,synthetic_fallback_fast,train,1,Medium
1,MSFT,2023-10-17,2023-10-18,2023-10-31,0.1938753173032763,0.24558411728011076,0.2734692233517933,synthetic_fallback_fast,train,1,Medium
0,AAPL,2023-10-18,2023-10-19,2023-11-01,0.23026421171802866,0.21099648771756002,0.22604580626463056,synthetic_fallback_fast,train,2,High
1,MSFT,2023-10-18,2023-10-19,2023-11-01,0.19927146917293007,0.24559375502138228,0.26480160629065536,synthetic_fallback_fast,train,1,Medium
0,AAPL,2023-10-19,2023-10-20,2023-11-02,0.27194412183973515,0.21302893940531845,0.22417892913281418,synthetic_fallback_fast,train,2,High
1,MSFT,2023-10-19,2023-10-20,2023-11-02,0.25171567756628227,0.223943302234805,0.26690748750332904,synthetic_fallback_fast,train,2,High
0,AAPL,2023-10-20,2023-10-23,2023-11-03,0.2943975298499592,0.2170808602389922,0.23099143677928757,synthetic_fallback_fast,train,2,High
1,MSFT,2023-10-20,2023-10-23,2023-11-03,0.24768831823600213,0.2010371971778189,0.2643469900271841,synthetic_fallback_fast,train,2,High
0,AAPL,2023-10-23,2023-10-24,2023-11-06,0.2946785621104988,0.20972435777296297,0.22392548941069038,synthetic_fallback_fast,train,2,High
1,MSFT,2023-10-23,2023-10-24,2023-11-06,0.2431606026683373,0.20278918571495075,0.25895246530886695,synthetic_fallback_fast,train,2,High
0,AAPL,2023-10-24,2023-10-25,2023-11-07,0.29001033731463716,0.21370513719353285,0.2220873806353431,synthetic_fallback_fast,train,2,High
1,MSFT,2023-10-24,2023-10-25,2023-11-07,0.2482670688811536,0.203865707860838,0.25239112331017355,synthetic_fallback_fast,train,2,High
0,AAPL,2023-10-25,2023-10-26,2023-11-08,0.29047392128644167,0.15801681010370788,0.2155795338729561,synthetic_fallback_fast,train,2,High
1,MSFT,2023-10-25,2023-10-26,2023-11-08,0.25257336885537407,0.2068215387669491,0.24852987974108287,synthetic_fallback_fast,train,2,High
0,AAPL,2023-10-26,2023-10-27,2023-11-09,0.264995327056966,0.18834390591869754,0.23770038958947998,synthetic_fallback_fast,train,2,High
1,MSFT,2023-10-26,2023-10-27,2023-11-09,0.24321207395612973,0.2136010466962145,0.24886368471919537,synthetic_fallback_fast,train,2,High
0,AAPL,2023-10-27,2023-10-30,2023-11-10,0.2611521471460366,0.17892150619438035,0.23340906458613728,synthetic_fallback_fast,train,2,High
1,MSFT,2023-10-27,2023-10-30,2023-11-10,0.24330565791823613,0.21331797186446638,0.24169831935023886,synthetic_fallback_fast,train,2,High
0,AAPL,2023-10-30,2023-10-31,2023-11-13,0.260768266361759,0.17722222563525003,0.22982407223684168,synthetic_fallback_fast,train,2,High
1,MSFT,2023-10-30,2023-10-31,2023-11-13,0.22372534932702706,0.22430923714790668,0.24674481474683882,synthetic_fallback_fast,train,1,Medium
0,AAPL,2023-10-31,2023-11-01,2023-11-14,0.25828782546656187,0.17697928152457443,0.22518303122665026,synthetic_fallback_fast,train,2,High
1,MSFT,2023-10-31,2023-11-01,2023-11-14,0.22743378195506003,0.21875043274460143,0.24103896221453605,synthetic_fallback_fast,train,1,Medium
0,AAPL,2023-11-01,2023-11-02,2023-11-15,0.26460222253425997,0.18164468617184712,0.2290128380623363,synthetic_fallback_fast,train,2,High
1,MSFT,2023-11-01,2023-11-02,2023-11-15,0.23013270826210705,0.22053951964942275,0.2367980428625325,synthetic_fallback_fast,train,1,Medium
0,AAPL,2023-11-02,2023-11-03,2023-11-16,0.2128527398998513,0.21102871162955103,0.2534667149493289,synthetic_fallback_fast,train,1,Medium
1,MSFT,2023-11-02,2023-11-03,2023-11-16,0.14646618776015655,0.2511063889750042,0.2690345033652491,synthetic_fallback_fast,train,0,Low
0,AAPL,2023-11-03,2023-11-06,2023-11-17,0.16540528613085273,0.23534263034033295,0.2723101804570908,synthetic_fallback_fast,train,1,Medium
1,MSFT,2023-11-03,2023-11-06,2023-11-17,0.1558264938410916,0.2537055015557771,0.2636698868532505,synthetic_fallback_fast,train,1,Medium
0,AAPL,2023-11-06,2023-11-07,2023-11-20,0.18009674222639263,0.23561712240526966,0.264506295756141,synthetic_fallback_fast,train,1,Medium
1,MSFT,2023-11-06,2023-11-07,2023-11-20,0.1557259723880663,0.2520061633816567,0.25590104810138203,synthetic_fallback_fast,train,1,Medium
0,AAPL,2023-11-07,2023-11-08,2023-11-21,0.1773817492098798,0.23125962410459475,0.25788491482486914,synthetic_fallback_fast,train,1,Medium
1,MSFT,2023-11-07,2023-11-08,2023-11-21,0.15695779390276546,0.24787192080559253,0.25244044050957326,synthetic_fallback_fast,train,1,Medium
0,AAPL,2023-11-08,2023-11-09,2023-11-22,0.17822095760722867,0.22871777145478772,0.250078970203857,synthetic_fallback_fast,train,1,Medium
1,MSFT,2023-11-08,2023-11-09,2023-11-22,0.1394205176713636,0.25015558631308976,0.25130488361006564,synthetic_fallback_fast,train,0,Low
0,AAPL,2023-11-09,2023-11-10,2023-11-23,0.16220613821860524,0.2357181971798603,0.250760755326795,synthetic_fallback_fast,train,1,Medium
1,MSFT,2023-11-09,2023-11-10,2023-11-23,0.1341000740122999,0.2512223672952333,0.24458178762259,synthetic_fallback_fast,train,0,Low
0,AAPL,2023-11-10,2023-11-13,2023-11-24,0.16488698307044045,0.23498326276966006,0.2427202370638438,synthetic_fallback_fast,train,1,Medium
1,MSFT,2023-11-10,2023-11-13,2023-11-24,0.1336480334226097,0.25005788526742684,0.23769427866555834,synthetic_fallback_fast,train,0,Low
0,AAPL,2023-11-13,2023-11-14,2023-11-27,0.16694629378924786,0.23732223871402908,0.23845727569472547,synthetic_fallback_fast,train,1,Medium
1,MSFT,2023-11-13,2023-11-14,2023-11-27,0.1385312413707278,0.2475276133814223,0.2314540673179855,synthetic_fallback_fast,train,0,Low
0,AAPL,2023-11-14,2023-11-15,2023-11-28,0.16611187315116782,0.2373453708339853,0.2316911703120341,synthetic_fallback_fast,train,1,Medium
1,MSFT,2023-11-14,2023-11-15,2023-11-28,0.1334986488275126,0.21132174974884613,0.2283463871520128,synthetic_fallback_fast,train,0,Low
0,AAPL,2023-11-15,2023-11-16,2023-11-29,0.13208050729507248,0.248028167118369,0.23906390296168886,synthetic_fallback_fast,train,0,Low
1,MSFT,2023-11-15,2023-11-16,2023-11-29,0.12496241095533712,0.21525587313519473,0.22620704645215806,synthetic_fallback_fast,train,0,Low
0,AAPL,2023-11-16,2023-11-17,2023-11-30,0.1321597878617629,0.24419243875073043,0.2321640343983153,synthetic_fallback_fast,train,0,Low
1,MSFT,2023-11-16,2023-11-17,2023-11-30,0.1352353237163183,0.20592853917032236,0.22070892479952714,synthetic_fallback_fast,train,0,Low
0,AAPL,2023-11-17,2023-11-20,2023-12-01,0.11395618961697222,0.23877689823534737,0.23028691718224842,synthetic_fallback_fast,train,0,Low
1,MSFT,2023-11-17,2023-11-20,2023-12-01,0.18269416068342031,0.20691954858517697,0.22103300720163,synthetic_fallback_fast,train,1,Medium
0,AAPL,2023-11-20,2023-11-21,2023-12-04,0.09137487252493841,0.24420308303548377,0.2302943668360747,synthetic_fallback_fast,train,0,Low
1,MSFT,2023-11-20,2023-11-21,2023-12-04,0.2005119688095801,0.20417842340247142,0.21453446623693928,synthetic_fallback_fast,train,1,Medium
0,AAPL,2023-11-21,2023-11-22,2023-12-05,0.12026954286913902,0.24038539962121894,0.22363073526942953,synthetic_fallback_fast,train,0,Low
1,MSFT,2023-11-21,2023-11-22,2023-12-05,0.19550776664323433,0.20769242470256644,0.21388615165427363,synthetic_fallback_fast,train,1,Medium
0,AAPL,2023-11-22,2023-11-23,2023-12-06,0.13321912674925301,0.2409749039609306,0.2178368276139094,synthetic_fallback_fast,train,0,Low
1,MSFT,2023-11-22,2023-11-23,2023-12-06,0.19498492904297096,0.20399924926663807,0.20783365601891904,synthetic_fallback_fast,train,1,Medium
0,AAPL,2023-11-23,2023-11-24,2023-12-07,0.14153598345652585,0.21969678495351455,0.21337001160835697,synthetic_fallback_fast,train,1,Medium
1,MSFT,2023-11-23,2023-11-24,2023-12-07,0.22495919095442735,0.19638602644809813,0.20197877088089558,synthetic_fallback_fast,train,1,Medium
0,AAPL,2023-11-24,2023-11-27,2023-12-08,0.13843856861636536,0.2183897446596988,0.20846776400121653,synthetic_fallback_fast,train,0,Low
1,MSFT,2023-11-24,2023-11-27,2023-12-08,0.2258291706113162,0.19628988768242334,0.196341273738756,synthetic_fallback_fast,train,1,Medium
0,AAPL,2023-11-27,2023-11-28,2023-12-11,0.13526474597178356,0.21894194864310854,0.2062588181051712,synthetic_fallback_fast,train,0,Low
1,MSFT,2023-11-27,2023-11-28,2023-12-11,0.24447013552456964,0.18606979438804022,0.192642025979566,synthetic_fallback_fast,train,2,High
0,AAPL,2023-11-28,2023-11-29,2023-12-12,0.17828264617589906,0.21714713351324116,0.1994409690257116,synthetic_fallback_fast,train,1,Medium
1,MSFT,2023-11-28,2023-11-29,2023-12-12,0.2418199925332027,0.18647790004870998,0.18949054717146221,synthetic_fallback_fast,train,2,High
0,AAPL,2023-11-29,2023-11-30,2023-12-13,0.21773607540595044,0.20911670973094634,0.19345399346441744,synthetic_fallback_fast,train,1,Medium
1,MSFT,2023-11-29,2023-11-30,2023-12-13,0.25514327802640085,0.18517109326758135,0.18590919983461784,synthetic_fallback_fast,train,2,High
0,AAPL,2023-11-30,2023-12-01,2023-12-14,0.22193237603004526,0.17716164710588453,0.18779370072261106,synthetic_fallback_fast,train,1,Medium
1,MSFT,2023-11-30,2023-12-01,2023-12-14,0.25380678613590874,0.14096264919767015,0.17988051292264237,synthetic_fallback_fast,train,2,High
0,AAPL,2023-12-01,2023-12-04,2023-12-15,0.22314084530155837,0.14202978883327363,0.18264939157571408,synthetic_fallback_fast,train,1,Medium
1,MSFT,2023-12-01,2023-12-04,2023-12-15,0.24444639377954308,0.1697925977930533,0.20704750730536187,synthetic_fallback_fast,train,2,High
0,AAPL,2023-12-04,2023-12-05,2023-12-18,0.23386692155805977,0.1428009171705638,0.17657361598038218,synthetic_fallback_fast,train,2,High
1,MSFT,2023-12-04,2023-12-05,2023-12-18,0.2400168268545788,0.17952106855756905,0.20992546110296587,synthetic_fallback_fast,train,2,High
0,AAPL,2023-12-05,2023-12-06,2023-12-19,0.22521113693771716,0.15154050266299826,0.18089154028162152,synthetic_fallback_fast,train,2,High
1,MSFT,2023-12-05,2023-12-06,2023-12-19,0.26899670519936053,0.1772837215942969,0.20639956806881934,synthetic_fallback_fast,train,2,High
0,AAPL,2023-12-06,2023-12-07,2023-12-20,0.21630402536336013,0.1573372897031583,0.18208767344051827,synthetic_fallback_fast,train,1,Medium
1,MSFT,2023-12-06,2023-12-07,2023-12-20,0.2693410126592487,0.16949513754329862,0.20028522902042428,synthetic_fallback_fast,train,2,High
0,AAPL,2023-12-07,2023-12-08,2023-12-21,0.23431794506560058,0.15222231421312585,0.1827754684972049,synthetic_fallback_fast,train,2,High
1,MSFT,2023-12-07,2023-12-08,2023-12-21,0.24489925543833083,0.18518837361586013,0.21263851005154935,synthetic_fallback_fast,train,2,High
0,AAPL,2023-12-08,2023-12-11,2023-12-22,0.2508328291928252,0.1522382252698379,0.17752715609719938,synthetic_fallback_fast,train,2,High
1,MSFT,2023-12-08,2023-12-11,2023-12-22,0.2649374986037313,0.18555405026127286,0.2071292507069462,synthetic_fallback_fast,train,2,High
0,AAPL,2023-12-11,2023-12-12,2023-12-25,0.27635001896321926,0.1519335652724193,0.17461634824657787,synthetic_fallback_fast,train,2,High
1,MSFT,2023-12-11,2023-12-12,2023-12-25,0.2454408111269654,0.19869140897270354,0.21610018213632506,synthetic_fallback_fast,train,2,High
0,AAPL,2023-12-12,2023-12-13,2023-12-26,0.25088233827369144,0.1723047537493822,0.19207015419908707,synthetic_fallback_fast,train,2,High
1,MSFT,2023-12-12,2023-12-13,2023-12-26,0.24495939685158363,0.19531871137647017,0.2101062499419581,synthetic_fallback_fast,train,2,High
0,AAPL,2023-12-13,2023-12-14,2023-12-27,0.2215101185594027,0.1800753438709884,0.21147850476653784,synthetic_fallback_fast,train,1,Medium
1,MSFT,2023-12-13,2023-12-14,2023-12-27,0.2828089724811733,0.20089013972047987,0.21527679834154326,synthetic_fallback_fast,train,2,High
0,AAPL,2023-12-14,2023-12-15,2023-12-28,0.22269467567671034,0.18264745968396,0.20802189952687686,synthetic_fallback_fast,train,1,Medium
1,MSFT,2023-12-14,2023-12-15,2023-12-28,0.2798442021779594,0.20335495748726698,0.21171022324073482,synthetic_fallback_fast,train,2,High
0,AAPL,2023-12-15,2023-12-18,2023-12-29,0.22377201062420493,0.17716919878172016,0.202813355347658,synthetic_fallback_fast,train,1,Medium
1,MSFT,2023-12-15,2023-12-18,2023-12-29,0.2740746031478367,0.21579063438856982,0.2266323784634243,synthetic_fallback_fast,train,2,High
0,AAPL,2023-12-18,2023-12-19,2024-01-01,0.21246248706203338,0.17754309945474145,0.2049389382971837,synthetic_fallback_fast,train,1,Medium
1,MSFT,2023-12-18,2023-12-19,2024-01-01,0.2655407366348423,0.2211482837478452,0.22617138649433718,synthetic_fallback_fast,train,2,High
0,AAPL,2023-12-19,2023-12-20,2024-01-02,0.25989313848987455,0.18053367988097244,0.20222425870870764,synthetic_fallback_fast,train,2,High
1,MSFT,2023-12-19,2023-12-20,2024-01-02,0.29890058725226565,0.23514093032258024,0.24135934315814794,synthetic_fallback_fast,train,2,High
0,AAPL,2023-12-20,2023-12-21,2024-01-03,0.26988295727935663,0.17963124327386187,0.1942454826598604,synthetic_fallback_fast,train,2,High
1,MSFT,2023-12-20,2023-12-21,2024-01-03,0.3463751371885958,0.235120930219113,0.2343544048169091,synthetic_fallback_fast,train,2,High
0,AAPL,2023-12-21,2023-12-22,2024-01-04,0.2702948637367161,0.1935682489366112,0.20660209361158258,synthetic_fallback_fast,train,2,High
1,MSFT,2023-12-21,2023-12-22,2024-01-04,0.35775645874107825,0.23514068438821822,0.22756771555557345,synthetic_fallback_fast,train,2,High
0,AAPL,2023-12-22,2023-12-25,2024-01-05,0.27222030843838263,0.2025862106381196,0.21193382845768483,synthetic_fallback_fast,train,2,High
1,MSFT,2023-12-22,2023-12-25,2024-01-05,0.3999669893588238,0.2461612200016455,0.2350315866854025,synthetic_fallback_fast,train,2,High
0,AAPL,2023-12-25,2023-12-26,2024-01-08,0.2640306894936243,0.21756135282235076,0.22717881071567633,synthetic_fallback_fast,train,2,High
1,MSFT,2023-12-25,2023-12-26,2024-01-08,0.4284386349596297,0.2449559541326401,0.22899876741298092,synthetic_fallback_fast,train,2,High
0,AAPL,2023-12-26,2023-12-27,2024-01-09,0.2684867735375488,0.2176311668685758,0.22043968327977972,synthetic_fallback_fast,train,2,High
1,MSFT,2023-12-26,2023-12-27,2024-01-09,0.42917377612034396,0.24339475640885308,0.22202166453474373,synthetic_fallback_fast,train,2,High
0,AAPL,2023-12-27,2023-12-28,2024-01-10,0.2805912854621041,0.2196312035633671,0.21754959946571134,synthetic_fallback_fast,train,2,High
1,MSFT,2023-12-27,2023-12-28,2024-01-10,0.41644886626755867,0.2693315867457012,0.25147864817892085,synthetic_fallback_fast,train,2,High
0,AAPL,2023-12-28,2023-12-29,2024-01-11,0.2765466403619708,0.22231385258806594,0.21455941669077386,synthetic_fallback_fast,train,2,High
1,MSFT,2023-12-28,2023-12-29,2024-01-11,0.415516765748181,0.2671429038747403,0.24530845122477624,synthetic_fallback_fast,train,2,High
0,AAPL,2023-12-29,2024-01-01,2024-01-12,0.281835139916024,0.22345665080804072,0.21003976153364043,synthetic_fallback_fast,train,2,High
1,MSFT,2023-12-29,2024-01-01,2024-01-12,0.40563524005109214,0.25968339138503604,0.25361712734324326,synthetic_fallback_fast,train,2,High
0,AAPL,2024-01-01,2024-01-02,2024-01-15,0.2923634307820262,0.22342117783194634,0.2047902104584317,synthetic_fallback_fast,train,2,High
1,MSFT,2024-01-01,2024-01-02,2024-01-15,0.4169464506061894,0.2531007309214214,0.24608298363783926,synthetic_fallback_fast,train,2,High
0,AAPL,2024-01-02,2024-01-03,2024-01-16,0.24688271930676414,0.2431712355881101,0.23298263147262321,synthetic_fallback_fast,train,2,High
1,MSFT,2024-01-02,2024-01-03,2024-01-16,0.37383301595048485,0.28434203740201774,0.2798720868967022,synthetic_fallback_fast,train,2,High
0,AAPL,2024-01-03,2024-01-04,2024-01-17,0.28716504385033775,0.24456516720318558,0.23289907392082726,synthetic_fallback_fast,train,2,High
1,MSFT,2024-01-03,2024-01-04,2024-01-17,0.43499913395668055,0.3102582124317809,0.30373673614552116,synthetic_fallback_fast,train,2,High
0,AAPL,2024-01-04,2024-01-05,2024-01-18,0.2932415156345335,0.25294684495187497,0.24154565092525218,synthetic_fallback_fast,train,2,High
1,MSFT,2024-01-04,2024-01-05,2024-01-18,0.4389959566909677,0.3065659220177657,0.302876585810885,synthetic_fallback_fast,train,2,High
0,AAPL,2024-01-05,2024-01-08,2024-01-19,0.2827437591295755,0.26174510934033246,0.2458263890423043,synthetic_fallback_fast,train,2,High
1,MSFT,2024-01-05,2024-01-08,2024-01-19,0.392769718849359,0.3392384638739861,0.334882036822574,synthetic_fallback_fast,train,2,High
0,AAPL,2024-01-08,2024-01-09,2024-01-22,0.2628910552001243,0.2702605575879047,0.25223111087893335,synthetic_fallback_fast,train,2,High
1,MSFT,2024-01-08,2024-01-09,2024-01-22,0.37551731019744133,0.3491424177128393,0.3466228914619832,synthetic_fallback_fast,train,2,High
0,AAPL,2024-01-09,2024-01-10,2024-01-23,0.2584399076928891,0.25983369221703906,0.24770453277348467,synthetic_fallback_fast,train,2,High
1,MSFT,2024-01-09,2024-01-10,2024-01-23,0.37486634639599004,0.34942469590405795,0.3358662809404344,synthetic_fallback_fast,train,2,High
0,AAPL,2024-01-10,2024-01-11,2024-01-24,0.24407653350479946,0.2527827150948781,0.25184729089918273,synthetic_fallback_fast,train,2,High
1,MSFT,2024-01-10,2024-01-11,2024-01-24,0.35130240720033296,0.35595686054028514,0.34129777578062287,synthetic_fallback_fast,train,2,High
0,AAPL,2024-01-11,2024-01-12,2024-01-25,0.24729539287143232,0.2510686787218274,0.24451286173154008,synthetic_fallback_fast,train,2,High
1,MSFT,2024-01-11,2024-01-12,2024-01-25,0.35073791590761844,0.3542364747668197,0.33119184743283275,synthetic_fallback_fast,train,2,High
0,AAPL,2024-01-12,2024-01-15,2024-01-26,0.24276872865436505,0.25446508486458813,0.24222511118044573,synthetic_fallback_fast,train,2,High
1,MSFT,2024-01-12,2024-01-15,2024-01-26,0.34476498024881713,0.346162415682257,0.32543844933425586,synthetic_fallback_fast,train,2,High
0,AAPL,2024-01-15,2024-01-16,2024-01-29,0.2286674225403095,0.25555496871242916,0.24348545839383048,synthetic_fallback_fast,train,2,High
1,MSFT,2024-01-15,2024-01-16,2024-01-29,0.3309516450884355,0.3495398585895994,0.3244782995208172,synthetic_fallback_fast,train,2,High
0,AAPL,2024-01-16,2024-01-17,2024-01-30,0.24217194677436124,0.2534714190263072,0.23623846841688284,synthetic_fallback_fast,train,2,High
1,MSFT,2024-01-16,2024-01-17,2024-01-30,0.36847638089635004,0.338446956607963,0.3161243369973887,synthetic_fallback_fast,train,2,High
0,AAPL,2024-01-17,2024-01-18,2024-01-31,0.1928294145530102,0.2786580099686868,0.2621625813603936,synthetic_fallback_fast,train,1,Medium
1,MSFT,2024-01-17,2024-01-18,2024-01-31,0.24840429878908593,0.3931920537126105,0.37747636273837476,synthetic_fallback_fast,train,2,High
0,AAPL,2024-01-18,2024-01-19,2024-02-01,0.16627156845634158,0.2820016842627791,0.27152190663205367,synthetic_fallback_fast,train,1,Medium
1,MSFT,2024-01-18,2024-01-19,2024-02-01,0.22507492359395173,0.40044171471137646,0.3755058471255588,synthetic_fallback_fast,train,1,Medium
0,AAPL,2024-01-19,2024-01-22,2024-02-02,0.16009875801443732,0.27753191677085687,0.26686790313230313,synthetic_fallback_fast,train,1,Medium
1,MSFT,2024-01-19,2024-01-22,2024-02-02,0.22366671499448484,0.3963846898038356,0.36779190984832677,synthetic_fallback_fast,train,1,Medium
0,AAPL,2024-01-22,2024-01-23,2024-02-05,0.16196477754330488,0.26346148855071155,0.2591977436657622,synthetic_fallback_fast,train,1,Medium
1,MSFT,2024-01-22,2024-01-23,2024-02-05,0.21343777972783765,0.40284793296229804,0.3657678602868657,synthetic_fallback_fast,train,1,Medium
0,AAPL,2024-01-23,2024-01-24,2024-02-06,0.1619997885037247,0.2635112269457528,0.25156725268853797,synthetic_fallback_fast,train,1,Medium
1,MSFT,2024-01-23,2024-01-24,2024-02-06,0.2341718169222364,0.40293604192829013,0.3549464356032907,synthetic_fallback_fast,train,1,Medium
0,AAPL,2024-01-24,2024-01-25,2024-02-07,0.15507911234129315,0.26296846168789473,0.2464778245728736,synthetic_fallback_fast,train,1,Medium
1,MSFT,2024-01-24,2024-01-25,2024-02-07,0.23419774807234442,0.3852551359296093,0.34425930334218446,synthetic_fallback_fast,train,1,Medium
0,AAPL,2024-01-25,2024-01-26,2024-02-08,0.15902384850513276,0.26232904493300896,0.24048028987250203,synthetic_fallback_fast,train,1,Medium
1,MSFT,2024-01-25,2024-01-26,2024-02-08,0.2672633750080057,0.3844939975299019,0.3330558702905001,synthetic_fallback_fast,train,2,High
0,AAPL,2024-01-26,2024-01-29,2024-02-09,0.16072013327248066,0.26302823204357884,0.23506594802248484,synthetic_fallback_fast,train,1,Medium
1,MSFT,2024-01-26,2024-01-29,2024-02-09,0.2704884891329025,0.376432490346725,0.3234406300985425,synthetic_fallback_fast,train,2,High
0,AAPL,2024-01-29,2024-01-30,2024-02-12,0.16068110902850974,0.26245491592830283,0.22813897921827167,synthetic_fallback_fast,train,1,Medium
1,MSFT,2024-01-29,2024-01-30,2024-02-12,0.27487979641736254,0.3764128943459837,0.3138197828950574,synthetic_fallback_fast,train,2,High
0,AAPL,2024-01-30,2024-01-31,2024-02-13,0.14390663492038627,0.24453867679447613,0.22997443032580836,synthetic_fallback_fast,train,1,Medium
1,MSFT,2024-01-30,2024-01-31,2024-02-13,0.2203465777732137,0.3711643619025859,0.3306837660929553,synthetic_fallback_fast,train,1,Medium
0,AAPL,2024-01-31,2024-02-01,2024-02-14,0.12597833496655753,0.24458837413747106,0.23023660756165787,synthetic_fallback_fast,train,0,Low
1,MSFT,2024-01-31,2024-02-01,2024-02-14,0.20597188975632377,0.3542096428670171,0.3264547364803434,synthetic_fallback_fast,train,1,Medium
0,AAPL,2024-02-01,2024-02-02,2024-02-15,0.12804212923878336,0.2383661269649803,0.23115804085247693,synthetic_fallback_fast,train,0,Low
1,MSFT,2024-02-01,2024-02-02,2024-02-15,0.21853912071140705,0.3488381940254258,0.31725337259772923,synthetic_fallback_fast,train,1,Medium
0,AAPL,2024-02-02,2024-02-05,2024-02-16,0.143284794436936,0.22975600715159633,0.2257391208589116,synthetic_fallback_fast,train,1,Medium
1,MSFT,2024-02-02,2024-02-05,2024-02-16,0.2177319418296205,0.31960510903412404,0.31137501750077756,synthetic_fallback_fast,train,1,Medium
0,AAPL,2024-02-05,2024-02-06,2024-02-19,0.14644019495750432,0.21833952467302734,0.22021530675579729,synthetic_fallback_fast,train,1,Medium
1,MSFT,2024-02-05,2024-02-06,2024-02-19,0.20230666333951544,0.30542506124503793,0.3085979547573352,synthetic_fallback_fast,train,1,Medium
0,AAPL,2024-02-06,2024-02-07,2024-02-20,0.15452092378266272,0.2156792959043132,0.213870462243752,synthetic_fallback_fast,train,1,Medium
1,MSFT,2024-02-06,2024-02-07,2024-02-20,0.18128454778891728,0.31253897157069854,0.3087534555141573,synthetic_fallback_fast,train,1,Medium
0,AAPL,2024-02-07,2024-02-08,2024-02-21,0.1554892954377669,0.20447846499360628,0.20702728378071403,synthetic_fallback_fast,train,1,Medium
1,MSFT,2024-02-07,2024-02-08,2024-02-21,0.21437489672016222,0.2985481255232612,0.2994702942187092,synthetic_fallback_fast,train,1,Medium
0,AAPL,2024-02-08,2024-02-09,2024-02-22,0.15179338710045398,0.20789852780722073,0.2054723979500958,synthetic_fallback_fast,train,1,Medium
1,MSFT,2024-02-08,2024-02-09,2024-02-22,0.1720733696976449,0.3118066686874172,0.30730951436751736,synthetic_fallback_fast,train,1,Medium
0,AAPL,2024-02-09,2024-02-12,2024-02-23,0.14784999452990724,0.2058732824476997,0.20306611345001882,synthetic_fallback_fast,train,1,Medium
1,MSFT,2024-02-09,2024-02-12,2024-02-23,0.17041524444428008,0.3098603833659343,0.3002046955430326,synthetic_fallback_fast,train,1,Medium
0,AAPL,2024-02-12,2024-02-13,2024-02-26,0.14798799705351284,0.19761984835772478,0.19689076551634485,synthetic_fallback_fast,train,1,Medium
1,MSFT,2024-02-12,2024-02-13,2024-02-26,0.16868271363322568,0.3042103662477599,0.2938060399393846,synthetic_fallback_fast,train,1,Medium
0,AAPL,2024-02-13,2024-02-14,2024-02-27,0.14767570446247189,0.19919383948630717,0.19321969301281003,synthetic_fallback_fast,train,1,Medium
1,MSFT,2024-02-13,2024-02-14,2024-02-27,0.16801941149567234,0.3035847967330042,0.2856906980835458,synthetic_fallback_fast,train,1,Medium
0,AAPL,2024-02-14,2024-02-15,2024-02-28,0.14595443621726611,0.1628706910370967,0.18829703261941785,synthetic_fallback_fast,train,1,Medium
1,MSFT,2024-02-14,2024-02-15,2024-02-28,0.16827569427697098,0.22817659282525965,0.27731943917427343,synthetic_fallback_fast,train,1,Medium
0,AAPL,2024-02-15,2024-02-16,2024-02-29,0.12318675076368006,0.14839309508351994,0.19326829112235777,synthetic_fallback_fast,train,0,Low
1,MSFT,2024-02-15,2024-02-16,2024-02-29,0.1497563623385805,0.22183109397933617,0.2757251137733238,synthetic_fallback_fast,train,0,Low
0,AAPL,2024-02-16,2024-02-19,2024-03-01,0.11605011220921628,0.15192456127071813,0.19575354847152085,synthetic_fallback_fast,train,0,Low
1,MSFT,2024-02-16,2024-02-19,2024-03-01,0.1383303224704639,0.22071927633231464,0.2712958894945213,synthetic_fallback_fast,train,0,Low
0,AAPL,2024-02-19,2024-02-20,2024-03-04,0.1082332546738899,0.1543977329235182,0.19274871133081437,synthetic_fallback_fast,train,0,Low
1,MSFT,2024-02-19,2024-02-20,2024-03-04,0.13874372474428878,0.20794671414417323,0.2633504376940816,synthetic_fallback_fast,train,0,Low
0,AAPL,2024-02-20,2024-02-21,2024-03-05,0.09892240769849896,0.15830452830209724,0.19118558483382866,synthetic_fallback_fast,train,0,Low
1,MSFT,2024-02-20,2024-02-21,2024-03-05,0.13448674303608205,0.20940454520818505,0.25720447668545277,synthetic_fallback_fast,train,0,Low
0,AAPL,2024-02-21,2024-02-22,2024-03-06,0.0989151379731985,0.15528433932675986,0.18599091332238962,synthetic_fallback_fast,train,0,Low
1,MSFT,2024-02-21,2024-02-22,2024-03-06,0.0724688591288072,0.22450521324229591,0.2649728637261711,synthetic_fallback_fast,train,0,Low
0,AAPL,2024-02-22,2024-02-23,2024-03-07,0.09006796692021185,0.15545066220639214,0.1837427887597843,synthetic_fallback_fast,train,0,Low
1,MSFT,2024-02-22,2024-02-23,2024-03-07,0.0723668079984899,0.22476538454549919,0.2573221736611438,synthetic_fallback_fast,train,0,Low
0,AAPL,2024-02-23,2024-02-26,2024-03-08,0.08563551487847061,0.15441920560865727,0.18071760226691744,synthetic_fallback_fast,train,0,Low
1,MSFT,2024-02-23,2024-02-26,2024-03-08,0.061109901093800795,0.22605903907210173,0.25092837723834194,synthetic_fallback_fast,train,0,Low
0,AAPL,2024-02-26,2024-02-27,2024-03-11,0.08955119448355736,0.15446498967491362,0.1755462581526568,synthetic_fallback_fast,train,0,Low
1,MSFT,2024-02-26,2024-02-27,2024-03-11,0.05286699632990695,0.228049074057668,0.24556880927914687,synthetic_fallback_fast,train,0,Low
0,AAPL,2024-02-27,2024-02-28,2024-03-12,0.08437493599949449,0.14580334917723373,0.1723232927916153,synthetic_fallback_fast,train,0,Low
1,MSFT,2024-02-27,2024-02-28,2024-03-12,0.048192110325992014,0.195937664801486,0.23888167605349586,synthetic_fallback_fast,train,0,Low
0,AAPL,2024-02-28,2024-02-29,2024-03-13,0.08720782513888078,0.13633275162712402,0.16706280445885216,synthetic_fallback_fast,train,0,Low
1,MSFT,2024-02-28,2024-02-29,2024-03-13,0.04693386933084439,0.18807063653610018,0.2321161613089085,synthetic_fallback_fast,train,0,Low
0,AAPL,2024-02-29,2024-03-01,2024-03-14,0.16173289142926903,0.1256378971960975,0.1628307686982863,synthetic_fallback_fast,train,1,Medium
1,MSFT,2024-02-29,2024-03-01,2024-03-14,0.138939995032368,0.18733167823702315,0.22488837100135178,synthetic_fallback_fast,train,0,Low
0,AAPL,2024-03-01,2024-03-04,2024-03-15,0.16547756438216296,0.13038052166755335,0.16467164035782447,synthetic_fallback_fast,train,1,Medium
1,MSFT,2024-03-01,2024-03-04,2024-03-15,0.13955366772809513,0.18240405232296755,0.21835064661343606,synthetic_fallback_fast,train,0,Low
0,AAPL,2024-03-04,2024-03-05,2024-03-18,0.16521063573241238,0.1287617336721104,0.15992509663730184,synthetic_fallback_fast,train,1,Medium
1,MSFT,2024-03-04,2024-03-05,2024-03-18,0.15354192997340047,0.17346153346994114,0.21183895033453756,synthetic_fallback_fast,train,0,Low
0,AAPL,2024-03-05,2024-03-06,2024-03-19,0.17434371902118098,0.12973503503586745,0.15572700556533595,synthetic_fallback_fast,train,1,Medium
1,MSFT,2024-03-05,2024-03-06,2024-03-19,0.1552424188157774,0.15961010513041676,0.20604316069721076,synthetic_fallback_fast,train,1,Medium
0,AAPL,2024-03-06,2024-03-07,2024-03-20,0.17426217193056626,0.1303094883651802,0.1507634537301298,synthetic_fallback_fast,train,1,Medium
1,MSFT,2024-03-06,2024-03-07,2024-03-20,0.16389466229199576,0.16001301804417523,0.2001190186251307,synthetic_fallback_fast,train,1,Medium
0,AAPL,2024-03-07,2024-03-08,2024-03-21,0.17704439702157854,0.1248067927489699,0.14682142029983708,synthetic_fallback_fast,train,1,Medium
1,MSFT,2024-03-07,2024-03-08,2024-03-21,0.1632557199707853,0.13199658984040588,0.19454371948164026,synthetic_fallback_fast,train,1,Medium
0,AAPL,2024-03-08,2024-03-11,2024-03-22,0.1948388149592235,0.12081610466116338,0.14385997761403516,synthetic_fallback_fast,train,1,Medium
1,MSFT,2024-03-08,2024-03-11,2024-03-22,0.1629596902912863,0.1280151857216515,0.18830588374587184,synthetic_fallback_fast,train,1,Medium
0,AAPL,2024-03-11,2024-03-12,2024-03-25,0.19743808472207908,0.12231080022905265,0.14100762920166093,synthetic_fallback_fast,train,1,Medium
1,MSFT,2024-03-11,2024-03-12,2024-03-25,0.17760118018110707,0.12499755433530534,0.184140672784342,synthetic_fallback_fast,train,1,Medium
0,AAPL,2024-03-12,2024-03-13,2024-03-26,0.20391414575468583,0.12026479849358693,0.13760919886568102,synthetic_fallback_fast,train,1,Medium
1,MSFT,2024-03-12,2024-03-13,2024-03-26,0.17935787770157605,0.12359814346709393,0.17799258632226936,synthetic_fallback_fast,train,1,Medium
0,AAPL,2024-03-13,2024-03-14,2024-03-27,0.20497464643376673,0.12022458612312545,0.13473485733849003,synthetic_fallback_fast,train,1,Medium
1,MSFT,2024-03-13,2024-03-14,2024-03-27,0.18462063930215977,0.12353035532767113,0.1729805822867768,synthetic_fallback_fast,train,1,Medium
0,AAPL,2024-03-14,2024-03-15,2024-03-28,0.15165082892877918,0.14375761498749334,0.16848572988740745,synthetic_fallback_fast,train,1,Medium
1,MSFT,2024-03-14,2024-03-15,2024-03-28,0.13040200413355282,0.14444945531305864,0.1965175563049521,synthetic_fallback_fast,train,0,Low
0,AAPL,2024-03-15,2024-03-18,2024-03-29,0.13693691408634995,0.1429168514515076,0.17164542154267853,synthetic_fallback_fast,train,0,Low
1,MSFT,2024-03-15,2024-03-18,2024-03-29,0.13135086664474915,0.13894334149419701,0.19061052255433442,synthetic_fallback_fast,train,0,Low
0,AAPL,2024-03-18,2024-03-19,2024-04-01,0.14168609213240663,0.13965849701398578,0.16572592095483837,synthetic_fallback_fast,train,1,Medium
1,MSFT,2024-03-18,2024-03-19,2024-04-01,0.12968497315784777,0.14633001301147278,0.1920218127677647,synthetic_fallback_fast,train,0,Low
0,AAPL,2024-03-19,2024-03-20,2024-04-02,0.12976262141277217,0.14174162251612007,0.16774910197570683,synthetic_fallback_fast,train,0,Low
1,MSFT,2024-03-19,2024-03-20,2024-04-02,0.12670217163741346,0.14523583003554325,0.18773506092684328,synthetic_fallback_fast,train,0,Low
0,AAPL,2024-03-20,2024-03-21,2024-04-03,0.13294319344333191,0.14168893585283068,0.16315366798848155,synthetic_fallback_fast,train,0,Low
1,MSFT,2024-03-20,2024-03-21,2024-04-03,0.12319166810530392,0.12671463189237114,0.18589999519525505,synthetic_fallback_fast,train,0,Low
0,AAPL,2024-03-21,2024-03-22,2024-04-04,0.13068859967710314,0.14045810261760389,0.16058068314061388,synthetic_fallback_fast,train,0,Low
1,MSFT,2024-03-21,2024-03-22,2024-04-04,0.14270563647369494,0.12627229506718757,0.1805071459968457,synthetic_fallback_fast,train,0,Low
0,AAPL,2024-03-22,2024-03-25,2024-04-05,0.10215251651405506,0.15049186892190436,0.16927204207821128,synthetic_fallback_fast,train,0,Low
1,MSFT,2024-03-22,2024-03-25,2024-04-05,0.15262183051485573,0.12306559363105121,0.1746573193328892,synthetic_fallback_fast,train,0,Low
0,AAPL,2024-03-25,2024-03-26,2024-04-08,0.09664473048291997,0.1532990765336745,0.16754421676830625,synthetic_fallback_fast,train,0,Low
1,MSFT,2024-03-25,2024-03-26,2024-04-08,0.13949315532141396,0.13102881076822084,0.17982974121773806,synthetic_fallback_fast,train,0,Low
0,AAPL,2024-03-26,2024-03-27,2024-04-09,0.08471143771390742,0.15604503943378342,0.1666870274820308,synthetic_fallback_fast,train,0,Low
1,MSFT,2024-03-26,2024-03-27,2024-04-09,0.14369860635896095,0.13132350854147573,0.1737854798377976,synthetic_fallback_fast,train,0,Low
0,AAPL,2024-03-27,2024-03-28,2024-04-10,0.10374469739487867,0.15751160345527132,0.16317743559478118,synthetic_fallback_fast,train,0,Low
1,MSFT,2024-03-27,2024-03-28,2024-04-10,0.13855353698970926,0.13469886515242613,0.1705297835752113,synthetic_fallback_fast,train,0,Low
0,AAPL,2024-03-28,2024-03-29,2024-04-11,0.11088810288764238,0.15677292828300676,0.15764745132195424,synthetic_fallback_fast,train,0,Low
1,MSFT,2024-03-28,2024-03-29,2024-04-11,0.14476609752522848,0.1347386449791625,0.16528517611542826,synthetic_fallback_fast,train,0,Low
0,AAPL,2024-03-29,2024-04-01,2024-04-12,0.12217076571423036,0.15187913410561912,0.15343206530097112,synthetic_fallback_fast,train,0,Low
1,MSFT,2024-03-29,2024-04-01,2024-04-12,0.15715124625052398,0.1355143467399121,0.1589283289394812,synthetic_fallback_fast,train,1,Medium
0,AAPL,2024-04-01,2024-04-02,2024-04-15,0.13055261024669662,0.15389851016637662,0.15089309792514663,synthetic_fallback_fast,train,0,Low
1,MSFT,2024-04-01,2024-04-02,2024-04-15,0.15358969967558125,0.14211494735408434,0.16033512593475796,synthetic_fallback_fast,train,0,Low
0,AAPL,2024-04-02,2024-04-03,2024-04-16,0.1342962221867817,0.1536783496105599,0.14734805192725947,synthetic_fallback_fast,train,0,Low
1,MSFT,2024-04-02,2024-04-03,2024-04-16,0.15497360503977964,0.14169271134643768,0.15567798356905865,synthetic_fallback_fast,train,1,Medium
0,AAPL,2024-04-03,2024-04-04,2024-04-17,0.13233436070996002,0.15498580136397883,0.1447260813104948,synthetic_fallback_fast,train,0,Low
1,MSFT,2024-04-03,2024-04-04,2024-04-17,0.15298507209606002,0.14497870088115475,0.15442134543315586,synthetic_fallback_fast,train,0,Low
0,AAPL,2024-04-04,2024-04-05,2024-04-18,0.13700228034243148,0.15560242382799896,0.14185823524753527,synthetic_fallback_fast,train,0,Low
1,MSFT,2024-04-04,2024-04-05,2024-04-18,0.15680008663248718,0.1533253546947501,0.16005486557123666,synthetic_fallback_fast,train,1,Medium
0,AAPL,2024-04-05,2024-04-08,2024-04-19,0.14724928750468114,0.15555915345113708,0.1387334040028277,synthetic_fallback_fast,train,1,Medium
1,MSFT,2024-04-05,2024-04-08,2024-04-19,0.15678204232074064,0.1578753999354195,0.1607831031887688,synthetic_fallback_fast,train,1,Medium
0,AAPL,2024-04-08,2024-04-09,2024-04-22,0.1487879652060874,0.1554380925462596,0.13577830997661625,synthetic_fallback_fast,train,1,Medium
1,MSFT,2024-04-08,2024-04-09,2024-04-22,0.15317926882473368,0.1596880076637663,0.15950749783724488,synthetic_fallback_fast,train,0,Low
0,AAPL,2024-04-09,2024-04-10,2024-04-23,0.14817406922986245,0.1561361689654586,0.1336320073625354,synthetic_fallback_fast,train,1,Medium
1,MSFT,2024-04-09,2024-04-10,2024-04-23,0.14796873458519455,0.1625092886008691,0.1582666365264225,synthetic_fallback_fast,train,0,Low
0,AAPL,2024-04-10,2024-04-11,2024-04-24,0.13221921833267217,0.16244624944609004,0.13800371416082108,synthetic_fallback_fast,train,0,Low
1,MSFT,2024-04-10,2024-04-11,2024-04-24,0.1570695897836604,0.16322049973685432,0.14977393737719708,synthetic_fallback_fast,train,1,Medium
0,AAPL,2024-04-11,2024-04-12,2024-04-25,0.1340126061888838,0.1328422848282997,0.13627360159907534,synthetic_fallback_fast,train,0,Low
1,MSFT,2024-04-11,2024-04-12,2024-04-25,0.15141427521921635,0.1377713788758955,0.148431025620424,synthetic_fallback_fast,train,0,Low
0,AAPL,2024-04-12,2024-04-15,2024-04-26,0.12595077820619663,0.12976404439345623,0.13899019055356102,synthetic_fallback_fast,train,0,Low
1,MSFT,2024-04-12,2024-04-15,2024-04-26,0.15517476932971133,0.14482673159057946,0.1523380161273444,synthetic_fallback_fast,train,1,Medium
0,AAPL,2024-04-15,2024-04-16,2024-04-29,0.11210622013515013,0.13623313243476912,0.14235883566531116,synthetic_fallback_fast,unused,0,Low
1,MSFT,2024-04-15,2024-04-16,2024-04-29,0.16208889828107154,0.14214075437640492,0.152770077904963,synthetic_fallback_fast,unused,1,Medium
0,AAPL,2024-04-16,2024-04-17,2024-04-30,0.10971009842207767,0.13204887960440229,0.14137909995265913,synthetic_fallback_fast,unused,0,Low
1,MSFT,2024-04-16,2024-04-17,2024-04-30,0.18617455227670782,0.14154550250124903,0.14915276972951325,synthetic_fallback_fast,unused,1,Medium
0,AAPL,2024-04-17,2024-04-18,2024-05-01,0.10735065925997714,0.13263912640587047,0.13831872017311758,synthetic_fallback_fast,unused,0,Low
1,MSFT,2024-04-17,2024-04-18,2024-05-01,0.1847466754974622,0.13888955931747363,0.1479439858130442,synthetic_fallback_fast,unused,1,Medium
0,AAPL,2024-04-18,2024-04-19,2024-05-02,0.16946267292175177,0.13388266300120474,0.13833362482665437,synthetic_fallback_fast,unused,1,Medium
1,MSFT,2024-04-18,2024-04-19,2024-05-02,0.26332357101364456,0.14991858765563038,0.15644492115367345,synthetic_fallback_fast,unused,2,High
0,AAPL,2024-04-19,2024-04-22,2024-05-03,0.3484005812307425,0.12672310227577,0.14181018085464625,synthetic_fallback_fast,unused,2,High
1,MSFT,2024-04-19,2024-04-22,2024-05-03,0.3047019861740959,0.15471592022795821,0.15753330636517096,synthetic_fallback_fast,unused,2,High
0,AAPL,2024-04-22,2024-04-23,2024-05-06,0.3468384877572932,0.12545529586327578,0.14013638258441796,synthetic_fallback_fast,unused,2,High
1,MSFT,2024-04-22,2024-04-23,2024-05-06,0.30314033345233704,0.14649612414532365,0.15473502935337433,synthetic_fallback_fast,unused,2,High
0,AAPL,2024-04-23,2024-04-24,2024-05-07,0.34597090851304935,0.12068881984610935,0.13692708743676968,synthetic_fallback_fast,unused,2,High
1,MSFT,2024-04-23,2024-04-24,2024-05-07,0.34354557042220857,0.14584929873717487,0.1488982144932556,synthetic_fallback_fast,unused,2,High
0,AAPL,2024-04-24,2024-04-25,2024-05-08,0.3887383915167755,0.11883788102717452,0.13257739112975106,synthetic_fallback_fast,unused,2,High
1,MSFT,2024-04-24,2024-04-25,2024-05-08,0.4142362231773035,0.1481012131063856,0.15087701423581448,synthetic_fallback_fast,unused,2,High
0,AAPL,2024-04-25,2024-04-26,2024-05-09,0.4181481676231126,0.12299502018284565,0.13284575439134796,synthetic_fallback_fast,unused,2,High
1,MSFT,2024-04-25,2024-04-26,2024-05-09,0.4141004275177486,0.14812748855773622,0.14659803047548361,synthetic_fallback_fast,unused,2,High
0,AAPL,2024-04-26,2024-04-29,2024-05-10,0.4285801400406631,0.12407516779345475,0.13123464188061867,synthetic_fallback_fast,unused,2,High
1,MSFT,2024-04-26,2024-04-29,2024-05-10,0.4091964836402306,0.15616613466853488,0.1529915015052078,synthetic_fallback_fast,unused,2,High
0,AAPL,2024-04-29,2024-04-30,2024-05-13,0.44861219915357986,0.12167947369054612,0.12763717960061907,synthetic_fallback_fast,validation,2,High
1,MSFT,2024-04-29,2024-04-30,2024-05-13,0.40754538936454743,0.1578964958325656,0.15785839961387527,synthetic_fallback_fast,validation,2,High
0,AAPL,2024-04-30,2024-05-01,2024-05-14,0.4515791295757805,0.12262092192897467,0.1262082937424436,synthetic_fallback_fast,validation,2,High
1,MSFT,2024-04-30,2024-05-01,2024-05-14,0.40354842401288665,0.17128599209284193,0.16917622430031998,synthetic_fallback_fast,validation,2,High
0,AAPL,2024-05-01,2024-05-02,2024-05-15,0.45472084373767757,0.12049179861730325,0.12265211268007943,synthetic_fallback_fast,validation,2,High
1,MSFT,2024-05-01,2024-05-02,2024-05-15,0.4027433449572153,0.1696109760475443,0.16599444005214525,synthetic_fallback_fast,validation,2,High
0,AAPL,2024-05-02,2024-05-03,2024-05-16,0.455369971448639,0.15408962056675138,0.16016442371874937,synthetic_fallback_fast,validation,2,High
1,MSFT,2024-05-02,2024-05-03,2024-05-16,0.34924759046953147,0.21670898714558817,0.22528439056412292,synthetic_fallback_fast,validation,2,High
0,AAPL,2024-05-03,2024-05-06,2024-05-17,0.40779223071391385,0.26745590073183606,0.2867347684225999,synthetic_fallback_fast,validation,2,High
1,MSFT,2024-05-03,2024-05-06,2024-05-17,0.30946352644363784,0.24230549846495583,0.25237725594145377,synthetic_fallback_fast,validation,2,High
0,AAPL,2024-05-06,2024-05-07,2024-05-20,0.409658429069051,0.2668658794038064,0.2781819064395546,synthetic_fallback_fast,validation,2,High
1,MSFT,2024-05-06,2024-05-07,2024-05-20,0.31865010922765824,0.24016447506164823,0.2447010477615536,synthetic_fallback_fast,validation,2,High
0,AAPL,2024-05-07,2024-05-08,2024-05-21,0.409646654705135,0.2661310056433493,0.2697945768679025,synthetic_fallback_fast,validation,2,High
1,MSFT,2024-05-07,2024-05-08,2024-05-21,0.2741729192871511,0.2644979256737795,0.2687943351656295,synthetic_fallback_fast,validation,2,High
0,AAPL,2024-05-08,2024-05-09,2024-05-22,0.3710082567346443,0.29034415676534003,0.2957548795741165,synthetic_fallback_fast,validation,2,High
1,MSFT,2024-05-08,2024-05-09,2024-05-22,0.1385997474435153,0.31325908177338146,0.3198546984035409,synthetic_fallback_fast,validation,0,Low
0,AAPL,2024-05-09,2024-05-10,2024-05-23,0.3536327392927569,0.3104893465999305,0.3125912996561618,synthetic_fallback_fast,validation,2,High
1,MSFT,2024-05-09,2024-05-10,2024-05-23,0.19176065734605668,0.3117735129950448,0.31005134102163073,synthetic_fallback_fast,validation,1,Medium
0,AAPL,2024-05-10,2024-05-13,2024-05-24,0.371600000386282,0.31586748405622644,0.3126977055487058,synthetic_fallback_fast,validation,2,High
1,MSFT,2024-05-10,2024-05-13,2024-05-24,0.3138033014444935,0.30945191166000136,0.3019292452995823,synthetic_fallback_fast,validation,2,High
0,AAPL,2024-05-13,2024-05-14,2024-05-27,0.3896008136468098,0.32697148944701737,0.3203958498908443,synthetic_fallback_fast,validation,2,High
1,MSFT,2024-05-13,2024-05-14,2024-05-27,0.3097919834483596,0.31013388668305186,0.2965742592344321,synthetic_fallback_fast,validation,2,High
0,AAPL,2024-05-14,2024-05-15,2024-05-28,0.39185494653055114,0.3286031162087492,0.3142016156452513,synthetic_fallback_fast,validation,2,High
1,MSFT,2024-05-14,2024-05-15,2024-05-28,0.31327793224693684,0.3142549080274779,0.29343055510875715,synthetic_fallback_fast,validation,2,High
0,AAPL,2024-05-15,2024-05-16,2024-05-29,0.3994807686796962,0.33037494591225974,0.307619734717575,synthetic_fallback_fast,validation,2,High
1,MSFT,2024-05-15,2024-05-16,2024-05-29,0.3129276938328158,0.3133157640581552,0.28458039198419005,synthetic_fallback_fast,validation,2,High
0,AAPL,2024-05-16,2024-05-17,2024-05-30,0.3870798312625023,0.34356906759116057,0.3176326784050998,synthetic_fallback_fast,validation,2,High
1,MSFT,2024-05-16,2024-05-17,2024-05-30,0.31382384272925784,0.3092839977271306,0.2775129625358856,synthetic_fallback_fast,validation,2,High
0,AAPL,2024-05-17,2024-05-20,2024-05-31,0.3126519568214771,0.3792607733687662,0.3580259634406697,synthetic_fallback_fast,validation,2,High
1,MSFT,2024-05-17,2024-05-20,2024-05-31,0.31422762083015326,0.3070919850609675,0.2694010051241974,synthetic_fallback_fast,validation,2,High
0,AAPL,2024-05-20,2024-05-21,2024-06-03,0.3226347983542677,0.37955036892162863,0.3486353992114568,synthetic_fallback_fast,validation,2,High
1,MSFT,2024-05-20,2024-05-21,2024-06-03,0.31564351557082104,0.3109919242330841,0.2678391122990497,synthetic_fallback_fast,validation,2,High
0,AAPL,2024-05-21,2024-05-22,2024-06-04,0.3232182949857647,0.37914789413133554,0.33812855975708944,synthetic_fallback_fast,validation,2,High
1,MSFT,2024-05-21,2024-05-22,2024-06-04,0.3362311268866533,0.31080085957664216,0.25980187255323217,synthetic_fallback_fast,validation,2,High
0,AAPL,2024-05-22,2024-05-23,2024-06-05,0.3511385127834124,0.3799767516601046,0.3291571371039408,synthetic_fallback_fast,validation,2,High
1,MSFT,2024-05-22,2024-05-23,2024-06-05,0.3591855041142666,0.3088701495641842,0.253093390153668,synthetic_fallback_fast,validation,2,High
0,AAPL,2024-05-23,2024-05-24,2024-06-06,0.3522495416437353,0.38723636476076573,0.33147695720582343,synthetic_fallback_fast,validation,2,High
1,MSFT,2024-05-23,2024-05-24,2024-06-06,0.4313997097872857,0.3226850738538846,0.2662637719082885,synthetic_fallback_fast,validation,2,High
0,AAPL,2024-05-24,2024-05-27,2024-06-07,0.3340657305526932,0.4011031642385529,0.3422685037810267,synthetic_fallback_fast,validation,2,High
1,MSFT,2024-05-24,2024-05-27,2024-06-07,0.3537048005496638,0.3646328799086782,0.32370794844301953,synthetic_fallback_fast,validation,2,High
0,AAPL,2024-05-27,2024-05-28,2024-06-10,0.2832504627804235,0.42014384395327475,0.3594508056405896,synthetic_fallback_fast,validation,2,High
1,MSFT,2024-05-27,2024-05-28,2024-06-10,0.352269500541782,0.36198364424457724,0.3150688624150911,synthetic_fallback_fast,validation,2,High
0,AAPL,2024-05-28,2024-05-29,2024-06-11,0.38308176631985935,0.422772994282322,0.353289944327709,synthetic_fallback_fast,validation,2,High
1,MSFT,2024-05-28,2024-05-29,2024-06-11,0.39459132019127174,0.36124395728939257,0.31318764305529045,synthetic_fallback_fast,validation,2,High
0,AAPL,2024-05-29,2024-05-30,2024-06-12,0.37122164213776804,0.427992949868585,0.35047850653450835,synthetic_fallback_fast,validation,2,High
1,MSFT,2024-05-29,2024-05-30,2024-06-12,0.43522775653335327,0.36064244306158083,0.3039296085872799,synthetic_fallback_fast,validation,2,High
0,AAPL,2024-05-30,2024-05-31,2024-06-13,0.39727275472751533,0.42260655855496465,0.3486851237158926,synthetic_fallback_fast,validation,2,High
1,MSFT,2024-05-30,2024-05-31,2024-06-13,0.5507117174658841,0.33200849666396454,0.29678918320707437,synthetic_fallback_fast,validation,2,High
0,AAPL,2024-05-31,2024-06-03,2024-06-14,0.42851826136056564,0.3633495214906226,0.34092103717703615,synthetic_fallback_fast,validation,2,High
1,MSFT,2024-05-31,2024-06-03,2024-06-14,0.5503655982615745,0.31185467119438076,0.28841864583706145,synthetic_fallback_fast,validation,2,High
0,AAPL,2024-06-03,2024-06-04,2024-06-17,0.5886382379910213,0.36872295942646544,0.3378615632918121,synthetic_fallback_fast,validation,2,High
1,MSFT,2024-06-03,2024-06-04,2024-06-17,0.5579070877476955,0.31715037524233336,0.28686511150927807,synthetic_fallback_fast,validation,2,High
0,AAPL,2024-06-04,2024-06-05,2024-06-18,0.6019788062530388,0.3689718471134437,0.3280977018877674,synthetic_fallback_fast,validation,2,High
1,MSFT,2024-06-04,2024-06-05,2024-06-18,0.573832725697771,0.3067752926474909,0.29250261013783335,synthetic_fallback_fast,validation,2,High
0,AAPL,2024-06-05,2024-06-06,2024-06-19,0.599097498319602,0.36121003704564086,0.33682894478319525,synthetic_fallback_fast,validation,2,High
1,MSFT,2024-06-05,2024-06-06,2024-06-19,0.6197383221207162,0.2722352992883418,0.30118496915381426,synthetic_fallback_fast,validation,2,High
0,AAPL,2024-06-06,2024-06-07,2024-06-20,0.5943397887304582,0.35294181807198804,0.33886085305537206,synthetic_fallback_fast,validation,2,High
1,MSFT,2024-06-06,2024-06-07,2024-06-20,0.5621413950105736,0.3338246989891147,0.3607559868307932,synthetic_fallback_fast,validation,2,High
0,AAPL,2024-06-07,2024-06-10,2024-06-21,0.5861387419089186,0.3533316237027117,0.33801689658518064,synthetic_fallback_fast,validation,2,High
1,MSFT,2024-06-07,2024-06-10,2024-06-21,0.5636489071891924,0.33434981526041035,0.35165128466155565,synthetic_fallback_fast,validation,2,High
0,AAPL,2024-06-10,2024-06-11,2024-06-24,0.5909020630799451,0.34060212760608255,0.3279567011815122,synthetic_fallback_fast,validation,2,High
1,MSFT,2024-06-10,2024-06-11,2024-06-24,0.6029057672008724,0.3317113760642113,0.3410957950301669,synthetic_fallback_fast,validation,2,High
0,AAPL,2024-06-11,2024-06-12,2024-06-25,0.5721725109945098,0.38749318626732293,0.38027761864351967,synthetic_fallback_fast,validation,2,High
1,MSFT,2024-06-11,2024-06-12,2024-06-25,0.5729828802326471,0.3562621035159416,0.3650394519149643,synthetic_fallback_fast,validation,2,High
0,AAPL,2024-06-12,2024-06-13,2024-06-26,0.5735116440615298,0.3856101607429335,0.3688782045755569,synthetic_fallback_fast,validation,2,High
1,MSFT,2024-06-12,2024-06-13,2024-06-26,0.5428060252181466,0.3790428350625958,0.3818134638769766,synthetic_fallback_fast,validation,2,High
0,AAPL,2024-06-13,2024-06-14,2024-06-27,0.5581841008682135,0.3922094067070523,0.3822602655979288,synthetic_fallback_fast,validation,2,High
1,MSFT,2024-06-13,2024-06-14,2024-06-27,0.423132353138944,0.4482012940742038,0.4550844693466896,synthetic_fallback_fast,validation,2,High
0,AAPL,2024-06-14,2024-06-17,2024-06-28,0.5463088606274494,0.37508608773438995,0.39343177928602013,synthetic_fallback_fast,validation,2,High
1,MSFT,2024-06-14,2024-06-17,2024-06-28,0.4336247192552874,0.44813016493112773,0.4414759298919172,synthetic_fallback_fast,validation,2,High
0,AAPL,2024-06-17,2024-06-18,2024-07-01,0.443352359482626,0.47465155026307104,0.4988133736395671,synthetic_fallback_fast,validation,2,High
1,MSFT,2024-06-17,2024-06-18,2024-07-01,0.5366935760542408,0.45326104370496145,0.4385557215543708,synthetic_fallback_fast,validation,2,High
0,AAPL,2024-06-18,2024-06-19,2024-07-02,0.4313542260806905,0.48314001562245823,0.49381971910592143,synthetic_fallback_fast,validation,2,High
1,MSFT,2024-06-18,2024-06-19,2024-07-02,0.516481700616159,0.47028468387201494,0.44713116040861645,synthetic_fallback_fast,validation,2,High
0,AAPL,2024-06-19,2024-06-20,2024-07-03,0.43072298111994256,0.4910275285829463,0.48935255337572053,synthetic_fallback_fast,validation,2,High
1,MSFT,2024-06-19,2024-06-20,2024-07-03,0.4418033051733715,0.506502623029151,0.48095502979758636,synthetic_fallback_fast,validation,2,High
0,AAPL,2024-06-20,2024-06-21,2024-07-04,0.5230606674808466,0.48852815888973444,0.47988080436322755,synthetic_fallback_fast,validation,2,High
1,MSFT,2024-06-20,2024-06-21,2024-07-04,0.527590310575676,0.5010532195231301,0.47072816758627417,synthetic_fallback_fast,validation,2,High
0,AAPL,2024-06-21,2024-06-24,2024-07-05,0.5628224604312494,0.47705268948842255,0.46594502475272315,synthetic_fallback_fast,validation,2,High
1,MSFT,2024-06-21,2024-06-24,2024-07-05,0.6138523373182921,0.4705354272036529,0.4590193143493685,synthetic_fallback_fast,validation,2,High
0,AAPL,2024-06-24,2024-06-25,2024-07-08,0.5645564850522022,0.463355194649558,0.45571616038414303,synthetic_fallback_fast,validation,2,High
1,MSFT,2024-06-24,2024-06-25,2024-07-08,0.6229751333209351,0.49375558991065055,0.4752703555985754,synthetic_fallback_fast,validation,2,High
0,AAPL,2024-06-25,2024-06-26,2024-07-09,0.5209419657673031,0.48689476379629804,0.47508044039476194,synthetic_fallback_fast,validation,2,High
1,MSFT,2024-06-25,2024-06-26,2024-07-09,0.621981730587256,0.4919408963534088,0.46372236814980083,synthetic_fallback_fast,validation,2,High
0,AAPL,2024-06-26,2024-06-27,2024-07-10,0.6460050217256362,0.48307406961335636,0.4618268067042824,synthetic_fallback_fast,validation,2,High
1,MSFT,2024-06-26,2024-06-27,2024-07-10,0.6982748544014801,0.4919662493861642,0.44990748752328463,synthetic_fallback_fast,validation,2,High
0,AAPL,2024-06-27,2024-06-28,2024-07-11,0.6389058433295445,0.4844559485189776,0.456415750007543,synthetic_fallback_fast,validation,2,High
1,MSFT,2024-06-27,2024-06-28,2024-07-11,0.7029873949591593,0.49108267329805266,0.4364331595747515,synthetic_fallback_fast,validation,2,High
0,AAPL,2024-06-28,2024-07-01,2024-07-12,0.6264808234314261,0.49095889416505334,0.4533459614431738,synthetic_fallback_fast,validation,2,High
1,MSFT,2024-06-28,2024-07-01,2024-07-12,0.7054805801027279,0.4954456019075392,0.4297354148647365,synthetic_fallback_fast,validation,2,High
0,AAPL,2024-07-01,2024-07-02,2024-07-15,0.5692587192320853,0.5210836256705761,0.48480978895178123,synthetic_fallback_fast,validation,2,High
1,MSFT,2024-07-01,2024-07-02,2024-07-15,0.6191651369253071,0.5474031024469097,0.4932430921651774,synthetic_fallback_fast,validation,2,High
0,AAPL,2024-07-02,2024-07-03,2024-07-16,0.5642422823472049,0.5236625590661915,0.47397834399532646,synthetic_fallback_fast,validation,2,High
1,MSFT,2024-07-02,2024-07-03,2024-07-16,0.6140753751134138,0.545910864589217,0.4848006671705084,synthetic_fallback_fast,validation,2,High
0,AAPL,2024-07-03,2024-07-04,2024-07-17,0.5632886091110988,0.5217471125735418,0.4701779589227508,synthetic_fallback_fast,validation,2,High
1,MSFT,2024-07-03,2024-07-04,2024-07-17,0.6278846576854961,0.5381755050014427,0.4703294259508548,synthetic_fallback_fast,validation,2,High
0,AAPL,2024-07-04,2024-07-05,2024-07-18,0.4794571783227435,0.5598358001832656,0.5159473918089866,synthetic_fallback_fast,validation,2,High
1,MSFT,2024-07-04,2024-07-05,2024-07-18,0.5691788299810968,0.5451396535740965,0.5122263234453789,synthetic_fallback_fast,validation,2,High
0,AAPL,2024-07-05,2024-07-08,2024-07-19,0.4330214657870963,0.5745988804080875,0.526257518353212,synthetic_fallback_fast,validation,2,High
1,MSFT,2024-07-05,2024-07-08,2024-07-19,0.4726199035670852,0.5892854921880823,0.555480129363166,synthetic_fallback_fast,validation,2,High
0,AAPL,2024-07-08,2024-07-09,2024-07-22,0.42456227726709117,0.577879430749457,0.5149180589418251,synthetic_fallback_fast,validation,2,High
1,MSFT,2024-07-08,2024-07-09,2024-07-22,0.40880200016973445,0.6130225855791569,0.5699161076497291,synthetic_fallback_fast,validation,2,High
0,AAPL,2024-07-09,2024-07-10,2024-07-23,0.4213929550519443,0.5471571593405612,0.5011777313328425,synthetic_fallback_fast,validation,2,High
1,MSFT,2024-07-09,2024-07-10,2024-07-23,0.4071171891845727,0.5979843870135816,0.5544195524753802,synthetic_fallback_fast,validation,2,High
0,AAPL,2024-07-10,2024-07-11,2024-07-24,0.17353569199777197,0.6108347133099504,0.5705206668919015,synthetic_fallback_fast,validation,1,Medium
1,MSFT,2024-07-10,2024-07-11,2024-07-24,0.25751692285571814,0.6253903394291166,0.591725882363931,synthetic_fallback_fast,validation,2,High
0,AAPL,2024-07-11,2024-07-12,2024-07-25,0.163862175726699,0.5999042286493288,0.5552992397819931,synthetic_fallback_fast,validation,1,Medium
1,MSFT,2024-07-11,2024-07-12,2024-07-25,0.24476723674302567,0.5801862915238368,0.577415014399113,synthetic_fallback_fast,validation,2,High
0,AAPL,2024-07-12,2024-07-15,2024-07-26,0.16491056518444566,0.5877633849294204,0.5386176494669562,synthetic_fallback_fast,validation,1,Medium
1,MSFT,2024-07-12,2024-07-15,2024-07-26,0.21748863286293454,0.5855481389481604,0.5667921755599867,synthetic_fallback_fast,validation,1,Medium
0,AAPL,2024-07-15,2024-07-16,2024-07-29,0.16767650911700652,0.5102042748157672,0.5227760088091954,synthetic_fallback_fast,validation,1,Medium
1,MSFT,2024-07-15,2024-07-16,2024-07-29,0.21653378383862157,0.5793985939582625,0.5501717183850781,synthetic_fallback_fast,validation,1,Medium
0,AAPL,2024-07-16,2024-07-17,2024-07-30,0.16737921458794866,0.5022130133449622,0.5072064899171811,synthetic_fallback_fast,validation,1,Medium
1,MSFT,2024-07-16,2024-07-17,2024-07-30,0.20923832128869796,0.5673807863296216,0.535888848593674,synthetic_fallback_fast,validation,1,Medium
0,AAPL,2024-07-17,2024-07-18,2024-07-31,0.11506161932827617,0.5014061944268173,0.5012190032473032,synthetic_fallback_fast,validation,0,Low
1,MSFT,2024-07-17,2024-07-18,2024-07-31,0.16412215974939304,0.5428762767974613,0.5297614403279369,synthetic_fallback_fast,validation,1,Medium
0,AAPL,2024-07-18,2024-07-19,2024-08-01,0.10597121720206484,0.501732821186095,0.4917418818756136,synthetic_fallback_fast,validation,0,Low
1,MSFT,2024-07-18,2024-07-19,2024-08-01,0.08741362653645789,0.5487786786638074,0.5252280904572931,synthetic_fallback_fast,validation,0,Low
0,AAPL,2024-07-19,2024-07-22,2024-08-02,0.1081000645846008,0.5021338027848209,0.47804875398383945,synthetic_fallback_fast,validation,0,Low
1,MSFT,2024-07-19,2024-07-22,2024-08-02,0.07814030514885191,0.5478066562569732,0.5103948638237428,synthetic_fallback_fast,validation,0,Low
0,AAPL,2024-07-22,2024-07-23,2024-08-05,0.10774536968177731,0.4994883142240245,0.4640633213368502,synthetic_fallback_fast,validation,0,Low
1,MSFT,2024-07-22,2024-07-23,2024-08-05,0.07649926283982612,0.5268857049109477,0.4956479898976599,synthetic_fallback_fast,validation,0,Low
0,AAPL,2024-07-23,2024-07-24,2024-08-06,0.1077127440942877,0.4737892750289478,0.4503398971831315,synthetic_fallback_fast,validation,0,Low
1,MSFT,2024-07-23,2024-07-24,2024-08-06,0.08747939499867795,0.525645164970565,0.48168829370593663,synthetic_fallback_fast,validation,0,Low
0,AAPL,2024-07-24,2024-07-25,2024-08-07,0.11080996132253106,0.47298896630465137,0.43700172139445753,synthetic_fallback_fast,validation,0,Low
1,MSFT,2024-07-24,2024-07-25,2024-08-07,0.08222895328288048,0.5262616924337578,0.4683079939518959,synthetic_fallback_fast,validation,0,Low
0,AAPL,2024-07-25,2024-07-26,2024-08-08,0.11012797597000734,0.46639655298604216,0.42380971656843325,synthetic_fallback_fast,validation,0,Low
1,MSFT,2024-07-25,2024-07-26,2024-08-08,0.0829919302398914,0.5263564750500754,0.4537590585797684,synthetic_fallback_fast,validation,0,Low
0,AAPL,2024-07-26,2024-07-29,2024-08-09,0.14184857463024708,0.4580795327433715,0.40933245673985236,synthetic_fallback_fast,validation,1,Medium
1,MSFT,2024-07-26,2024-07-29,2024-08-09,0.08303457164411962,0.522017315003377,0.4397518920311943,synthetic_fallback_fast,validation,0,Low
0,AAPL,2024-07-29,2024-07-30,2024-08-12,0.1396793344684121,0.4196253693066112,0.3983034681552015,synthetic_fallback_fast,validation,0,Low
1,MSFT,2024-07-29,2024-07-30,2024-08-12,0.08334918445086059,0.46381696084080687,0.4269012684102826,synthetic_fallback_fast,validation,0,Low
0,AAPL,2024-07-30,2024-07-31,2024-08-13,0.16778575704164742,0.4161641230719326,0.3865438278891773,synthetic_fallback_fast,validation,1,Medium
1,MSFT,2024-07-30,2024-07-31,2024-08-13,0.08813971115127585,0.45873153446018533,0.4141936603690998,synthetic_fallback_fast,validation,0,Low
0,AAPL,2024-07-31,2024-08-01,2024-08-14,0.17228781377665217,0.40652997023390625,0.37458385307529435,synthetic_fallback_fast,validation,1,Medium
1,MSFT,2024-07-31,2024-08-01,2024-08-14,0.10420417228716827,0.458898260335359,0.40085846582575374,synthetic_fallback_fast,validation,0,Low
0,AAPL,2024-08-01,2024-08-02,2024-08-15,0.15167451350431366,0.34720965188232766,0.3685927742480197,synthetic_fallback_fast,validation,1,Medium
1,MSFT,2024-08-01,2024-08-02,2024-08-15,0.10990099179846063,0.4071889503675816,0.3891318893263832,synthetic_fallback_fast,validation,0,Low
0,AAPL,2024-08-02,2024-08-05,2024-08-16,0.14576000586426494,0.3155893009875337,0.35917694893571744,synthetic_fallback_fast,validation,1,Medium
1,MSFT,2024-08-02,2024-08-05,2024-08-16,0.13327728288930304,0.3387295975675263,0.3776301867365939,synthetic_fallback_fast,validation,0,Low
0,AAPL,2024-08-05,2024-08-06,2024-08-19,0.15792874072804572,0.30972745435792515,0.34839819605909844,synthetic_fallback_fast,validation,1,Medium
1,MSFT,2024-08-05,2024-08-06,2024-08-19,0.14079180612054326,0.2940843523190348,0.3670060642090178,synthetic_fallback_fast,validation,0,Low
0,AAPL,2024-08-06,2024-08-07,2024-08-20,0.1641420638993719,0.30755004292613214,0.33818876177149093,synthetic_fallback_fast,validation,1,Medium
1,MSFT,2024-08-06,2024-08-07,2024-08-20,0.13930374430781658,0.2944461328315265,0.3589222176341878,synthetic_fallback_fast,validation,0,Low
0,AAPL,2024-08-07,2024-08-08,2024-08-21,0.18880981528175295,0.1455910092097833,0.32886351149174115,synthetic_fallback_fast,validation,1,Medium
1,MSFT,2024-08-07,2024-08-08,2024-08-21,0.13892221162539173,0.19114989709005345,0.34890584230538557,synthetic_fallback_fast,validation,0,Low
0,AAPL,2024-08-08,2024-08-09,2024-08-22,0.2555267460649024,0.13960477019990775,0.3187689111051449,synthetic_fallback_fast,validation,2,High
1,MSFT,2024-08-08,2024-08-09,2024-08-22,0.20437621319685326,0.18275483669079648,0.3391048220384609,synthetic_fallback_fast,validation,1,Medium
0,AAPL,2024-08-09,2024-08-12,2024-08-23,0.2388717174819777,0.15381240625204146,0.3158776702856993,synthetic_fallback_fast,validation,2,High
1,MSFT,2024-08-09,2024-08-12,2024-08-23,0.2075841111175311,0.16461477077211323,0.32919937061152005,synthetic_fallback_fast,validation,1,Medium
0,AAPL,2024-08-12,2024-08-13,2024-08-26,0.23752348276559387,0.15431417333998215,0.307411678553297,synthetic_fallback_fast,validation,2,High
1,MSFT,2024-08-12,2024-08-13,2024-08-26,0.20793489916910612,0.16406396022907418,0.3197123819032411,synthetic_fallback_fast,validation,1,Medium
0,AAPL,2024-08-13,2024-08-14,2024-08-27,0.21965569513444488,0.16758260909491368,0.3070986178455292,synthetic_fallback_fast,validation,1,Medium
1,MSFT,2024-08-13,2024-08-14,2024-08-27,0.2042434819671784,0.1605448282841007,0.3119856541974562,synthetic_fallback_fast,validation,1,Medium
0,AAPL,2024-08-14,2024-08-15,2024-08-28,0.2212275081295238,0.14649618940160783,0.2999484327142433,synthetic_fallback_fast,validation,1,Medium
1,MSFT,2024-08-14,2024-08-15,2024-08-28,0.21421711844529817,0.137467437676817,0.30637965935857775,synthetic_fallback_fast,validation,1,Medium
0,AAPL,2024-08-15,2024-08-16,2024-08-29,0.22372450544599384,0.13083397288559542,0.29106076297856603,synthetic_fallback_fast,validation,1,Medium
1,MSFT,2024-08-15,2024-08-16,2024-08-29,0.21365462240242075,0.0992959468018223,0.29842194989840526,synthetic_fallback_fast,validation,1,Medium
0,AAPL,2024-08-16,2024-08-19,2024-08-30,0.22380808236367736,0.1283191397897161,0.28213296989547343,synthetic_fallback_fast,validation,1,Medium
1,MSFT,2024-08-16,2024-08-19,2024-08-30,0.21884761245209894,0.10924454545447797,0.29375162184751535,synthetic_fallback_fast,validation,1,Medium
0,AAPL,2024-08-19,2024-08-20,2024-09-02,0.23527685226750608,0.13518607886134051,0.277281163938617,synthetic_fallback_fast,validation,2,High
1,MSFT,2024-08-19,2024-08-20,2024-09-02,0.25101837265544924,0.1133015222442343,0.28811883811620825,synthetic_fallback_fast,validation,2,High
0,AAPL,2024-08-20,2024-08-21,2024-09-03,0.24496669218520153,0.13882480394631752,0.27145300325247573,synthetic_fallback_fast,validation,2,High
1,MSFT,2024-08-20,2024-08-21,2024-09-03,0.25159995153490594,0.11631461156602867,0.28273561770633837,synthetic_fallback_fast,validation,2,High
0,AAPL,2024-08-21,2024-08-22,2024-09-04,0.22597234802702718,0.15480309085259006,0.27388578838439365,synthetic_fallback_fast,validation,2,High
1,MSFT,2024-08-21,2024-08-22,2024-09-04,0.2706513736011235,0.11415117529155859,0.27513035305998906,synthetic_fallback_fast,validation,2,High
0,AAPL,2024-08-22,2024-08-23,2024-09-05,0.18228390893908256,0.19675122495904265,0.2975246858609297,synthetic_fallback_fast,validation,1,Medium
1,MSFT,2024-08-22,2024-08-23,2024-09-05,0.23499583723379722,0.15597643572929312,0.2920334869153171,synthetic_fallback_fast,validation,1,Medium
0,AAPL,2024-08-23,2024-08-26,2024-09-06,0.1891538585405896,0.19644428667872035,0.2889069329569737,synthetic_fallback_fast,validation,1,Medium
1,MSFT,2024-08-23,2024-08-26,2024-09-06,0.25997504096337753,0.15809159256041724,0.2850016062530451,synthetic_fallback_fast,validation,2,High
0,AAPL,2024-08-26,2024-08-27,2024-09-09,0.19909209455372348,0.19484316942432947,0.28043938347623526,synthetic_fallback_fast,validation,1,Medium
1,MSFT,2024-08-26,2024-08-27,2024-09-09,0.25999789222803416,0.15840455934266842,0.2771075436596894,synthetic_fallback_fast,validation,2,High
0,AAPL,2024-08-27,2024-08-28,2024-09-10,0.19886133388065383,0.19544907862539915,0.27284297520097905,synthetic_fallback_fast,validation,1,Medium
1,MSFT,2024-08-27,2024-08-28,2024-09-10,0.259872891722577,0.1572959131826181,0.26881374473227865,synthetic_fallback_fast,validation,2,High
0,AAPL,2024-08-28,2024-08-29,2024-09-11,0.19371757039410678,0.19827342374753215,0.2671211606895185,synthetic_fallback_fast,validation,1,Medium
1,MSFT,2024-08-28,2024-08-29,2024-09-11,0.24800308425739642,0.1684450702114205,0.269209353226145,synthetic_fallback_fast,validation,2,High
0,AAPL,2024-08-29,2024-08-30,2024-09-12,0.19100956197598762,0.191125367735192,0.2604689912358567,synthetic_fallback_fast,validation,1,Medium
1,MSFT,2024-08-29,2024-08-30,2024-09-12,0.2523998315771312,0.16989191515814736,0.2602243065683708,synthetic_fallback_fast,validation,2,High
0,AAPL,2024-08-30,2024-09-02,2024-09-13,0.19033276604116395,0.18885978534465342,0.25292305120386593,synthetic_fallback_fast,validation,1,Medium
1,MSFT,2024-08-30,2024-09-02,2024-09-13,0.2386678906238062,0.18118652213994754,0.26208279165850706,synthetic_fallback_fast,validation,2,High
0,AAPL,2024-09-02,2024-09-03,2024-09-16,0.16579026690833096,0.20037051225274163,0.2568199038272515,synthetic_fallback_fast,validation,1,Medium
1,MSFT,2024-09-02,2024-09-03,2024-09-16,0.20014157434246407,0.2035098966650942,0.2749414802373317,synthetic_fallback_fast,validation,1,Medium
0,AAPL,2024-09-03,2024-09-04,2024-09-17,0.1441330801144751,0.2085081502259621,0.25491008790843883,synthetic_fallback_fast,validation,1,Medium
1,MSFT,2024-09-03,2024-09-04,2024-09-17,0.19465625971247172,0.2033569138123223,0.26925612058084397,synthetic_fallback_fast,validation,1,Medium
0,AAPL,2024-09-04,2024-09-05,2024-09-18,0.14948502491558704,0.20822181492290567,0.24815123274307205,synthetic_fallback_fast,validation,1,Medium
1,MSFT,2024-09-04,2024-09-05,2024-09-18,0.16674482167363,0.2151180454018968,0.27215942538290355,synthetic_fallback_fast,validation,1,Medium
0,AAPL,2024-09-05,2024-09-06,2024-09-19,0.10498246177742888,0.2219474503262302,0.2544039070253717,synthetic_fallback_fast,validation,0,Low
1,MSFT,2024-09-05,2024-09-06,2024-09-19,0.16374554171055974,0.22021884573975375,0.26591465331597064,synthetic_fallback_fast,validation,1,Medium
0,AAPL,2024-09-06,2024-09-09,2024-09-20,0.09226888597381935,0.21545171107882058,0.24922221923072924,synthetic_fallback_fast,validation,0,Low
1,MSFT,2024-09-06,2024-09-09,2024-09-20,0.1158699143523874,0.23524262487096734,0.2737453104910893,synthetic_fallback_fast,validation,0,Low
0,AAPL,2024-09-09,2024-09-10,2024-09-23,0.06700257562727198,0.21915185029892645,0.24046986531576695,synthetic_fallback_fast,validation,0,Low
1,MSFT,2024-09-09,2024-09-10,2024-09-23,0.11503265462087339,0.23541009563683413,0.2658014906926737,synthetic_fallback_fast,validation,0,Low
0,AAPL,2024-09-10,2024-09-11,2024-09-24,0.0786823019545569,0.20951665150745066,0.2333288015265558,synthetic_fallback_fast,validation,0,Low
1,MSFT,2024-09-10,2024-09-11,2024-09-24,0.15678973420724326,0.23371919024582827,0.2570158509071279,synthetic_fallback_fast,validation,1,Medium
0,AAPL,2024-09-11,2024-09-12,2024-09-25,0.07674562129067648,0.20792800128000347,0.22649586170595548,synthetic_fallback_fast,validation,0,Low
1,MSFT,2024-09-11,2024-09-12,2024-09-25,0.15659889828011636,0.23172667480912526,0.24890666482759266,synthetic_fallback_fast,validation,1,Medium
0,AAPL,2024-09-12,2024-09-13,2024-09-26,0.0862596900815667,0.2080111861214598,0.22001201672603338,synthetic_fallback_fast,validation,0,Low
1,MSFT,2024-09-12,2024-09-13,2024-09-26,0.14636366660189995,0.2338311064145286,0.24560667849926934,synthetic_fallback_fast,validation,0,Low
0,AAPL,2024-09-13,2024-09-16,2024-09-27,0.08897048664165753,0.2077457816180476,0.21366518884026764,synthetic_fallback_fast,validation,0,Low
1,MSFT,2024-09-13,2024-09-16,2024-09-27,0.1511830813275699,0.22897231218075387,0.23991377236223224,synthetic_fallback_fast,validation,0,Low
0,AAPL,2024-09-16,2024-09-17,2024-09-30,0.10177614565138042,0.20352101834262906,0.20801827317602944,synthetic_fallback_fast,validation,0,Low
1,MSFT,2024-09-16,2024-09-17,2024-09-30,0.1480491220219632,0.22700977202630515,0.23241396885872934,synthetic_fallback_fast,validation,0,Low
0,AAPL,2024-09-17,2024-09-18,2024-10-01,0.11061659663489024,0.2009763979469293,0.19977747373116234,synthetic_fallback_fast,validation,0,Low
1,MSFT,2024-09-17,2024-09-18,2024-10-01,0.15310548639546648,0.22493731911092063,0.22698872801304226,synthetic_fallback_fast,validation,0,Low
0,AAPL,2024-09-18,2024-09-19,2024-10-02,0.10113042606934074,0.19158454367049232,0.19711051847269564,synthetic_fallback_fast,validation,0,Low
1,MSFT,2024-09-18,2024-09-19,2024-10-02,0.15196615474013556,0.22478434285682086,0.22093878592125613,synthetic_fallback_fast,validation,0,Low
0,AAPL,2024-09-19,2024-09-20,2024-10-03,0.1038238160168524,0.14874263131153936,0.1917662172054193,synthetic_fallback_fast,validation,0,Low
1,MSFT,2024-09-19,2024-09-20,2024-10-03,0.1593068131067088,0.20252857322770285,0.2201142210827785,synthetic_fallback_fast,validation,1,Medium
0,AAPL,2024-09-20,2024-09-23,2024-10-04,0.10359926759159643,0.1488165473320139,0.18573309355216605,synthetic_fallback_fast,validation,0,Low
1,MSFT,2024-09-20,2024-09-23,2024-10-04,0.1589640572182489,0.2012620915323343,0.2138471484034389,synthetic_fallback_fast,validation,1,Medium
0,AAPL,2024-09-23,2024-09-24,2024-10-07,0.10403908649763924,0.14853788616793542,0.17686161644977866,synthetic_fallback_fast,validation,0,Low
1,MSFT,2024-09-23,2024-09-24,2024-10-07,0.15808861891374953,0.20103658322820947,0.20289328274657775,synthetic_fallback_fast,validation,1,Medium
0,AAPL,2024-09-24,2024-09-25,2024-10-08,0.09422839810090831,0.15122290625705642,0.17512517235426275,synthetic_fallback_fast,validation,0,Low
1,MSFT,2024-09-24,2024-09-25,2024-10-08,0.11671583281734661,0.21461237220280685,0.21331205943988485,synthetic_fallback_fast,validation,0,Low
0,AAPL,2024-09-25,2024-09-26,2024-10-09,0.10623547964817015,0.14733700734487526,0.1695527225296657,synthetic_fallback_fast,validation,0,Low
1,MSFT,2024-09-25,2024-09-26,2024-10-09,0.1114519258613985,0.20739906550383427,0.20942785447090137,synthetic_fallback_fast,validation,0,Low
0,AAPL,2024-09-26,2024-09-27,2024-10-10,0.10248261870713637,0.14819815602635983,0.16260536633796413,synthetic_fallback_fast,validation,0,Low
1,MSFT,2024-09-26,2024-09-27,2024-10-10,0.11122458608359055,0.2063104431206965,0.19950639712454826,synthetic_fallback_fast,validation,0,Low
0,AAPL,2024-09-27,2024-09-30,2024-10-11,0.10817638770419168,0.1485636384216101,0.15623706252157366,synthetic_fallback_fast,validation,0,Low
1,MSFT,2024-09-27,2024-09-30,2024-10-11,0.10894583800398822,0.19977322905549147,0.19282533980269775,synthetic_fallback_fast,validation,0,Low
0,AAPL,2024-09-30,2024-10-01,2024-10-14,0.09569901452076553,0.1375587082397669,0.15702500079716766,synthetic_fallback_fast,validation,0,Low
1,MSFT,2024-09-30,2024-10-01,2024-10-14,0.10934358622859396,0.1760329405420392,0.18442804422646197,synthetic_fallback_fast,validation,0,Low
0,AAPL,2024-10-01,2024-10-02,2024-10-15,0.0869100928321424,0.12847251891819456,0.15610897126450496,synthetic_fallback_fast,validation,0,Low
1,MSFT,2024-10-01,2024-10-02,2024-10-15,0.09675330296653309,0.17511760249849473,0.18318262340144945,synthetic_fallback_fast,validation,0,Low
0,AAPL,2024-10-02,2024-10-03,2024-10-16,0.09593515553441016,0.1276188382469063,0.14227392589388446,synthetic_fallback_fast,validation,0,Low
1,MSFT,2024-10-02,2024-10-03,2024-10-16,0.09824656604536648,0.15952671836008145,0.1725228596373131,synthetic_fallback_fast,validation,0,Low
0,AAPL,2024-10-03,2024-10-04,2024-10-17,0.09245249592886509,0.10440474618797398,0.14028253022226253,synthetic_fallback_fast,validation,0,Low
1,MSFT,2024-10-03,2024-10-04,2024-10-17,0.0645296686454921,0.16154142368491822,0.17799468462929538,synthetic_fallback_fast,validation,0,Low
0,AAPL,2024-10-04,2024-10-07,2024-10-18,0.09466996229255026,0.09809779703022103,0.13639750898045994,synthetic_fallback_fast,validation,0,Low
1,MSFT,2024-10-04,2024-10-07,2024-10-18,0.07812375362000668,0.13909602535535714,0.1724203254039097,synthetic_fallback_fast,validation,0,Low
0,AAPL,2024-10-07,2024-10-08,2024-10-21,0.09484089925974998,0.0875027904125107,0.1325642738229013,synthetic_fallback_fast,validation,0,Low
1,MSFT,2024-10-07,2024-10-08,2024-10-21,0.08007322615277301,0.13824710315081082,0.1673004024403659,synthetic_fallback_fast,validation,0,Low
0,AAPL,2024-10-08,2024-10-09,2024-10-22,0.09810926442367904,0.08680407723583992,0.12899494886906593,synthetic_fallback_fast,validation,0,Low
1,MSFT,2024-10-08,2024-10-09,2024-10-22,0.08007584658424848,0.13821289082973554,0.16214728186994742,synthetic_fallback_fast,validation,0,Low
0,AAPL,2024-10-09,2024-10-10,2024-10-23,0.08830208157801105,0.09267110532244856,0.13020967270585895,synthetic_fallback_fast,validation,0,Low
1,MSFT,2024-10-09,2024-10-10,2024-10-23,0.0779154749050779,0.13591310959719982,0.15703078401746642,synthetic_fallback_fast,validation,0,Low
0,AAPL,2024-10-10,2024-10-11,2024-10-24,0.0844096226588041,0.09471911441214026,0.12824259864711965,synthetic_fallback_fast,validation,0,Low
1,MSFT,2024-10-10,2024-10-11,2024-10-24,0.07660788955091002,0.12998698290717067,0.15162157262589354,synthetic_fallback_fast,validation,0,Low
0,AAPL,2024-10-11,2024-10-14,2024-10-25,0.10806717181212466,0.09904008872668923,0.1284000693818659,synthetic_fallback_fast,validation,0,Low
1,MSFT,2024-10-11,2024-10-14,2024-10-25,0.06626061961919781,0.13176782554571098,0.15141284514403924,synthetic_fallback_fast,validation,0,Low
0,AAPL,2024-10-14,2024-10-15,2024-10-28,0.13740085930040954,0.09878432366498414,0.1255863979709226,synthetic_fallback_fast,validation,0,Low
1,MSFT,2024-10-14,2024-10-15,2024-10-28,0.06628436603151204,0.13014331020226147,0.14709958347845897,synthetic_fallback_fast,validation,0,Low
0,AAPL,2024-10-15,2024-10-16,2024-10-29,0.14942140123654257,0.09947209580374192,0.1227041478221118,synthetic_fallback_fast,validation,1,Medium
1,MSFT,2024-10-15,2024-10-16,2024-10-29,0.08818187855912543,0.1280673486867869,0.14267390803537014,synthetic_fallback_fast,validation,0,Low
0,AAPL,2024-10-16,2024-10-17,2024-10-30,0.15984417536163134,0.0985670257854468,0.12329324707047247,synthetic_fallback_fast,validation,1,Medium
1,MSFT,2024-10-16,2024-10-17,2024-10-30,0.17182174601331204,0.1279572192691944,0.1390044408815933,synthetic_fallback_fast,validation,1,Medium
0,AAPL,2024-10-17,2024-10-18,2024-10-31,0.21325393251111543,0.09830271811038092,0.12083449077363254,synthetic_fallback_fast,validation,1,Medium
1,MSFT,2024-10-17,2024-10-18,2024-10-31,0.22719822774140397,0.12153752267862147,0.13659394505179365,synthetic_fallback_fast,validation,1,Medium
0,AAPL,2024-10-18,2024-10-21,2024-11-01,0.21842050376359204,0.09923509965226036,0.11861868531636506,synthetic_fallback_fast,validation,1,Medium
1,MSFT,2024-10-18,2024-10-21,2024-11-01,0.22264186366837513,0.12524554356735856,0.13735335123291803,synthetic_fallback_fast,validation,1,Medium
0,AAPL,2024-10-21,2024-10-22,2024-11-04,0.23057794162044415,0.09954628996517476,0.11536486380110318,synthetic_fallback_fast,validation,2,High
1,MSFT,2024-10-21,2024-10-22,2024-11-04,0.23066033630705143,0.12530708873916482,0.13404204676967515,synthetic_fallback_fast,validation,1,Medium
0,AAPL,2024-10-22,2024-10-23,2024-11-05,0.2293339510693694,0.09618840567973522,0.11406096429776331,synthetic_fallback_fast,validation,2,High
1,MSFT,2024-10-22,2024-10-23,2024-11-05,0.23152301339879477,0.1000867794377232,0.13006448027357506,synthetic_fallback_fast,validation,1,Medium
0,AAPL,2024-10-23,2024-10-24,2024-11-06,0.22800171068786912,0.09768120276462225,0.11274231539813927,synthetic_fallback_fast,validation,2,High
1,MSFT,2024-10-23,2024-10-24,2024-11-06,0.2499027813527727,0.0961570408443877,0.12630744069581895,synthetic_fallback_fast,validation,2,High
0,AAPL,2024-10-24,2024-10-25,2024-11-07,0.25995143094578116,0.09388203112010836,0.10994019138910713,synthetic_fallback_fast,validation,2,High
1,MSFT,2024-10-24,2024-10-25,2024-11-07,0.25013197703536827,0.09549784628699873,0.12260774280084441,synthetic_fallback_fast,validation,2,High
0,AAPL,2024-10-25,2024-10-28,2024-11-08,0.24795515992740072,0.10812179354829178,0.12300233886528901,synthetic_fallback_fast,validation,2,High
1,MSFT,2024-10-25,2024-10-28,2024-11-08,0.25000718815962936,0.09016558470589335,0.12076364139548876,synthetic_fallback_fast,validation,2,High
0,AAPL,2024-10-28,2024-10-29,2024-11-11,0.2322184232733813,0.11840037482359723,0.13728097898562028,synthetic_fallback_fast,validation,2,High
1,MSFT,2024-10-28,2024-10-29,2024-11-11,0.24999270468347504,0.09041470297891109,0.11749217147021085,synthetic_fallback_fast,validation,2,High
0,AAPL,2024-10-29,2024-10-30,2024-11-12,0.2539016191735779,0.12222953690410404,0.14153589099774766,synthetic_fallback_fast,validation,2,High
1,MSFT,2024-10-29,2024-10-30,2024-11-12,0.25877739218619783,0.0925668551403527,0.12248992572211527,synthetic_fallback_fast,validation,2,High
0,AAPL,2024-10-30,2024-10-31,2024-11-13,0.2576717996647953,0.1318213079597745,0.14769090680527247,synthetic_fallback_fast,validation,2,High
1,MSFT,2024-10-30,2024-10-31,2024-11-13,0.21258686947303337,0.13995552890609517,0.16571132896404434,synthetic_fallback_fast,validation,1,Medium
0,AAPL,2024-10-31,2024-11-01,2024-11-14,0.21616295865961963,0.1643543484896767,0.1812541581278811,synthetic_fallback_fast,validation,1,Medium
1,MSFT,2024-10-31,2024-11-01,2024-11-14,0.15021438706344173,0.16700765375325147,0.19916779778501392,synthetic_fallback_fast,validation,0,Low
0,AAPL,2024-11-01,2024-11-04,2024-11-15,0.2106447285510236,0.16832991152022597,0.18008278138718836,synthetic_fallback_fast,validation,1,Medium
1,MSFT,2024-11-01,2024-11-04,2024-11-15,0.15015189733265588,0.16684232127581844,0.19337222557010475,synthetic_fallback_fast,validation,0,Low
0,AAPL,2024-11-04,2024-11-05,2024-11-18,0.20175719324506555,0.17629660140558437,0.18408734727878404,synthetic_fallback_fast,validation,1,Medium
1,MSFT,2024-11-04,2024-11-05,2024-11-18,0.16193124210188348,0.17264980783626027,0.19386538944173118,synthetic_fallback_fast,validation,1,Medium
0,AAPL,2024-11-05,2024-11-06,2024-11-19,0.2148753931714549,0.1763795465450052,0.17848605344119722,synthetic_fallback_fast,validation,1,Medium
1,MSFT,2024-11-05,2024-11-06,2024-11-19,0.16338548812714973,0.17322679778175576,0.18864838445490592,synthetic_fallback_fast,validation,1,Medium
0,AAPL,2024-11-06,2024-11-07,2024-11-20,0.22420200987318287,0.17289019302378678,0.17331448859029475,synthetic_fallback_fast,validation,1,Medium
1,MSFT,2024-11-06,2024-11-07,2024-11-20,0.1739688696021201,0.18509757069926058,0.19699993577608466,synthetic_fallback_fast,validation,1,Medium
0,AAPL,2024-11-07,2024-11-08,2024-11-21,0.264249100609602,0.1932611327299943,0.19473126940143964,synthetic_fallback_fast,validation,2,High
1,MSFT,2024-11-07,2024-11-08,2024-11-21,0.17586956019264607,0.1849794240950415,0.19123940906330264,synthetic_fallback_fast,validation,1,Medium
0,AAPL,2024-11-08,2024-11-11,2024-11-22,0.3138613648216461,0.19125934612208384,0.189142831008153,synthetic_fallback_fast,validation,2,High
1,MSFT,2024-11-08,2024-11-11,2024-11-22,0.18863185614524156,0.18288529717257798,0.18628068661157643,synthetic_fallback_fast,validation,1,Medium
0,AAPL,2024-11-11,2024-11-12,2024-11-25,0.33869356047284616,0.19079359560014877,0.18337329340633707,synthetic_fallback_fast,validation,2,High
1,MSFT,2024-11-11,2024-11-12,2024-11-25,0.20054925151212052,0.18287970031575215,0.18079727078380958,synthetic_fallback_fast,validation,1,Medium
0,AAPL,2024-11-12,2024-11-13,2024-11-26,0.31804327505765856,0.20831801094295282,0.20066138075247528,synthetic_fallback_fast,validation,2,High
1,MSFT,2024-11-12,2024-11-13,2024-11-26,0.21112194786154395,0.19331552241465969,0.18833941048384295,synthetic_fallback_fast,validation,1,Medium
0,AAPL,2024-11-13,2024-11-14,2024-11-27,0.36030628010303145,0.2144118895252014,0.20457563708855822,synthetic_fallback_fast,validation,2,High
1,MSFT,2024-11-13,2024-11-14,2024-11-27,0.23964437716855924,0.193282034182445,0.18317195414726947,synthetic_fallback_fast,validation,2,High
0,AAPL,2024-11-14,2024-11-15,2024-11-28,0.4004843113491205,0.21471337222904374,0.19815887468571983,synthetic_fallback_fast,validation,2,High
1,MSFT,2024-11-14,2024-11-15,2024-11-28,0.2392475007890194,0.19259205171771804,0.1768864153841406,synthetic_fallback_fast,validation,2,High
0,AAPL,2024-11-15,2024-11-18,2024-11-29,0.4058169407707364,0.21456784257045106,0.19284483472520308,synthetic_fallback_fast,validation,2,High
1,MSFT,2024-11-15,2024-11-18,2024-11-29,0.24407828556725922,0.1898881140702648,0.17169315809426233,synthetic_fallback_fast,validation,2,High
0,AAPL,2024-11-18,2024-11-19,2024-12-02,0.4052494560499887,0.2166473542280723,0.19013567546490565,synthetic_fallback_fast,validation,2,High
1,MSFT,2024-11-18,2024-11-19,2024-12-02,0.22795109954584533,0.1992811053686988,0.1798727916595023,synthetic_fallback_fast,validation,1,Medium
0,AAPL,2024-11-19,2024-11-20,2024-12-03,0.4067197326432363,0.22222229377773423,0.19347435003673472,synthetic_fallback_fast,validation,2,High
1,MSFT,2024-11-19,2024-11-20,2024-12-03,0.3307453822654729,0.20037180872543608,0.17601787248846557,synthetic_fallback_fast,validation,2,High
0,AAPL,2024-11-20,2024-11-21,2024-12-04,0.4019227191251604,0.22610984201021586,0.19426024383747226,synthetic_fallback_fast,validation,2,High
1,MSFT,2024-11-20,2024-11-21,2024-12-04,0.3696837193754901,0.21530973935065176,0.19117839742220952,synthetic_fallback_fast,validation,2,High
0,AAPL,2024-11-21,2024-11-22,2024-12-05,0.3570079925500283,0.2621090742646492,0.2386636435517761,synthetic_fallback_fast,validation,2,High
1,MSFT,2024-11-21,2024-11-22,2024-12-05,0.38469646810577435,0.21621298311847137,0.18667329825217616,synthetic_fallback_fast,validation,2,High
0,AAPL,2024-11-22,2024-11-25,2024-12-06,0.3376170633742783,0.28283450785073,0.2664651872022128,synthetic_fallback_fast,validation,2,High
1,MSFT,2024-11-22,2024-11-25,2024-12-06,0.37870068092520576,0.22145605803892948,0.18930636787405358,synthetic_fallback_fast,validation,2,High
0,AAPL,2024-11-25,2024-11-26,2024-12-09,0.3170081675361313,0.2903779640514658,0.27649313135838005,synthetic_fallback_fast,validation,2,High
1,MSFT,2024-11-25,2024-11-26,2024-12-09,0.375653481236797,0.2266234262791812,0.19045241773811697,synthetic_fallback_fast,validation,2,High
0,AAPL,2024-11-26,2024-11-27,2024-12-10,0.31583352418032884,0.28776514471732506,0.2687948268330564,synthetic_fallback_fast,validation,2,High
1,MSFT,2024-11-26,2024-11-27,2024-12-10,0.35949226004222246,0.2361548385864047,0.20365072043128987,synthetic_fallback_fast,validation,2,High
0,AAPL,2024-11-27,2024-11-28,2024-12-11,0.25379786818911215,0.31322146464137685,0.29901377117754346,synthetic_fallback_fast,validation,2,High
1,MSFT,2024-11-27,2024-11-28,2024-12-11,0.35050473268887306,0.22651998209964966,0.21625909778138858,synthetic_fallback_fast,validation,2,High
0,AAPL,2024-11-28,2024-11-29,2024-12-12,0.19724821969301776,0.3218028187673779,0.3206087609501542,synthetic_fallback_fast,validation,1,Medium
1,MSFT,2024-11-28,2024-11-29,2024-12-12,0.36005838557207315,0.19975451023022897,0.20963720438539496,synthetic_fallback_fast,validation,2,High
0,AAPL,2024-11-29,2024-12-02,2024-12-13,0.18495583482884748,0.32330990634594986,0.31540808733682596,synthetic_fallback_fast,validation,1,Medium
1,MSFT,2024-11-29,2024-12-02,2024-12-13,0.35865606571691866,0.2026324280045632,0.2062950851738018,synthetic_fallback_fast,validation,2,High
0,AAPL,2024-12-02,2024-12-03,2024-12-16,0.19906569150389847,0.3201039570631222,0.3072279700968061,synthetic_fallback_fast,validation,1,Medium
1,MSFT,2024-12-02,2024-12-03,2024-12-16,0.36810484965761364,0.19771624990477982,0.20013029184328002,synthetic_fallback_fast,validation,2,High
0,AAPL,2024-12-03,2024-12-04,2024-12-17,0.1819974400511113,0.32526325915477516,0.3048428206812615,synthetic_fallback_fast,validation,1,Medium
1,MSFT,2024-12-03,2024-12-04,2024-12-17,0.27798282698722976,0.2608518023902468,0.26999748894043896,synthetic_fallback_fast,validation,2,High
0,AAPL,2024-12-04,2024-12-05,2024-12-18,0.18980207624471288,0.3254292652636955,0.29602373601871546,synthetic_fallback_fast,validation,1,Medium
1,MSFT,2024-12-04,2024-12-05,2024-12-18,0.20433874126767165,0.2889041536235985,0.30425364532619364,synthetic_fallback_fast,validation,1,Medium
0,AAPL,2024-12-05,2024-12-06,2024-12-19,0.19839396331763584,0.31407188183406726,0.288644565329134,synthetic_fallback_fast,validation,1,Medium
1,MSFT,2024-12-05,2024-12-06,2024-12-19,0.18822410212177368,0.29909987861533127,0.30713211376610733,synthetic_fallback_fast,validation,1,Medium
0,AAPL,2024-12-06,2024-12-09,2024-12-20,0.15667318124114737,0.3259557008315531,0.29609438248056863,synthetic_fallback_fast,validation,1,Medium
1,MSFT,2024-12-06,2024-12-09,2024-12-20,0.19200285558319652,0.2991623162148047,0.2985582208028005,synthetic_fallback_fast,validation,1,Medium
0,AAPL,2024-12-09,2024-12-10,2024-12-23,0.15475672084031847,0.328030110043567,0.2900843825131385,synthetic_fallback_fast,validation,1,Medium
1,MSFT,2024-12-09,2024-12-10,2024-12-23,0.24134425944431342,0.3011108933992561,0.2920973430991393,synthetic_fallback_fast,validation,2,High
0,AAPL,2024-12-10,2024-12-11,2024-12-24,0.15561111469686015,0.316940325460147,0.2813944870358416,synthetic_fallback_fast,validation,1,Medium
1,MSFT,2024-12-10,2024-12-11,2024-12-24,0.2450548412419513,0.29479413316678926,0.2836475741279089,synthetic_fallback_fast,validation,2,High
0,AAPL,2024-12-11,2024-12-12,2024-12-25,0.18971832853056508,0.3116359842661163,0.2730700436741161,synthetic_fallback_fast,validation,1,Medium
1,MSFT,2024-12-11,2024-12-12,2024-12-25,0.2319362260611084,0.30023573666854275,0.2824411209605784,synthetic_fallback_fast,validation,1,Medium
0,AAPL,2024-12-12,2024-12-13,2024-12-26,0.2403116975533084,0.31566956125737267,0.2713878481703437,synthetic_fallback_fast,validation,2,High
1,MSFT,2024-12-12,2024-12-13,2024-12-26,0.29319290808723786,0.30568072204062813,0.2812527520111111,synthetic_fallback_fast,validation,2,High
0,AAPL,2024-12-13,2024-12-16,2024-12-27,0.2587995266465978,0.3153538094377134,0.2632633336036273,synthetic_fallback_fast,validation,2,High
1,MSFT,2024-12-13,2024-12-16,2024-12-27,0.31615686980022734,0.3067640648454373,0.27434282038065766,synthetic_fallback_fast,validation,2,High
0,AAPL,2024-12-16,2024-12-17,2024-12-30,0.25629156386830315,0.31926029440155645,0.26340333515471803,synthetic_fallback_fast,validation,2,High
1,MSFT,2024-12-16,2024-12-17,2024-12-30,0.31312193638778096,0.3061559113634867,0.27382803670695177,synthetic_fallback_fast,validation,2,High
0,AAPL,2024-12-17,2024-12-18,2024-12-31,0.25744095357287916,0.31507460156805994,0.25587295153451173,synthetic_fallback_fast,validation,2,High
1,MSFT,2024-12-17,2024-12-18,2024-12-31,0.3318839376873148,0.30550528636158325,0.26532291601547503,synthetic_fallback_fast,validation,2,High
0,AAPL,2024-12-18,2024-12-19,2025-01-01,0.2521865251469076,0.31429818667609777,0.2521593064878462,synthetic_fallback_fast,validation,2,High
1,MSFT,2024-12-18,2024-12-19,2025-01-01,0.3262554546720072,0.29868074390070126,0.2622137398887867,synthetic_fallback_fast,validation,2,High
0,AAPL,2024-12-19,2024-12-20,2025-01-02,0.24653662841582183,0.2888034551606685,0.25041160037483506,synthetic_fallback_fast,validation,2,High
1,MSFT,2024-12-19,2024-12-20,2025-01-02,0.335486718190788,0.3028363297167341,0.2611375742555596,synthetic_fallback_fast,validation,2,High
0,AAPL,2024-12-20,2024-12-23,2025-01-03,0.2503942908238466,0.26318412490278825,0.24361016122369872,synthetic_fallback_fast,validation,2,High
1,MSFT,2024-12-20,2024-12-23,2025-01-03,0.34156236205197316,0.3002326616853306,0.2557495510150249,synthetic_fallback_fast,validation,2,High
0,AAPL,2024-12-23,2024-12-24,2025-01-06,0.26322434464247957,0.2494432008793426,0.23899849960214933,synthetic_fallback_fast,validation,2,High
1,MSFT,2024-12-23,2024-12-24,2025-01-06,0.3246853326015798,0.31572344665232627,0.27557884800844007,synthetic_fallback_fast,validation,2,High
0,AAPL,2024-12-24,2024-12-25,2025-01-07,0.264196816208342,0.2489634852878688,0.23217343267356608,synthetic_fallback_fast,validation,2,High
1,MSFT,2024-12-24,2024-12-25,2025-01-07,0.3214586554863916,0.30764147984820156,0.26965022162180063,synthetic_fallback_fast,validation,2,High
0,AAPL,2024-12-25,2024-12-26,2025-01-08,0.2655186841728748,0.22406070837807485,0.24075498610885596,synthetic_fallback_fast,validation,2,High
1,MSFT,2024-12-25,2024-12-26,2025-01-08,0.3397199790118281,0.29719352331163607,0.2621507854063854,synthetic_fallback_fast,validation,2,High
0,AAPL,2024-12-26,2024-12-27,2025-01-09,0.22339408911337394,0.21983695339161904,0.266803010719274,synthetic_fallback_fast,validation,1,Medium
1,MSFT,2024-12-26,2024-12-27,2025-01-09,0.28735166046607696,0.3283322420760861,0.29688029382451825,synthetic_fallback_fast,validation,2,High
0,AAPL,2024-12-27,2024-12-30,2025-01-10,0.21679946132829447,0.22492871740813689,0.26939213013205154,synthetic_fallback_fast,validation,1,Medium
1,MSFT,2024-12-27,2024-12-30,2025-01-10,0.27868589564976126,0.3380749471621763,0.30370291397073673,synthetic_fallback_fast,validation,2,High
0,AAPL,2024-12-30,2024-12-31,2025-01-13,0.22222656586808234,0.2294695134914285,0.26773518075617564,synthetic_fallback_fast,validation,1,Medium
1,MSFT,2024-12-30,2024-12-31,2025-01-13,0.2696914023885651,0.341721031975417,0.2996658083185155,synthetic_fallback_fast,validation,2,High
0,AAPL,2024-12-31,2025-01-01,2025-01-14,0.23382628170360586,0.22293374886013914,0.2608442437531869,synthetic_fallback_fast,validation,2,High
1,MSFT,2024-12-31,2025-01-01,2025-01-14,0.2773532932050917,0.3061220346484793,0.3030916897787354,synthetic_fallback_fast,validation,2,High
0,AAPL,2025-01-01,2025-01-02,2025-01-15,0.23304850485712336,0.22318475710997343,0.2536775592152734,synthetic_fallback_fast,validation,2,High
1,MSFT,2025-01-01,2025-01-02,2025-01-15,0.3138248051559081,0.2722103441147071,0.2945279037452694,synthetic_fallback_fast,validation,2,High
0,AAPL,2025-01-02,2025-01-03,2025-01-16,0.23136856106922862,0.2237637971517292,0.24849772275890503,synthetic_fallback_fast,validation,2,High
1,MSFT,2025-01-02,2025-01-03,2025-01-16,0.3197244890189153,0.2720107081550036,0.2980202565375467,synthetic_fallback_fast,validation,2,High
0,AAPL,2025-01-03,2025-01-06,2025-01-17,0.24088662909436623,0.2088585485411101,0.24412898669166203,synthetic_fallback_fast,validation,2,High
1,MSFT,2025-01-03,2025-01-06,2025-01-17,0.3175671491069604,0.27706492354917917,0.29549459747361484,synthetic_fallback_fast,validation,2,High
0,AAPL,2025-01-06,2025-01-07,2025-01-20,0.23281666267345108,0.21591282761534936,0.2477862919559972,synthetic_fallback_fast,validation,2,High
1,MSFT,2025-01-06,2025-01-07,2025-01-20,0.29750534538025436,0.2860660909416935,0.2996344332839276,synthetic_fallback_fast,validation,2,High
0,AAPL,2025-01-07,2025-01-08,2025-01-21,0.23128566566883277,0.2168118731894356,0.24141485351717681,synthetic_fallback_fast,validation,2,High
1,MSFT,2025-01-07,2025-01-08,2025-01-21,0.29752852822512627,0.28582122244791114,0.2907427490141854,synthetic_fallback_fast,validation,2,High
0,AAPL,2025-01-08,2025-01-09,2025-01-22,0.20323605359250546,0.23075226523842216,0.2499583626688918,synthetic_fallback_fast,validation,1,Medium
1,MSFT,2025-01-08,2025-01-09,2025-01-22,0.275878306855072,0.29086429576287504,0.29520757180615165,synthetic_fallback_fast,validation,2,High
0,AAPL,2025-01-09,2025-01-10,2025-01-23,0.18591081985266994,0.23200714539831185,0.2510184736779167,synthetic_fallback_fast,validation,1,Medium
1,MSFT,2025-01-09,2025-01-10,2025-01-23,0.2645203781860633,0.29028697708066675,0.2928032374848346,synthetic_fallback_fast,validation,2,High
0,AAPL,2025-01-10,2025-01-13,2025-01-24,0.17739307623803757,0.23872494782148523,0.25128259534869746,synthetic_fallback_fast,validation,1,Medium
1,MSFT,2025-01-10,2025-01-13,2025-01-24,0.24549753367778065,0.2980109014415308,0.2949443017087118,synthetic_fallback_fast,validation,2,High
0,AAPL,2025-01-13,2025-01-14,2025-01-27,0.15350846642320234,0.2398645579150676,0.2535115064886492,synthetic_fallback_fast,validation,1,Medium
1,MSFT,2025-01-13,2025-01-14,2025-01-27,0.25587087708910305,0.2922146467663321,0.28619018683153374,synthetic_fallback_fast,validation,2,High
0,AAPL,2025-01-14,2025-01-15,2025-01-28,0.13176541412088746,0.24591723667917972,0.2535088093200141,synthetic_fallback_fast,validation,0,Low
1,MSFT,2025-01-14,2025-01-15,2025-01-28,0.24641866172807297,0.30583639200277246,0.29493962476033897,synthetic_fallback_fast,validation,2,High
0,AAPL,2025-01-15,2025-01-16,2025-01-29,0.13564894192869234,0.24280614601139378,0.24622895585704285,synthetic_fallback_fast,validation,0,Low
1,MSFT,2025-01-15,2025-01-16,2025-01-29,0.20010428817676576,0.3201004764401186,0.3085675862396426,synthetic_fallback_fast,validation,1,Medium
0,AAPL,2025-01-16,2025-01-17,2025-01-30,0.23279347281221893,0.23907291795798027,0.24043105460252187,synthetic_fallback_fast,validation,2,High
1,MSFT,2025-01-16,2025-01-17,2025-01-30,0.22318119828376176,0.3277003867565857,0.3147332555113098,synthetic_fallback_fast,validation,1,Medium
0,AAPL,2025-01-17,2025-01-20,2025-01-31,0.335142587276987,0.24568645562344688,0.24193771796898306,synthetic_fallback_fast,validation,2,High
1,MSFT,2025-01-17,2025-01-20,2025-01-31,0.31475468932232753,0.3297830660922765,0.3101005433393423,synthetic_fallback_fast,validation,2,High
0,AAPL,2025-01-20,2025-01-21,2025-02-03,0.3339232913909858,0.24848607006315906,0.2407598071744271,synthetic_fallback_fast,validation,2,High
1,MSFT,2025-01-20,2025-01-21,2025-02-03,0.3191339359114152,0.3113920324417621,0.3011015224709033,synthetic_fallback_fast,validation,2,High
0,AAPL,2025-01-21,2025-01-22,2025-02-04,0.35800448906525406,0.24828714912224067,0.2335974547990587,synthetic_fallback_fast,validation,2,High
1,MSFT,2025-01-21,2025-01-22,2025-02-04,0.35355237352646174,0.3097247909797732,0.2921089587494384,synthetic_fallback_fast,validation,2,High
0,AAPL,2025-01-22,2025-01-23,2025-02-05,0.3573748789465204,0.23643716408884477,0.22710705425032537,synthetic_fallback_fast,validation,2,High
1,MSFT,2025-01-22,2025-01-23,2025-02-05,0.35370627457368037,0.309449918672649,0.28284732724510936,synthetic_fallback_fast,validation,2,High
0,AAPL,2025-01-23,2025-01-24,2025-02-06,0.35907351369493407,0.2055088221817812,0.2198240998702529,synthetic_fallback_fast,validation,2,High
1,MSFT,2025-01-23,2025-01-24,2025-02-06,0.3546528992203013,0.2761720543866717,0.2736680823114054,synthetic_fallback_fast,validation,2,High
0,AAPL,2025-01-24,2025-01-27,2025-02-07,0.3768475342987517,0.19807865852917225,0.2177654678476451,synthetic_fallback_fast,validation,2,High
1,MSFT,2025-01-24,2025-01-27,2025-02-07,0.40141643836416396,0.26261651459493424,0.26643236929856035,synthetic_fallback_fast,validation,2,High
0,AAPL,2025-01-27,2025-01-28,2025-02-10,0.3839615741430771,0.19098363259861378,0.2112019577579044,synthetic_fallback_fast,validation,2,High
1,MSFT,2025-01-27,2025-01-28,2025-02-10,0.4002642379847193,0.2628719824027066,0.26445054870239953,synthetic_fallback_fast,validation,2,High
0,AAPL,2025-01-28,2025-01-29,2025-02-11,0.3861038607178015,0.189785213298854,0.20503484910360936,synthetic_fallback_fast,validation,2,High
1,MSFT,2025-01-28,2025-01-29,2025-02-11,0.3958133270744003,0.26234233941508944,0.26994663210500597,synthetic_fallback_fast,validation,2,High
0,AAPL,2025-01-29,2025-01-30,2025-02-12,0.3857785799695138,0.19067281015199097,0.20091427325501696,synthetic_fallback_fast,validation,2,High
1,MSFT,2025-01-29,2025-01-30,2025-02-12,0.3940592952734759,0.2631802941691055,0.2632120803980451,synthetic_fallback_fast,validation,2,High
0,AAPL,2025-01-30,2025-01-31,2025-02-13,0.344021550291422,0.23208211050748684,0.24509837088302672,synthetic_fallback_fast,validation,2,High
1,MSFT,2025-01-30,2025-01-31,2025-02-13,0.36688989268850275,0.2757114398658335,0.28383822041753826,synthetic_fallback_fast,validation,2,High
0,AAPL,2025-01-31,2025-02-03,2025-02-14,0.23119460176273685,0.29184492618782976,0.30963139523446676,synthetic_fallback_fast,validation,2,High
1,MSFT,2025-01-31,2025-02-03,2025-02-14,0.29095431190928356,0.31616404653464103,0.3294227251259345,synthetic_fallback_fast,validation,2,High
0,AAPL,2025-02-03,2025-02-04,2025-02-17,0.29417653327759985,0.2878440228246825,0.3045118459795765,synthetic_fallback_fast,validation,2,High
1,MSFT,2025-02-03,2025-02-04,2025-02-17,0.35073367842958897,0.30850923777103956,0.3224209918315259,synthetic_fallback_fast,validation,2,High
0,AAPL,2025-02-04,2025-02-05,2025-02-18,0.2648859378478609,0.3013803853394815,0.3116742227655012,synthetic_fallback_fast,validation,2,High
1,MSFT,2025-02-04,2025-02-05,2025-02-18,0.31590336081381354,0.3267434053917573,0.33429915314030284,synthetic_fallback_fast,validation,2,High
0,AAPL,2025-02-05,2025-02-06,2025-02-19,0.2653867216889284,0.29070749696378306,0.3021689062177008,synthetic_fallback_fast,validation,2,High
1,MSFT,2025-02-05,2025-02-06,2025-02-19,0.3167918264342463,0.3171884052625608,0.32455972129016686,synthetic_fallback_fast,validation,2,High
0,AAPL,2025-02-06,2025-02-07,2025-02-20,0.26468403662853074,0.2859166147459062,0.29460049423646634,synthetic_fallback_fast,validation,2,High
1,MSFT,2025-02-06,2025-02-07,2025-02-20,0.31922922015140337,0.31284957199991753,0.3155517553890129,synthetic_fallback_fast,validation,2,High
0,AAPL,2025-02-07,2025-02-10,2025-02-21,0.2347303748372211,0.294518562746258,0.30256993662975545,synthetic_fallback_fast,validation,2,High
1,MSFT,2025-02-07,2025-02-10,2025-02-21,0.2568593276418249,0.33271924803867575,0.33997013372102747,synthetic_fallback_fast,validation,2,High
0,AAPL,2025-02-10,2025-02-11,2025-02-24,0.24008853948579376,0.29239642583488695,0.2990782495536119,synthetic_fallback_fast,validation,2,High
1,MSFT,2025-02-10,2025-02-11,2025-02-24,0.2503520553541637,0.3359176729139409,0.3335588019449727,synthetic_fallback_fast,validation,2,High
0,AAPL,2025-02-11,2025-02-12,2025-02-25,0.2477369696028954,0.2884773090033603,0.2917384754693599,synthetic_fallback_fast,validation,2,High
1,MSFT,2025-02-11,2025-02-12,2025-02-25,0.23376529637991608,0.3296895105531571,0.33105965881077015,synthetic_fallback_fast,validation,1,Medium
0,AAPL,2025-02-12,2025-02-13,2025-02-26,0.24673141535211526,0.28915890805028666,0.28399131609349754,synthetic_fallback_fast,validation,2,High
1,MSFT,2025-02-12,2025-02-13,2025-02-26,0.25233135480281776,0.3125095633241954,0.3208442120966441,synthetic_fallback_fast,validation,2,High
0,AAPL,2025-02-13,2025-02-14,2025-02-27,0.24661717746063383,0.2937206394253617,0.2814162871395175,synthetic_fallback_fast,validation,2,High
1,MSFT,2025-02-13,2025-02-14,2025-02-27,0.24726137163682105,0.3036593820585467,0.31582198587219923,synthetic_fallback_fast,validation,2,High
0,AAPL,2025-02-14,2025-02-17,2025-02-28,0.26054958873842166,0.2878988517612942,0.2722597667366222,synthetic_fallback_fast,validation,2,High
1,MSFT,2025-02-14,2025-02-17,2025-02-28,0.23885788126834978,0.30308820998926994,0.3103605408317752,synthetic_fallback_fast,validation,2,High
0,AAPL,2025-02-17,2025-02-18,2025-03-03,0.17753643158846158,0.3146780873087734,0.3032503137325959,synthetic_fallback_fast,validation,1,Medium
1,MSFT,2025-02-17,2025-02-18,2025-03-03,0.16951963714133877,0.33530626465595714,0.3400111816659233,synthetic_fallback_fast,validation,1,Medium
0,AAPL,2025-02-18,2025-02-19,2025-03-04,0.20209324949875354,0.3149061560690855,0.2945527348592106,synthetic_fallback_fast,validation,1,Medium
1,MSFT,2025-02-18,2025-02-19,2025-03-04,0.1695047749469277,0.3352567778581495,0.3295408502615803,synthetic_fallback_fast,validation,1,Medium
0,AAPL,2025-02-19,2025-02-20,2025-03-05,0.20294807489792369,0.3147593653498152,0.28487975270850374,synthetic_fallback_fast,validation,1,Medium
1,MSFT,2025-02-19,2025-02-20,2025-03-05,0.18710408978243714,0.3357567497224273,0.3201322898830813,synthetic_fallback_fast,validation,1,Medium
0,AAPL,2025-02-20,2025-02-21,2025-03-06,0.21454370415220844,0.31542941166226035,0.2764760344567364,synthetic_fallback_fast,validation,1,Medium
1,MSFT,2025-02-20,2025-02-21,2025-03-06,0.18797379513185172,0.33740626396366613,0.3127914128370884,synthetic_fallback_fast,validation,1,Medium
0,AAPL,2025-02-21,2025-02-24,2025-03-07,0.23788534250295523,0.3139366281419477,0.2695839298496222,synthetic_fallback_fast,validation,2,High
1,MSFT,2025-02-21,2025-02-24,2025-03-07,0.18858337701669062,0.33698061604904,0.30364282738033194,synthetic_fallback_fast,validation,1,Medium
0,AAPL,2025-02-24,2025-02-25,2025-03-10,0.22097751107172017,0.3202100851088635,0.27060135161535726,synthetic_fallback_fast,validation,1,Medium
1,MSFT,2025-02-24,2025-02-25,2025-03-10,0.18862936024394933,0.3338320025323682,0.29569185349465954,synthetic_fallback_fast,validation,1,Medium
0,AAPL,2025-02-25,2025-02-26,2025-03-11,0.22444459332047076,0.32438387550032244,0.2684545921623003,synthetic_fallback_fast,validation,1,Medium
1,MSFT,2025-02-25,2025-02-26,2025-03-11,0.20433882348959798,0.32504953751797294,0.2850704417002542,synthetic_fallback_fast,validation,1,Medium
0,AAPL,2025-02-26,2025-02-27,2025-03-12,0.2285173417419039,0.3238066584282607,0.2610307437303308,synthetic_fallback_fast,validation,2,High
1,MSFT,2025-02-26,2025-02-27,2025-03-12,0.18140342611045285,0.33087296717022224,0.285015786248606,synthetic_fallback_fast,validation,1,Medium
0,AAPL,2025-02-27,2025-02-28,2025-03-13,0.21445223385546888,0.2993082518771936,0.26079223714683303,synthetic_fallback_fast,validation,1,Medium
1,MSFT,2025-02-27,2025-02-28,2025-03-13,0.1753441031550202,0.31284691085313854,0.27852753517361106,synthetic_fallback_fast,validation,1,Medium
0,AAPL,2025-02-28,2025-03-03,2025-03-14,0.20929124990940876,0.24630979687782537,0.26099195269359765,synthetic_fallback_fast,validation,1,Medium
1,MSFT,2025-02-28,2025-03-03,2025-03-14,0.18370660579078707,0.2661836763051124,0.27034914088706324,synthetic_fallback_fast,validation,1,Medium
0,AAPL,2025-03-03,2025-03-04,2025-03-17,0.20997509380122523,0.2429598910030124,0.2541249119191609,synthetic_fallback_fast,validation,1,Medium
1,MSFT,2025-03-03,2025-03-04,2025-03-17,0.1440754044695125,0.27545509666847834,0.2769052357270607,synthetic_fallback_fast,validation,0,Low
0,AAPL,2025-03-04,2025-03-05,2025-03-18,0.18557848871920235,0.23559100318402046,0.25817727544421554,synthetic_fallback_fast,validation,1,Medium
1,MSFT,2025-03-04,2025-03-05,2025-03-18,0.15887073183126332,0.25350227030864153,0.2686926837264123,synthetic_fallback_fast,validation,1,Medium
0,AAPL,2025-03-05,2025-03-06,2025-03-19,0.18392254307307593,0.23623932055605174,0.2512333684577422,synthetic_fallback_fast,validation,1,Medium
1,MSFT,2025-03-05,2025-03-06,2025-03-19,0.13880119768687432,0.26015860711195,0.26861184409624034,synthetic_fallback_fast,validation,0,Low
0,AAPL,2025-03-06,2025-03-07,2025-03-20,0.16724417946816558,0.24092181328941945,0.2507519629229661,synthetic_fallback_fast,validation,1,Medium
1,MSFT,2025-03-06,2025-03-07,2025-03-20,0.14517490559158433,0.26195557128523195,0.26338939392484617,synthetic_fallback_fast,validation,0,Low
0,AAPL,2025-03-07,2025-03-10,2025-03-21,0.12691251732359465,0.23631312389388226,0.2576821757754889,synthetic_fallback_fast,validation,0,Low
1,MSFT,2025-03-07,2025-03-10,2025-03-21,0.1463573949948585,0.225322440386693,0.25607750620896047,synthetic_fallback_fast,validation,0,Low
0,AAPL,2025-03-10,2025-03-11,2025-03-24,0.12967248189134012,0.2307309766718307,0.25009017390621263,synthetic_fallback_fast,validation,0,Low
1,MSFT,2025-03-10,2025-03-11,2025-03-24,0.16582093142657856,0.22164970918782623,0.24953285432747108,synthetic_fallback_fast,validation,1,Medium
0,AAPL,2025-03-11,2025-03-12,2025-03-25,0.12486413706563416,0.2363778559624584,0.2511639017605896,synthetic_fallback_fast,validation,0,Low
1,MSFT,2025-03-11,2025-03-12,2025-03-25,0.15158947426567992,0.21954563144902597,0.2498221318922938,synthetic_fallback_fast,validation,0,Low
0,AAPL,2025-03-12,2025-03-13,2025-03-26,0.11843916868742575,0.23779882968429863,0.24648635399151858,synthetic_fallback_fast,validation,0,Low
1,MSFT,2025-03-12,2025-03-13,2025-03-26,0.15111420753094973,0.21974794153897784,0.24252486452220862,synthetic_fallback_fast,validation,0,Low
0,AAPL,2025-03-13,2025-03-14,2025-03-27,0.11825181650616703,0.23109499434675176,0.23927684161635834,synthetic_fallback_fast,validation,0,Low
1,MSFT,2025-03-13,2025-03-14,2025-03-27,0.15165307740494505,0.21434054727811128,0.23520276074397065,synthetic_fallback_fast,validation,0,Low
0,AAPL,2025-03-14,2025-03-17,2025-03-28,0.09829182877405306,0.23631431979505943,0.2386804867701621,synthetic_fallback_fast,validation,0,Low
1,MSFT,2025-03-14,2025-03-17,2025-03-28,0.14144483370401123,0.21307417071899717,0.2322781583870268,synthetic_fallback_fast,validation,0,Low
0,AAPL,2025-03-17,2025-03-18,2025-03-31,0.09237176159352034,0.1944334391996369,0.23300328409163243,synthetic_fallback_fast,validation,0,Low
1,MSFT,2025-03-17,2025-03-18,2025-03-31,0.14523236894290867,0.15731279278810223,0.22457419231449915,synthetic_fallback_fast,validation,0,Low
0,AAPL,2025-03-18,2025-03-19,2025-04-01,0.09215795712669406,0.19401167099979907,0.226164188397097,synthetic_fallback_fast,validation,0,Low
1,MSFT,2025-03-18,2025-03-19,2025-04-01,0.1302587426022241,0.16427382348142047,0.224024509568249,synthetic_fallback_fast,validation,0,Low
0,AAPL,2025-03-19,2025-03-20,2025-04-02,0.09784495144216515,0.193669077236456,0.21898979170910482,synthetic_fallback_fast,validation,0,Low
1,MSFT,2025-03-19,2025-03-20,2025-04-02,0.1403628303809485,0.1647326817796412,0.21899825208810483,synthetic_fallback_fast,validation,0,Low
0,AAPL,2025-03-20,2025-03-21,2025-04-03,0.11565464756061361,0.19235334226018835,0.21136251473639991,synthetic_fallback_fast,validation,0,Low
1,MSFT,2025-03-20,2025-03-21,2025-04-03,0.1276707261113525,0.16794329529605637,0.21708010660295726,synthetic_fallback_fast,validation,0,Low
0,AAPL,2025-03-21,2025-03-24,2025-04-04,0.11581071363020344,0.19065180727068917,0.20477961645829576,synthetic_fallback_fast,validation,0,Low
1,MSFT,2025-03-21,2025-03-24,2025-04-04,0.13385089928261615,0.16879599692631977,0.21116730875488746,synthetic_fallback_fast,validation,0,Low
0,AAPL,2025-03-24,2025-03-25,2025-04-07,0.11202928970544108,0.18117120764529906,0.19997278522923106,synthetic_fallback_fast,validation,0,Low
1,MSFT,2025-03-24,2025-03-25,2025-04-07,0.12014759035403726,0.17759169018456308,0.21500096557517784,synthetic_fallback_fast,validation,0,Low
0,AAPL,2025-03-25,2025-03-26,2025-04-08,0.083876490930541,0.18161281369432197,0.20276976046901476,synthetic_fallback_fast,unused,0,Low
1,MSFT,2025-03-25,2025-03-26,2025-04-08,0.12183032578704579,0.17990792574711417,0.2106227459577936,synthetic_fallback_fast,unused,0,Low
0,AAPL,2025-03-26,2025-03-27,2025-04-09,0.0843930376904555,0.1820000166980138,0.19798711114348996,synthetic_fallback_fast,unused,0,Low
1,MSFT,2025-03-26,2025-03-27,2025-04-09,0.14748608938684976,0.1669471573916691,0.20448728733017638,synthetic_fallback_fast,unused,0,Low
0,AAPL,2025-03-27,2025-03-28,2025-04-10,0.12403662767787546,0.17316647006942323,0.19235227719712558,synthetic_fallback_fast,unused,0,Low
1,MSFT,2025-03-27,2025-03-28,2025-04-10,0.16138943276948042,0.1639271338089406,0.19823793698209047,synthetic_fallback_fast,unused,1,Medium
0,AAPL,2025-03-28,2025-03-31,2025-04-11,0.14124246869606707,0.16349940503315347,0.18780549441878502,synthetic_fallback_fast,unused,1,Medium
1,MSFT,2025-03-28,2025-03-31,2025-04-11,0.1886496966388579,0.16394321881786852,0.19231664422540848,synthetic_fallback_fast,unused,1,Medium
0,AAPL,2025-03-31,2025-04-01,2025-04-14,0.1436048141695174,0.16220678524143725,0.1818524225757894,synthetic_fallback_fast,unused,1,Medium
1,MSFT,2025-03-31,2025-04-01,2025-04-14,0.20171960525237048,0.14465504339950053,0.18796371338344559,synthetic_fallback_fast,unused,1,Medium
0,AAPL,2025-04-01,2025-04-02,2025-04-15,0.1442487008178039,0.14651359072978296,0.1765095678343563,synthetic_fallback_fast,unused,1,Medium
1,MSFT,2025-04-01,2025-04-02,2025-04-15,0.20267784653811108,0.14527086675743633,0.18308649194713414,synthetic_fallback_fast,unused,1,Medium
0,AAPL,2025-04-02,2025-04-03,2025-04-16,0.14692309898161973,0.14731112716490077,0.17256894296758357,synthetic_fallback_fast,unused,1,Medium
1,MSFT,2025-04-02,2025-04-03,2025-04-16,0.19556644290394903,0.13958419794493518,0.18357563528414902,synthetic_fallback_fast,unused,1,Medium
0,AAPL,2025-04-03,2025-04-04,2025-04-17,0.13393257100836822,0.14378214956723542,0.1739473485889661,synthetic_fallback_fast,unused,0,Low
1,MSFT,2025-04-03,2025-04-04,2025-04-17,0.19522321044624144,0.1367032690160067,0.17958037847624683,synthetic_fallback_fast,unused,1,Medium
0,AAPL,2025-04-04,2025-04-07,2025-04-18,0.1360179130659968,0.12148849419790479,0.16869875274535528,synthetic_fallback_fast,unused,0,Low
1,MSFT,2025-04-04,2025-04-07,2025-04-18,0.19342059390265356,0.14024362785603858,0.17793406915130544,synthetic_fallback_fast,unused,1,Medium
0,AAPL,2025-04-07,2025-04-08,2025-04-21,0.15007164063419115,0.1211724273747241,0.16355026021447586,synthetic_fallback_fast,unused,1,Medium
1,MSFT,2025-04-07,2025-04-08,2025-04-21,0.20028377240710665,0.1447964515571076,0.1790192604199155,synthetic_fallback_fast,unused,1,Medium
0,AAPL,2025-04-08,2025-04-09,2025-04-22,0.1495384547171589,0.10636333591977688,0.15886034461243698,synthetic_fallback_fast,calibration,1,Medium
1,MSFT,2025-04-08,2025-04-09,2025-04-22,0.19652138702206545,0.13751726616960314,0.17658281157979014,synthetic_fallback_fast,calibration,1,Medium
0,AAPL,2025-04-09,2025-04-10,2025-04-23,0.14732409812854544,0.10283487124995863,0.15594466249924924,synthetic_fallback_fast,calibration,1,Medium
1,MSFT,2025-04-09,2025-04-10,2025-04-23,0.17843172448608594,0.14931116883932827,0.1821613056707418,synthetic_fallback_fast,calibration,1,Medium
0,AAPL,2025-04-10,2025-04-11,2025-04-24,0.11520702618615726,0.12117874630624814,0.16737391883776576,synthetic_fallback_fast,calibration,0,Low
1,MSFT,2025-04-10,2025-04-11,2025-04-24,0.16649307674803743,0.15659694265221927,0.1835405851159012,synthetic_fallback_fast,calibration,1,Medium
0,AAPL,2025-04-11,2025-04-14,2025-04-25,0.0910944488164453,0.12167727513202137,0.17172592069888498,synthetic_fallback_fast,calibration,0,Low
1,MSFT,2025-04-11,2025-04-14,2025-04-25,0.1352071777151599,0.16672634618363186,0.1935873414489579,synthetic_fallback_fast,calibration,0,Low
0,AAPL,2025-04-14,2025-04-15,2025-04-28,0.09692149954197164,0.1207370800387184,0.16766175979640666,synthetic_fallback_fast,calibration,0,Low
1,MSFT,2025-04-14,2025-04-15,2025-04-28,0.10993070667087104,0.17576012080665696,0.19771755126701984,synthetic_fallback_fast,calibration,0,Low
0,AAPL,2025-04-15,2025-04-16,2025-04-29,0.09815018360910828,0.12103878871954618,0.1631246973072291,synthetic_fallback_fast,calibration,0,Low
1,MSFT,2025-04-15,2025-04-16,2025-04-29,0.10876353710236547,0.17036086625401764,0.1930754375550808,synthetic_fallback_fast,calibration,0,Low
0,AAPL,2025-04-16,2025-04-17,2025-04-30,0.10398102420122947,0.12481993337821186,0.16187590589402473,synthetic_fallback_fast,calibration,0,Low
1,MSFT,2025-04-16,2025-04-17,2025-04-30,0.11188804267213465,0.17021744584891188,0.18905648603648162,synthetic_fallback_fast,calibration,0,Low
0,AAPL,2025-04-17,2025-04-18,2025-05-01,0.1097526487554376,0.1251277968304432,0.15753216078814475,synthetic_fallback_fast,calibration,0,Low
1,MSFT,2025-04-17,2025-04-18,2025-05-01,0.10980171662066691,0.16494228718363502,0.18490548650439756,synthetic_fallback_fast,calibration,0,Low
0,AAPL,2025-04-18,2025-04-21,2025-05-02,0.13036609087499923,0.12631902878498957,0.15405474856650325,synthetic_fallback_fast,calibration,0,Low
1,MSFT,2025-04-18,2025-04-21,2025-05-02,0.11320185499195985,0.16632436590052024,0.18230372564937708,synthetic_fallback_fast,calibration,0,Low
0,AAPL,2025-04-21,2025-04-22,2025-05-05,0.1194112912615599,0.132423674383668,0.15772579054472533,synthetic_fallback_fast,calibration,0,Low
1,MSFT,2025-04-21,2025-04-22,2025-05-05,0.08070621019553728,0.16514998177036416,0.1872079427761655,synthetic_fallback_fast,calibration,0,Low
0,AAPL,2025-04-22,2025-04-23,2025-05-06,0.11930915206512518,0.12123740175790824,0.15327684233110805,synthetic_fallback_fast,calibration,0,Low
1,MSFT,2025-04-22,2025-04-23,2025-05-06,0.0771660792758497,0.16349814041519578,0.18217985438565215,synthetic_fallback_fast,calibration,0,Low
0,AAPL,2025-04-23,2025-04-24,2025-05-07,0.12356124327509949,0.1200553511927143,0.14922215526515345,synthetic_fallback_fast,calibration,0,Low
1,MSFT,2025-04-23,2025-04-24,2025-05-07,0.07938478086796992,0.16369182457548748,0.1770705478426038,synthetic_fallback_fast,calibration,0,Low
0,AAPL,2025-04-24,2025-04-25,2025-05-08,0.12440481753814273,0.11970326622184925,0.14253013106795503,synthetic_fallback_fast,calibration,0,Low
1,MSFT,2025-04-24,2025-04-25,2025-05-08,0.08217562457041201,0.16396111370486985,0.17112730297707024,synthetic_fallback_fast,calibration,0,Low
0,AAPL,2025-04-25,2025-04-28,2025-05-09,0.1236083599619478,0.11884366530979149,0.13466332864303582,synthetic_fallback_fast,calibration,0,Low
1,MSFT,2025-04-25,2025-04-28,2025-05-09,0.09152398389478851,0.16411838554475233,0.16336668298781162,synthetic_fallback_fast,calibration,0,Low
0,AAPL,2025-04-28,2025-04-29,2025-05-12,0.11627389229764325,0.12250738697345162,0.1344932058957966,synthetic_fallback_fast,calibration,0,Low
1,MSFT,2025-04-28,2025-04-29,2025-05-12,0.09130635403789651,0.16244315838521678,0.1585129732367088,synthetic_fallback_fast,calibration,0,Low
0,AAPL,2025-04-29,2025-04-30,2025-05-13,0.13622509066908278,0.1233716868453333,0.1303861835589188,synthetic_fallback_fast,calibration,0,Low
1,MSFT,2025-04-29,2025-04-30,2025-05-13,0.09179957984179454,0.1626465746339955,0.15347645551454658,synthetic_fallback_fast,calibration,0,Low
0,AAPL,2025-04-30,2025-05-01,2025-05-14,0.1429489592073194,0.127276176891631,0.1336552743741903,synthetic_fallback_fast,calibration,1,Medium
1,MSFT,2025-04-30,2025-05-01,2025-05-14,0.08731434182396647,0.15931912578705826,0.1524162335657533,synthetic_fallback_fast,calibration,0,Low
0,AAPL,2025-05-01,2025-05-02,2025-05-15,0.1422364355027651,0.12244096023338363,0.1329277480295381,synthetic_fallback_fast,calibration,1,Medium
1,MSFT,2025-05-01,2025-05-02,2025-05-15,0.08510222263676447,0.15838011060386134,0.14869462154700538,synthetic_fallback_fast,calibration,0,Low
0,AAPL,2025-05-02,2025-05-05,2025-05-16,0.1210903744351629,0.13322197702492186,0.14047191050791505,synthetic_fallback_fast,calibration,0,Low
1,MSFT,2025-05-02,2025-05-05,2025-05-16,0.07129026334949708,0.1584711111200965,0.14715815549950742,synthetic_fallback_fast,calibration,0,Low
0,AAPL,2025-05-05,2025-05-06,2025-05-19,0.12394950091320721,0.13561075511070445,0.13903122833861203,synthetic_fallback_fast,calibration,0,Low
1,MSFT,2025-05-05,2025-05-06,2025-05-19,0.09085895677959703,0.15268772356307486,0.14262178686998928,synthetic_fallback_fast,calibration,0,Low
0,AAPL,2025-05-06,2025-05-07,2025-05-20,0.12838748360536595,0.1352708823171028,0.1349101384126626,synthetic_fallback_fast,calibration,0,Low
1,MSFT,2025-05-06,2025-05-07,2025-05-20,0.09753151188793963,0.14929042056991323,0.13805025814583324,synthetic_fallback_fast,calibration,0,Low
0,AAPL,2025-05-07,2025-05-08,2025-05-21,0.131076552285748,0.13596280875496358,0.13373661970524944,synthetic_fallback_fast,calibration,0,Low
1,MSFT,2025-05-07,2025-05-08,2025-05-21,0.0959409390327147,0.13809385166714355,0.135156301664543,synthetic_fallback_fast,calibration,0,Low
0,AAPL,2025-05-08,2025-05-09,2025-05-22,0.13379124017169122,0.11989415646593563,0.12986365445066847,synthetic_fallback_fast,calibration,0,Low
1,MSFT,2025-05-08,2025-05-09,2025-05-22,0.10626150340681546,0.13128742871761406,0.13272586270601994,synthetic_fallback_fast,calibration,0,Low
0,AAPL,2025-05-09,2025-05-12,2025-05-23,0.14024651261603055,0.10857537763612528,0.1263875060445452,synthetic_fallback_fast,calibration,0,Low
1,MSFT,2025-05-09,2025-05-12,2025-05-23,0.09982891701754655,0.11545046672420241,0.13274564301539363,synthetic_fallback_fast,calibration,0,Low
0,AAPL,2025-05-12,2025-05-13,2025-05-26,0.14407305145317972,0.10703596382410062,0.11984628087059206,synthetic_fallback_fast,calibration,1,Medium
1,MSFT,2025-05-12,2025-05-13,2025-05-26,0.16246600577129233,0.10104852932341667,0.12593241338816266,synthetic_fallback_fast,calibration,1,Medium
0,AAPL,2025-05-13,2025-05-14,2025-05-27,0.12696334450409,0.11872391054522567,0.12971297099234452,synthetic_fallback_fast,calibration,0,Low
1,MSFT,2025-05-13,2025-05-14,2025-05-27,0.1634956504584301,0.10063962902889607,0.12364897638298317,synthetic_fallback_fast,calibration,1,Medium
0,AAPL,2025-05-14,2025-05-15,2025-05-28,0.10738473941522252,0.12499291646407916,0.13715970400925515,synthetic_fallback_fast,calibration,0,Low
1,MSFT,2025-05-14,2025-05-15,2025-05-28,0.16067637664321383,0.10035618660838476,0.12224576358465267,synthetic_fallback_fast,calibration,1,Medium
0,AAPL,2025-05-15,2025-05-16,2025-05-29,0.10327211166016019,0.12703709594714196,0.13577033691179666,synthetic_fallback_fast,calibration,0,Low
1,MSFT,2025-05-15,2025-05-16,2025-05-29,0.1618984610934429,0.09823137296852433,0.11847442517890869,synthetic_fallback_fast,calibration,1,Medium
0,AAPL,2025-05-16,2025-05-19,2025-05-30,0.10429576737850277,0.12581374414362786,0.1317374974316961,synthetic_fallback_fast,calibration,0,Low
1,MSFT,2025-05-16,2025-05-19,2025-05-30,0.16139159586466198,0.09459641013817953,0.11576961875991322,synthetic_fallback_fast,calibration,1,Medium
0,AAPL,2025-05-19,2025-05-20,2025-06-02,0.12611359000229386,0.12170155146378833,0.13212219427230742,synthetic_fallback_fast,calibration,0,Low
1,MSFT,2025-05-19,2025-05-20,2025-06-02,0.17296674508475968,0.08593265500146882,0.12064816687020202,synthetic_fallback_fast,calibration,1,Medium
0,AAPL,2025-05-20,2025-05-21,2025-06-03,0.12302169434277199,0.12393147242128869,0.13052342221415392,synthetic_fallback_fast,calibration,0,Low
1,MSFT,2025-05-20,2025-05-21,2025-06-03,0.17146382569087512,0.08794031954102176,0.12046807862060516,synthetic_fallback_fast,calibration,1,Medium
0,AAPL,2025-05-21,2025-05-22,2025-06-04,0.12573944029892306,0.12737433689485245,0.13119622516759114,synthetic_fallback_fast,calibration,0,Low
1,MSFT,2025-05-21,2025-05-22,2025-06-04,0.17369527921144376,0.08805284554156861,0.11672066226119734,synthetic_fallback_fast,calibration,1,Medium
0,AAPL,2025-05-22,2025-05-23,2025-06-05,0.12288230519901026,0.12918330885485504,0.1290463030103528,synthetic_fallback_fast,calibration,0,Low
1,MSFT,2025-05-22,2025-05-23,2025-06-05,0.16912138386788186,0.0949851050949936,0.12061710903851786,synthetic_fallback_fast,calibration,1,Medium
0,AAPL,2025-05-23,2025-05-26,2025-06-06,0.11979022265432071,0.13218946810060336,0.12920447973921798,synthetic_fallback_fast,calibration,0,Low
1,MSFT,2025-05-23,2025-05-26,2025-06-06,0.17672258453344014,0.09576651894286882,0.11835459880069596,synthetic_fallback_fast,calibration,1,Medium
0,AAPL,2025-05-26,2025-05-27,2025-06-09,0.11766592055649658,0.13091344886044848,0.12793520134751726,synthetic_fallback_fast,calibration,0,Low
1,MSFT,2025-05-26,2025-05-27,2025-06-09,0.12185158314694407,0.13178022104809828,0.15131613601507293,synthetic_fallback_fast,calibration,0,Low
0,AAPL,2025-05-27,2025-05-28,2025-06-10,0.12274726454848305,0.1316756738647349,0.12543519401153416,synthetic_fallback_fast,calibration,0,Low
1,MSFT,2025-05-27,2025-05-28,2025-06-10,0.11803885107233487,0.1325858034971225,0.148692001080621,synthetic_fallback_fast,calibration,0,Low
0,AAPL,2025-05-28,2025-05-29,2025-06-11,0.13235460564935386,0.12642366708360248,0.12248572005016749,synthetic_fallback_fast,calibration,0,Low
1,MSFT,2025-05-28,2025-05-29,2025-06-11,0.12067083252966465,0.12930717748706833,0.1438230953849157,synthetic_fallback_fast,calibration,0,Low
0,AAPL,2025-05-29,2025-05-30,2025-06-12,0.13314507824349797,0.12429065256744139,0.11930749905047298,synthetic_fallback_fast,calibration,0,Low
1,MSFT,2025-05-29,2025-05-30,2025-06-12,0.11934311201304573,0.12933193728183012,0.14022859155506506,synthetic_fallback_fast,calibration,0,Low
0,AAPL,2025-05-30,2025-06-02,2025-06-13,0.13225852956675732,0.11300549958722962,0.11545787523609737,synthetic_fallback_fast,calibration,0,Low
1,MSFT,2025-05-30,2025-06-02,2025-06-13,0.12848208209030515,0.1247588651442915,0.13633792878866788,synthetic_fallback_fast,calibration,0,Low
0,AAPL,2025-06-02,2025-06-03,2025-06-16,0.12012264956063767,0.12503622747008128,0.1298115958290128,synthetic_fallback_fast,calibration,0,Low
1,MSFT,2025-06-02,2025-06-03,2025-06-16,0.10192970023532821,0.13815361908450485,0.14751155978434474,synthetic_fallback_fast,calibration,0,Low
0,AAPL,2025-06-03,2025-06-04,2025-06-17,0.13182953230678165,0.12573321602799423,0.12634386101232578,synthetic_fallback_fast,calibration,0,Low
1,MSFT,2025-06-03,2025-06-04,2025-06-17,0.09903892735262264,0.13948519514933855,0.14441001242822782,synthetic_fallback_fast,calibration,0,Low
0,AAPL,2025-06-04,2025-06-05,2025-06-18,0.12223170473091909,0.12843572206711973,0.12872046960324252,synthetic_fallback_fast,calibration,0,Low
1,MSFT,2025-06-04,2025-06-05,2025-06-18,0.09434026722527306,0.140311642073672,0.1421829323661665,synthetic_fallback_fast,calibration,0,Low
0,AAPL,2025-06-05,2025-06-06,2025-06-19,0.12360945695649586,0.12845263110910157,0.1254153702135335,synthetic_fallback_fast,calibration,0,Low
1,MSFT,2025-06-05,2025-06-06,2025-06-19,0.09168863268087701,0.14123305135070918,0.14085290161737682,synthetic_fallback_fast,calibration,0,Low
0,AAPL,2025-06-06,2025-06-09,2025-06-20,0.12947733698258904,0.1304200554832924,0.12414462397535703,synthetic_fallback_fast,calibration,0,Low
1,MSFT,2025-06-06,2025-06-09,2025-06-20,0.09732847511853976,0.14352122588153138,0.143228759389375,synthetic_fallback_fast,calibration,0,Low
0,AAPL,2025-06-09,2025-06-10,2025-06-23,0.12727689686681065,0.1315338606888704,0.12184351673560896,synthetic_fallback_fast,calibration,0,Low
1,MSFT,2025-06-09,2025-06-10,2025-06-23,0.10470547537058598,0.14360189996426617,0.1391338534340338,synthetic_fallback_fast,calibration,0,Low
0,AAPL,2025-06-10,2025-06-11,2025-06-24,0.12449505838835023,0.12487309918833504,0.12334019984549852,synthetic_fallback_fast,calibration,0,Low
1,MSFT,2025-06-10,2025-06-11,2025-06-24,0.10944799640362207,0.1425903188882436,0.13470718088187325,synthetic_fallback_fast,calibration,0,Low
0,AAPL,2025-06-11,2025-06-12,2025-06-25,0.16593967861943926,0.12051809800994873,0.126495483142593,synthetic_fallback_fast,calibration,1,Medium
1,MSFT,2025-06-11,2025-06-12,2025-06-25,0.18023428389057106,0.1420886129051063,0.13208649748055754,synthetic_fallback_fast,calibration,1,Medium
0,AAPL,2025-06-12,2025-06-13,2025-06-26,0.1647794705751544,0.11914852266649341,0.12410443132423533,synthetic_fallback_fast,calibration,1,Medium
1,MSFT,2025-06-12,2025-06-13,2025-06-26,0.1801218645349244,0.14222146478183845,0.12803300323952968,synthetic_fallback_fast,calibration,1,Medium
0,AAPL,2025-06-13,2025-06-16,2025-06-27,0.16948117704787058,0.11910064176198124,0.12043143626589689,synthetic_fallback_fast,calibration,1,Medium
1,MSFT,2025-06-13,2025-06-16,2025-06-27,0.20689858837315553,0.14586790708377614,0.12989252984996114,synthetic_fallback_fast,calibration,1,Medium
0,AAPL,2025-06-16,2025-06-17,2025-06-30,0.1706465571069769,0.12315455436307347,0.12684150355996804,synthetic_fallback_fast,calibration,1,Medium
1,MSFT,2025-06-16,2025-06-17,2025-06-30,0.2054730062256965,0.14196330282027134,0.12782780441838015,synthetic_fallback_fast,calibration,1,Medium
0,AAPL,2025-06-17,2025-06-18,2025-07-01,0.16652716831411676,0.12750169188522795,0.13057323334117288,synthetic_fallback_fast,calibration,1,Medium
1,MSFT,2025-06-17,2025-06-18,2025-07-01,0.24524940008667195,0.14001527175938502,0.12444548054010836,synthetic_fallback_fast,calibration,2,High
0,AAPL,2025-06-18,2025-06-19,2025-07-02,0.19816362548263083,0.12399797677404463,0.1270613406981193,synthetic_fallback_fast,calibration,1,Medium
1,MSFT,2025-06-18,2025-06-19,2025-07-02,0.24552406392817203,0.1397679076907094,0.12092115871872798,synthetic_fallback_fast,calibration,2,High
0,AAPL,2025-06-19,2025-06-20,2025-07-03,0.21662091072326917,0.1232464173517886,0.12464310608148971,synthetic_fallback_fast,calibration,1,Medium
1,MSFT,2025-06-19,2025-06-20,2025-07-03,0.25292141447893046,0.1360309667764591,0.11947639965893414,synthetic_fallback_fast,calibration,2,High
0,AAPL,2025-06-20,2025-06-23,2025-07-04,0.2312907324395343,0.12472786023113411,0.1273041852854311,synthetic_fallback_fast,calibration,2,High
1,MSFT,2025-06-20,2025-06-23,2025-07-04,0.25434354902419887,0.14265991720360544,0.12640318576557777,synthetic_fallback_fast,calibration,2,High
0,AAPL,2025-06-23,2025-06-24,2025-07-07,0.23766728861647052,0.12256565044181937,0.12358721083980526,synthetic_fallback_fast,calibration,2,High
1,MSFT,2025-06-23,2025-06-24,2025-07-07,0.2870179357122704,0.11360247551879539,0.12637600606681487,synthetic_fallback_fast,calibration,2,High
0,AAPL,2025-06-24,2025-06-25,2025-07-08,0.25414345664904336,0.12362425028539917,0.12326950245823529,synthetic_fallback_fast,calibration,2,High
1,MSFT,2025-06-24,2025-06-25,2025-07-08,0.3208787746554729,0.11382450149076893,0.1250951484409821,synthetic_fallback_fast,calibration,2,High
0,AAPL,2025-06-25,2025-06-26,2025-07-09,0.2238139566314041,0.15008950425815717,0.15242710733989126,synthetic_fallback_fast,calibration,1,Medium
1,MSFT,2025-06-25,2025-06-26,2025-07-09,0.2903437657610301,0.15337184701396364,0.16562019186495272,synthetic_fallback_fast,calibration,2,High
0,AAPL,2025-06-26,2025-06-27,2025-07-10,0.23629063336549633,0.1497996758733065,0.14800271438110946,synthetic_fallback_fast,calibration,2,High
1,MSFT,2025-06-26,2025-06-27,2025-07-10,0.2910704629338039,0.1527852487455776,0.16069178332291595,synthetic_fallback_fast,calibration,2,High
0,AAPL,2025-06-27,2025-06-30,2025-07-11,0.23926906639142434,0.15201346653617973,0.14686745035207896,synthetic_fallback_fast,calibration,2,High
1,MSFT,2025-06-27,2025-06-30,2025-07-11,0.26882280627814226,0.1722130530608298,0.17877849696743003,synthetic_fallback_fast,calibration,2,High
0,AAPL,2025-06-30,2025-07-01,2025-07-14,0.23207466656121822,0.14756303464948883,0.15163128950027294,synthetic_fallback_fast,calibration,2,High
1,MSFT,2025-06-30,2025-07-01,2025-07-14,0.27015800320528877,0.16218634356426095,0.17388120395721426,synthetic_fallback_fast,calibration,2,High
0,AAPL,2025-07-01,2025-07-02,2025-07-15,0.22796261422915634,0.15018375973277365,0.1510306452552606,synthetic_fallback_fast,calibration,2,High
1,MSFT,2025-07-01,2025-07-02,2025-07-15,0.23432017070882927,0.18702403237823548,0.19845324110102674,synthetic_fallback_fast,calibration,1,Medium
0,AAPL,2025-07-02,2025-07-03,2025-07-16,0.20120461036329199,0.164635069328875,0.16892493600882796,synthetic_fallback_fast,calibration,1,Medium
1,MSFT,2025-07-02,2025-07-03,2025-07-16,0.23792870866167581,0.18598676295363203,0.1924898332847797,synthetic_fallback_fast,calibration,2,High
0,AAPL,2025-07-03,2025-07-04,2025-07-17,0.2002574846249171,0.1763574733483931,0.17793617778372423,synthetic_fallback_fast,calibration,1,Medium
1,MSFT,2025-07-03,2025-07-04,2025-07-17,0.2455133613559145,0.19023150010567616,0.19369128142927347,synthetic_fallback_fast,calibration,2,High
0,AAPL,2025-07-04,2025-07-07,2025-07-18,0.19226238760591458,0.18742969842652893,0.1877702861231691,synthetic_fallback_fast,calibration,1,Medium
1,MSFT,2025-07-04,2025-07-07,2025-07-18,0.25461199189983774,0.19256618732156128,0.19518882776677812,synthetic_fallback_fast,calibration,2,High
0,AAPL,2025-07-07,2025-07-08,2025-07-21,0.19377977047599676,0.19063728459347803,0.18704363773259897,synthetic_fallback_fast,calibration,1,Medium
1,MSFT,2025-07-07,2025-07-08,2025-07-21,0.24049906918006828,0.21603533506479136,0.21761136302444004,synthetic_fallback_fast,calibration,2,High
0,AAPL,2025-07-08,2025-07-09,2025-07-22,0.17194540330213384,0.2001098649750218,0.19652342057082037,synthetic_fallback_fast,calibration,1,Medium
1,MSFT,2025-07-08,2025-07-09,2025-07-22,0.1922905417725089,0.23973115352532406,0.2399882305283038,synthetic_fallback_fast,calibration,1,Medium
0,AAPL,2025-07-09,2025-07-10,2025-07-23,0.1900069554402081,0.19701353268662386,0.19104354182769526,synthetic_fallback_fast,calibration,1,Medium
1,MSFT,2025-07-09,2025-07-10,2025-07-23,0.19618413594458264,0.24164426271468037,0.23591825938295616,synthetic_fallback_fast,calibration,1,Medium
0,AAPL,2025-07-10,2025-07-11,2025-07-24,0.18069338293071102,0.20369773849910017,0.19470604422269924,synthetic_fallback_fast,calibration,1,Medium
1,MSFT,2025-07-10,2025-07-11,2025-07-24,0.19807253569395916,0.2420391502175181,0.2293996507795551,synthetic_fallback_fast,calibration,1,Medium
0,AAPL,2025-07-11,2025-07-14,2025-07-25,0.1722108480560921,0.2073325294127232,0.1935739552429789,synthetic_fallback_fast,calibration,1,Medium
1,MSFT,2025-07-11,2025-07-14,2025-07-25,0.19910125256667818,0.23986738736858337,0.22285564285084655,synthetic_fallback_fast,calibration,1,Medium
0,AAPL,2025-07-14,2025-07-15,2025-07-28,0.17320372836527106,0.20368959020034055,0.1892664544860451,synthetic_fallback_fast,calibration,1,Medium
1,MSFT,2025-07-14,2025-07-15,2025-07-28,0.1966722581731454,0.24000469056176169,0.2174202188728974,synthetic_fallback_fast,calibration,1,Medium
0,AAPL,2025-07-15,2025-07-16,2025-07-29,0.20338987091527586,0.1996224577457523,0.18367730404566918,synthetic_fallback_fast,calibration,1,Medium
1,MSFT,2025-07-15,2025-07-16,2025-07-29,0.21778718156364177,0.23984704568108334,0.2109674721310935,synthetic_fallback_fast,calibration,1,Medium
0,AAPL,2025-07-16,2025-07-17,2025-07-30,0.2038373622721974,0.19968990672523299,0.17857246761008647,synthetic_fallback_fast,calibration,1,Medium
1,MSFT,2025-07-16,2025-07-17,2025-07-30,0.21549429677901322,0.24175621643839657,0.20742619362566234,synthetic_fallback_fast,calibration,1,Medium
0,AAPL,2025-07-17,2025-07-18,2025-07-31,0.1914638597784181,0.20859971130238586,0.18639380000019679,synthetic_fallback_fast,calibration,1,Medium
1,MSFT,2025-07-17,2025-07-18,2025-07-31,0.19665677802853584,0.2492449121911045,0.21314113964941983,synthetic_fallback_fast,calibration,1,Medium
0,AAPL,2025-07-18,2025-07-21,2025-08-01,0.1922776287302696,0.21267372733878434,0.19068988104361947,synthetic_fallback_fast,calibration,1,Medium
1,MSFT,2025-07-18,2025-07-21,2025-08-01,0.188397158105068,0.2544778058588097,0.22015282174668793,synthetic_fallback_fast,calibration,1,Medium
0,AAPL,2025-07-21,2025-07-22,2025-08-04,0.18315093646308656,0.216836735268767,0.19069426845849274,synthetic_fallback_fast,calibration,1,Medium
1,MSFT,2025-07-21,2025-07-22,2025-08-04,0.16111446251559697,0.2647820780349496,0.23025053975331974,synthetic_fallback_fast,calibration,1,Medium
0,AAPL,2025-07-22,2025-07-23,2025-08-05,0.23428387240572307,0.21697248474663514,0.18734409030883903,synthetic_fallback_fast,calibration,2,High
1,MSFT,2025-07-22,2025-07-23,2025-08-05,0.3364928866677882,0.2645173344788227,0.22432191158902223,synthetic_fallback_fast,calibration,2,High
0,AAPL,2025-07-23,2025-07-24,2025-08-06,0.2731792357035212,0.20759977155413883,0.19265554281828287,synthetic_fallback_fast,calibration,2,High
1,MSFT,2025-07-23,2025-07-24,2025-08-06,0.3329890830158812,0.2477778415361414,0.22299211054980708,synthetic_fallback_fast,calibration,2,High
0,AAPL,2025-07-24,2025-07-25,2025-08-07,0.30993350155469224,0.21033706526812146,0.19075808029716573,synthetic_fallback_fast,calibration,2,High
1,MSFT,2025-07-24,2025-07-25,2025-08-07,0.33254207832294563,0.24895254948356485,0.21797426600782485,synthetic_fallback_fast,calibration,2,High
0,AAPL,2025-07-25,2025-07-28,2025-08-08,0.31101311424406625,0.20845414642076834,0.18476308180346107,synthetic_fallback_fast,calibration,2,High
1,MSFT,2025-07-25,2025-07-28,2025-08-08,0.33501899746236485,0.23654493225270729,0.21236543897035354,synthetic_fallback_fast,calibration,2,High
0,AAPL,2025-07-28,2025-07-29,2025-08-11,0.40347679621982935,0.20476594245519839,0.1815227725102696,synthetic_fallback_fast,calibration,2,High
1,MSFT,2025-07-28,2025-07-29,2025-08-11,0.3358537456192698,0.23628936056326486,0.20621436805417281,synthetic_fallback_fast,calibration,2,High
0,AAPL,2025-07-29,2025-07-30,2025-08-12,0.39423635492629383,0.2160259163585746,0.19471650774176816,synthetic_fallback_fast,calibration,2,High
1,MSFT,2025-07-29,2025-07-30,2025-08-12,0.3240424886971666,0.22620477321936597,0.2129551232221246,synthetic_fallback_fast,calibration,2,High
0,AAPL,2025-07-30,2025-07-31,2025-08-13,0.41863750055530763,0.20252526446042624,0.18950279426463806,synthetic_fallback_fast,calibration,2,High
1,MSFT,2025-07-30,2025-07-31,2025-08-13,0.3331965389516311,0.226988834912308,0.2078958982872211,synthetic_fallback_fast,calibration,2,High
0,AAPL,2025-07-31,2025-08-01,2025-08-14,0.46311915698014616,0.19591001729052632,0.18862035636149196,synthetic_fallback_fast,calibration,2,High
1,MSFT,2025-07-31,2025-08-01,2025-08-14,0.3388335834808482,0.22243054977772797,0.20230006935923436,synthetic_fallback_fast,calibration,2,High
0,AAPL,2025-08-01,2025-08-04,2025-08-15,0.4809555756716571,0.1922700083191114,0.1932455499232888,synthetic_fallback_fast,calibration,2,High
1,MSFT,2025-08-01,2025-08-04,2025-08-15,0.3310675786487428,0.22396512630459792,0.2056421732581636,synthetic_fallback_fast,calibration,2,High
0,AAPL,2025-08-04,2025-08-05,2025-08-18,0.491354262778095,0.18854026754653178,0.1877627454539613,synthetic_fallback_fast,calibration,2,High
1,MSFT,2025-08-04,2025-08-05,2025-08-18,0.33066256685103473,0.20469205200516333,0.20360419881810335,synthetic_fallback_fast,calibration,2,High
0,AAPL,2025-08-05,2025-08-06,2025-08-19,0.5653846936923203,0.205492280373442,0.2164687197176838,synthetic_fallback_fast,calibration,2,High
1,MSFT,2025-08-05,2025-08-06,2025-08-19,0.2671456036177388,0.2740466340179951,0.30359975098225844,synthetic_fallback_fast,calibration,2,High
0,AAPL,2025-08-06,2025-08-07,2025-08-20,0.6505681175836937,0.2352971928596017,0.24508501881380224,synthetic_fallback_fast,calibration,2,High
1,MSFT,2025-08-06,2025-08-07,2025-08-20,0.4765923038629002,0.2732855142557687,0.29612966459202994,synthetic_fallback_fast,calibration,2,High
0,AAPL,2025-08-07,2025-08-08,2025-08-21,0.6349910778202206,0.253681763259499,0.2663152349999271,synthetic_fallback_fast,calibration,2,High
1,MSFT,2025-08-07,2025-08-08,2025-08-21,0.48213309460286224,0.2736941388224991,0.288193453619905,synthetic_fallback_fast,calibration,2,High
0,AAPL,2025-08-08,2025-08-11,2025-08-22,0.6421159438299368,0.25138191404712373,0.25910265481241823,synthetic_fallback_fast,calibration,2,High
1,MSFT,2025-08-08,2025-08-11,2025-08-22,0.4806871205675091,0.2755712588735518,0.2820853073394658,synthetic_fallback_fast,calibration,2,High
0,AAPL,2025-08-11,2025-08-12,2025-08-25,0.6025776660434418,0.3104779030844613,0.3222900853315546,synthetic_fallback_fast,calibration,2,High
1,MSFT,2025-08-11,2025-08-12,2025-08-25,0.49063916613832503,0.27520693630558946,0.27429017646746157,synthetic_fallback_fast,calibration,2,High
0,AAPL,2025-08-12,2025-08-13,2025-08-26,0.6171499257683586,0.3136795682990074,0.31645542300370705,synthetic_fallback_fast,calibration,2,High
1,MSFT,2025-08-12,2025-08-13,2025-08-26,0.4928881623988334,0.27607498160326666,0.2671963508708152,synthetic_fallback_fast,calibration,2,High
0,AAPL,2025-08-13,2025-08-14,2025-08-27,0.6105564788453395,0.3292468884661496,0.32618243321246654,synthetic_fallback_fast,calibration,2,High
1,MSFT,2025-08-13,2025-08-14,2025-08-27,0.4918951503794203,0.28058664037479336,0.2671477181955693,synthetic_fallback_fast,calibration,2,High
0,AAPL,2025-08-14,2025-08-15,2025-08-28,0.5815470190830916,0.3543569973651226,0.354290128578843,synthetic_fallback_fast,calibration,2,High
1,MSFT,2025-08-14,2025-08-15,2025-08-28,0.49721968240817827,0.2770217370884799,0.263923785295803,synthetic_fallback_fast,calibration,2,High
0,AAPL,2025-08-15,2025-08-18,2025-08-29,0.5619831497018486,0.3662573905601022,0.36339892383907324,synthetic_fallback_fast,calibration,2,High
1,MSFT,2025-08-15,2025-08-18,2025-08-29,0.5079763254301548,0.2693503580974114,0.25729545574579693,synthetic_fallback_fast,calibration,2,High
0,AAPL,2025-08-18,2025-08-19,2025-09-01,0.5555529019937891,0.3707919073264078,0.36112595865367875,synthetic_fallback_fast,calibration,2,High
1,MSFT,2025-08-18,2025-08-19,2025-09-01,0.5270443783584656,0.2600919098590003,0.2519688407958983,synthetic_fallback_fast,calibration,2,High
0,AAPL,2025-08-19,2025-08-20,2025-09-02,0.48427501893510433,0.432752114224171,0.4285512047884533,synthetic_fallback_fast,calibration,2,High
1,MSFT,2025-08-19,2025-08-20,2025-09-02,0.5612052896985338,0.30380440772831696,0.2999300068843091,synthetic_fallback_fast,calibration,2,High
0,AAPL,2025-08-20,2025-08-21,2025-09-03,0.3724126590436877,0.4989317440471947,0.5013029542704791,synthetic_fallback_fast,calibration,2,High
1,MSFT,2025-08-20,2025-08-21,2025-09-03,0.3984591051238574,0.41110944619961265,0.42392762872590106,synthetic_fallback_fast,calibration,2,High
0,AAPL,2025-08-21,2025-08-22,2025-09-04,0.3882304804626287,0.49963608971792556,0.4885497217479118,synthetic_fallback_fast,calibration,2,High
1,MSFT,2025-08-21,2025-08-22,2025-09-04,0.39237052267821065,0.414147651669472,0.4156903581243421,synthetic_fallback_fast,calibration,2,High
0,AAPL,2025-08-22,2025-08-25,2025-09-05,0.3754527342432847,0.5045007643960527,0.4799774912601459,synthetic_fallback_fast,calibration,2,High
1,MSFT,2025-08-22,2025-08-25,2025-09-05,0.3982835391588593,0.41430534424514187,0.40391266972648104,synthetic_fallback_fast,calibration,2,High
0,AAPL,2025-08-25,2025-08-26,2025-09-08,0.35392621592277723,0.5127832723003839,0.47700257183715083,synthetic_fallback_fast,calibration,2,High
1,MSFT,2025-08-25,2025-08-26,2025-09-08,0.38539726820857,0.42043104654354685,0.3995131789685558,synthetic_fallback_fast,calibration,2,High
0,AAPL,2025-08-26,2025-08-27,2025-09-09,0.38896872651089787,0.5178302494164768,0.47669191522623855,synthetic_fallback_fast,calibration,2,High
1,MSFT,2025-08-26,2025-08-27,2025-09-09,0.4740930608861977,0.41709847465194116,0.3900054863696881,synthetic_fallback_fast,calibration,2,High
0,AAPL,2025-08-27,2025-08-28,2025-09-10,0.381497737332996,0.5234675590383872,0.47010687921826766,synthetic_fallback_fast,calibration,2,High
1,MSFT,2025-08-27,2025-08-28,2025-09-10,0.4681922642721743,0.42010758891987315,0.38297218154281115,synthetic_fallback_fast,calibration,2,High
0,AAPL,2025-08-28,2025-08-29,2025-09-11,0.39394739198365925,0.5256787464632895,0.4609196195324575,synthetic_fallback_fast,calibration,2,High
1,MSFT,2025-08-28,2025-08-29,2025-09-11,0.45796820929561843,0.42546187248010986,0.3790685704131324,synthetic_fallback_fast,calibration,2,High
0,AAPL,2025-08-29,2025-09-01,2025-09-12,0.3985722242994557,0.5230407853688206,0.4475969333625575,synthetic_fallback_fast,calibration,2,High
1,MSFT,2025-08-29,2025-09-01,2025-09-12,0.45501251451653385,0.42874566401881203,0.3772935129085615,synthetic_fallback_fast,calibration,2,High
0,AAPL,2025-09-01,2025-09-02,2025-09-15,0.44407647905428577,0.524436859146993,0.43626290689503,synthetic_fallback_fast,calibration,2,High
1,MSFT,2025-09-01,2025-09-02,2025-09-15,0.4701584155567132,0.43995085513939886,0.3838435391595698,synthetic_fallback_fast,calibration,2,High
0,AAPL,2025-09-02,2025-09-03,2025-09-16,0.4141656495634054,0.5263944081324167,0.4419805049118646,synthetic_fallback_fast,calibration,2,High
1,MSFT,2025-09-02,2025-09-03,2025-09-16,0.3708823648005163,0.43949866366002827,0.4374363646053328,synthetic_fallback_fast,calibration,2,High
0,AAPL,2025-09-03,2025-09-04,2025-09-17,0.38971225947683175,0.5300613475025229,0.45215201047723547,synthetic_fallback_fast,calibration,2,High
1,MSFT,2025-09-03,2025-09-04,2025-09-17,0.370178649203609,0.4392663671153599,0.4251652044539836,synthetic_fallback_fast,calibration,2,High
0,AAPL,2025-09-04,2025-09-05,2025-09-18,0.38854347641950115,0.5262777664273539,0.44940926542539883,synthetic_fallback_fast,calibration,2,High
1,MSFT,2025-09-04,2025-09-05,2025-09-18,0.4178497659017432,0.43954917129833426,0.4134301176879477,synthetic_fallback_fast,calibration,2,High
0,AAPL,2025-09-05,2025-09-08,2025-09-19,0.4108376475136844,0.525964657068975,0.43592273218922867,synthetic_fallback_fast,calibration,2,High
1,MSFT,2025-09-05,2025-09-08,2025-09-19,0.42005622675562027,0.44141244060650897,0.40520238903192235,synthetic_fallback_fast,calibration,2,High
0,AAPL,2025-09-08,2025-09-09,2025-09-22,0.42639534434457715,0.49414755383983133,0.42453550379188476,synthetic_fallback_fast,calibration,2,High
1,MSFT,2025-09-08,2025-09-09,2025-09-22,0.5176683618662766,0.44116768109843413,0.3932479861936245,synthetic_fallback_fast,calibration,2,High
0,AAPL,2025-09-09,2025-09-10,2025-09-23,0.3945209913960832,0.5158346154919231,0.4455124459383521,synthetic_fallback_fast,calibration,2,High
1,MSFT,2025-09-09,2025-09-10,2025-09-23,0.45014878547995296,0.4835819325684856,0.43994608021592546,synthetic_fallback_fast,calibration,2,High
0,AAPL,2025-09-10,2025-09-11,2025-09-24,0.3936249951114217,0.5090774682944704,0.43662285119839056,synthetic_fallback_fast,calibration,2,High
1,MSFT,2025-09-10,2025-09-11,2025-09-24,0.4613288002373296,0.4801899807842194,0.42703096532124246,synthetic_fallback_fast,calibration,2,High
0,AAPL,2025-09-11,2025-09-12,2025-09-25,0.37109630648199377,0.49668475064932105,0.43561524595733464,synthetic_fallback_fast,calibration,2,High
1,MSFT,2025-09-11,2025-09-12,2025-09-25,0.46197532760575694,0.47799701531470096,0.414232573825767,synthetic_fallback_fast,calibration,2,High
0,AAPL,2025-09-12,2025-09-15,2025-09-26,0.366378620852354,0.48717803651838926,0.42568434450303916,synthetic_fallback_fast,calibration,2,High
1,MSFT,2025-09-12,2025-09-15,2025-09-26,0.4583925414026419,0.48222211457179226,0.4086042687930682,synthetic_fallback_fast,calibration,2,High
0,AAPL,2025-09-15,2025-09-16,2025-09-29,0.3980145995723495,0.5029129875848168,0.44214352308624344,synthetic_fallback_fast,calibration,2,High
1,MSFT,2025-09-15,2025-09-16,2025-09-29,0.41819720345900196,0.49941201050738687,0.4230320628504162,synthetic_fallback_fast,calibration,2,High
0,AAPL,2025-09-16,2025-09-17,2025-09-30,0.39960366396994335,0.45058599581149494,0.4297776661569612,synthetic_fallback_fast,calibration,2,High
1,MSFT,2025-09-16,2025-09-17,2025-09-30,0.4148349631203788,0.47566012325274787,0.4130887861201766,synthetic_fallback_fast,calibration,2,High
0,AAPL,2025-09-17,2025-09-18,2025-10-01,0.38190079786070014,0.38116061824546316,0.426999554829849,synthetic_fallback_fast,calibration,2,High
1,MSFT,2025-09-17,2025-09-18,2025-10-01,0.42108624347171153,0.38457891958758855,0.4007653272227917,synthetic_fallback_fast,calibration,2,High
0,AAPL,2025-09-18,2025-09-19,2025-10-02,0.3659127921217695,0.38838700997097914,0.4249603764284272,synthetic_fallback_fast,calibration,2,High
1,MSFT,2025-09-18,2025-09-19,2025-10-02,0.38710910695397704,0.4053104081632458,0.41795289172048194,synthetic_fallback_fast,calibration,2,High
0,AAPL,2025-09-19,2025-09-22,2025-10-03,0.3452888315541205,0.39354309056654574,0.425151387937373,synthetic_fallback_fast,calibration,2,High
1,MSFT,2025-09-19,2025-09-22,2025-10-03,0.3927280366820924,0.40931467796859894,0.4107152078016781,synthetic_fallback_fast,calibration,2,High
0,AAPL,2025-09-22,2025-09-23,2025-10-06,0.32216156988331285,0.3918397350934096,0.4235728739222789,synthetic_fallback_fast,calibration,2,High
1,MSFT,2025-09-22,2025-09-23,2025-10-06,0.253374185109406,0.4563505161714747,0.46278483508056917,synthetic_fallback_fast,calibration,2,High
0,AAPL,2025-09-23,2025-09-24,2025-10-07,0.2879912007935305,0.3917546954764282,0.42659223781590855,synthetic_fallback_fast,calibration,2,High
1,MSFT,2025-09-23,2025-09-24,2025-10-07,0.2251160575886312,0.4622759778798378,0.4579969533505587,synthetic_fallback_fast,calibration,1,Medium
0,AAPL,2025-09-24,2025-09-25,2025-10-08,0.2779338081981317,0.3876087978662652,0.4177940214295732,synthetic_fallback_fast,calibration,2,High
1,MSFT,2025-09-24,2025-09-25,2025-10-08,0.20026147768376903,0.4647732018160683,0.45143135166016746,synthetic_fallback_fast,calibration,1,Medium
0,AAPL,2025-09-25,2025-09-26,2025-10-09,0.2804865252070964,0.38269244592446866,0.4051072880094776,synthetic_fallback_fast,calibration,2,High
1,MSFT,2025-09-25,2025-09-26,2025-10-09,0.20086223587488913,0.4599761320122392,0.4382414698915801,synthetic_fallback_fast,calibration,1,Medium
0,AAPL,2025-09-26,2025-09-29,2025-10-10,0.29923272255151706,0.38281399647915737,0.39365906355159397,synthetic_fallback_fast,calibration,2,High
1,MSFT,2025-09-26,2025-09-29,2025-10-10,0.2043539507506552,0.45670565486986897,0.4292118676834108,synthetic_fallback_fast,calibration,1,Medium
0,AAPL,2025-09-29,2025-09-30,2025-10-13,0.15987807649442462,0.42167495818579814,0.43072875304563885,synthetic_fallback_fast,calibration,1,Medium
1,MSFT,2025-09-29,2025-09-30,2025-10-13,0.20576513416396452,0.4449369824479243,0.41665410339811926,synthetic_fallback_fast,calibration,1,Medium
0,AAPL,2025-09-30,2025-10-01,2025-10-14,0.15392312473201636,0.40694979637326334,0.4195303347841286,synthetic_fallback_fast,calibration,1,Medium
1,MSFT,2025-09-30,2025-10-01,2025-10-14,0.20410162884143349,0.3934728549386281,0.4044229000718458,synthetic_fallback_fast,calibration,1,Medium
0,AAPL,2025-10-01,2025-10-02,2025-10-15,0.1647021704136614,0.3858262980883865,0.40766596214276263,synthetic_fallback_fast,calibration,1,Medium
1,MSFT,2025-10-01,2025-10-02,2025-10-15,0.20859804799931314,0.3964504110020105,0.39686748057055055,synthetic_fallback_fast,calibration,1,Medium
0,AAPL,2025-10-02,2025-10-03,2025-10-16,0.1592390079490665,0.37739780372075615,0.3977141789984608,synthetic_fallback_fast,calibration,1,Medium
1,MSFT,2025-10-02,2025-10-03,2025-10-16,0.19898665073787597,0.40277281906233897,0.3939784691235389,synthetic_fallback_fast,calibration,1,Medium
0,AAPL,2025-10-03,2025-10-06,2025-10-17,0.15799284950905348,0.37948119176751577,0.3882531437951452,synthetic_fallback_fast,calibration,1,Medium
1,MSFT,2025-10-03,2025-10-06,2025-10-17,0.23909380045787818,0.40662178030224844,0.39150903684374455,synthetic_fallback_fast,calibration,2,High
0,AAPL,2025-10-06,2025-10-07,2025-10-20,0.16017269403536413,0.37788957830853925,0.37679735433499406,synthetic_fallback_fast,calibration,1,Medium
1,MSFT,2025-10-06,2025-10-07,2025-10-20,0.23841266797260457,0.4075408019801023,0.3812327767051701,synthetic_fallback_fast,calibration,2,High
0,AAPL,2025-10-07,2025-10-08,2025-10-21,0.190288161018448,0.3453880023876394,0.36632379276165156,synthetic_fallback_fast,calibration,1,Medium
1,MSFT,2025-10-07,2025-10-08,2025-10-21,0.25384579457292133,0.35588703857637516,0.37039453000068995,synthetic_fallback_fast,calibration,2,High
0,AAPL,2025-10-08,2025-10-09,2025-10-22,0.20248954199424343,0.34072557763982336,0.355485945633732,synthetic_fallback_fast,calibration,1,Medium
1,MSFT,2025-10-08,2025-10-09,2025-10-22,0.2542208949047121,0.3556184200603933,0.35935631295094017,synthetic_fallback_fast,calibration,2,High
0,AAPL,2025-10-09,2025-10-10,2025-10-23,0.1992571906149892,0.3289264047680947,0.346074097106938,synthetic_fallback_fast,calibration,1,Medium
1,MSFT,2025-10-09,2025-10-10,2025-10-23,0.253864907796848,0.3562069911702366,0.34925228036326345,synthetic_fallback_fast,calibration,2,High
0,AAPL,2025-10-10,2025-10-13,2025-10-24,0.1668563588967662,0.3344947802756167,0.34625736499309995,synthetic_fallback_fast,calibration,1,Medium
1,MSFT,2025-10-10,2025-10-13,2025-10-24,0.2406889803846642,0.3548832619333955,0.34512922295468096,synthetic_fallback_fast,calibration,2,High
0,AAPL,2025-10-13,2025-10-14,2025-10-27,0.17983232501205687,0.30329574742839277,0.3373886920836248,synthetic_fallback_fast,calibration,1,Medium
1,MSFT,2025-10-13,2025-10-14,2025-10-27,0.2379895715311054,0.3295665269854057,0.3359643985886301,synthetic_fallback_fast,calibration,2,High
0,AAPL,2025-10-14,2025-10-15,2025-10-28,0.1868598897937885,0.30279978251764916,0.32803715423748214,synthetic_fallback_fast,calibration,1,Medium
1,MSFT,2025-10-14,2025-10-15,2025-10-28,0.2599415791087052,0.3269139959705093,0.3262461106240757,synthetic_fallback_fast,calibration,2,High
0,AAPL,2025-10-15,2025-10-16,2025-10-29,0.17663832689867232,0.2940875926876295,0.3222452814871472,synthetic_fallback_fast,calibration,1,Medium
1,MSFT,2025-10-15,2025-10-16,2025-10-29,0.2548163925430452,0.33228509601714107,0.3238616242468569,synthetic_fallback_fast,calibration,2,High
0,AAPL,2025-10-16,2025-10-17,2025-10-30,0.1749764944108305,0.28217834173705836,0.3139428576163764,synthetic_fallback_fast,calibration,1,Medium
1,MSFT,2025-10-16,2025-10-17,2025-10-30,0.24029082077720434,0.30777357574894487,0.3214956189627103,synthetic_fallback_fast,calibration,2,High
0,AAPL,2025-10-17,2025-10-20,2025-10-31,0.16870756956039706,0.2685015062266879,0.307504251718471,synthetic_fallback_fast,calibration,1,Medium
1,MSFT,2025-10-17,2025-10-20,2025-10-31,0.16891171477103478,0.32511625321841614,0.33929316467409854,synthetic_fallback_fast,calibration,1,Medium
0,AAPL,2025-10-20,2025-10-21,2025-11-03,0.17126432192959856,0.25440456857555355,0.2993450706560812,synthetic_fallback_fast,calibration,1,Medium
1,MSFT,2025-10-20,2025-10-21,2025-11-03,0.16461081266757013,0.24600719291279974,0.33060536987651734,synthetic_fallback_fast,calibration,1,Medium
0,AAPL,2025-10-21,2025-10-22,2025-11-04,0.13394257345985475,0.24407838490767916,0.3017859365454574,synthetic_fallback_fast,calibration,0,Low
1,MSFT,2025-10-21,2025-10-22,2025-11-04,0.13756726101363143,0.2399113657234747,0.32824857444840083,synthetic_fallback_fast,calibration,0,Low
0,AAPL,2025-10-22,2025-10-23,2025-11-05,0.13740667313170798,0.24315552261521256,0.29788995375182137,synthetic_fallback_fast,calibration,0,Low
1,MSFT,2025-10-22,2025-10-23,2025-11-05,0.15483889817273058,0.22883719414710468,0.31875697268851966,synthetic_fallback_fast,calibration,1,Medium
0,AAPL,2025-10-23,2025-10-24,2025-11-06,0.13693745072665608,0.24328596222812493,0.28922773143934133,synthetic_fallback_fast,calibration,0,Low
1,MSFT,2025-10-23,2025-10-24,2025-11-06,0.15265141442871774,0.2289028497107034,0.310041081912708,synthetic_fallback_fast,calibration,0,Low
0,AAPL,2025-10-24,2025-10-27,2025-11-07,0.13683454497580005,0.24226149792102708,0.2806177850883663,synthetic_fallback_fast,calibration,0,Low
1,MSFT,2025-10-24,2025-10-27,2025-11-07,0.15389423723036652,0.22326186694777334,0.30153877792359773,synthetic_fallback_fast,calibration,0,Low
0,AAPL,2025-10-27,2025-10-28,2025-11-10,0.11291809362796304,0.17014797157591852,0.27923438970104075,synthetic_fallback_fast,calibration,0,Low
1,MSFT,2025-10-27,2025-10-28,2025-11-10,0.153758979958463,0.22246159960212625,0.29289335595812194,synthetic_fallback_fast,calibration,0,Low
0,AAPL,2025-10-28,2025-10-29,2025-11-11,0.09847423000660938,0.1711854940423029,0.27402748533509613,synthetic_fallback_fast,calibration,0,Low
1,MSFT,2025-10-28,2025-10-29,2025-11-11,0.11182040657016508,0.23369542084222952,0.2932103974690879,synthetic_fallback_fast,calibration,0,Low
0,AAPL,2025-10-29,2025-10-30,2025-11-12,0.09764900626778,0.170774564072834,0.2658643611706167,synthetic_fallback_fast,calibration,0,Low
1,MSFT,2025-10-29,2025-10-30,2025-11-12,0.08580795279402194,0.23285675804856415,0.2899564300123654,synthetic_fallback_fast,calibration,0,Low
0,AAPL,2025-10-30,2025-10-31,2025-11-13,0.1010024778571996,0.16729290966581076,0.2581885968872212,synthetic_fallback_fast,calibration,0,Low
1,MSFT,2025-10-30,2025-10-31,2025-11-13,0.08378457358917521,0.22060753128764662,0.2818673902799097,synthetic_fallback_fast,calibration,0,Low
0,AAPL,2025-10-31,2025-11-03,2025-11-14,0.10539875169632208,0.16343803798835604,0.25146705074709347,synthetic_fallback_fast,calibration,0,Low
1,MSFT,2025-10-31,2025-11-03,2025-11-14,0.09227013780225572,0.2069988077312078,0.27384444461502144,synthetic_fallback_fast,calibration,0,Low
0,AAPL,2025-11-03,2025-11-04,2025-11-17,0.09698633797354175,0.16581127808528517,0.24383962764252617,synthetic_fallback_fast,calibration,0,Low
1,MSFT,2025-11-03,2025-11-04,2025-11-17,0.09300390142044213,0.20486253915356667,0.2658526216664938,synthetic_fallback_fast,calibration,0,Low
0,AAPL,2025-11-04,2025-11-05,2025-11-18,0.09749415836166841,0.16454512634659127,0.23665389724013872,synthetic_fallback_fast,calibration,0,Low
1,MSFT,2025-11-04,2025-11-05,2025-11-18,0.09330792636332788,0.204159788799301,0.2581212803012579,synthetic_fallback_fast,calibration,0,Low
0,AAPL,2025-11-05,2025-11-06,2025-11-19,0.07593556283285346,0.1730355576726392,0.2365181590110531,synthetic_fallback_fast,calibration,0,Low
1,MSFT,2025-11-05,2025-11-06,2025-11-19,0.059873593811841194,0.21047962822265948,0.25659111536445656,synthetic_fallback_fast,calibration,0,Low
0,AAPL,2025-11-06,2025-11-07,2025-11-20,0.07830892101783336,0.17096095083862498,0.22808776865978597,synthetic_fallback_fast,calibration,0,Low
1,MSFT,2025-11-06,2025-11-07,2025-11-20,0.06587603019242673,0.2094634165406817,0.2490250520009348,synthetic_fallback_fast,calibration,0,Low
0,AAPL,2025-11-07,2025-11-10,2025-11-21,0.08979369547997629,0.15258561072889654,0.22064182783889646,synthetic_fallback_fast,calibration,0,Low
1,MSFT,2025-11-07,2025-11-10,2025-11-21,0.09324392155792112,0.2020081947982873,0.24329236646598748,synthetic_fallback_fast,calibration,0,Low
0,AAPL,2025-11-10,2025-11-11,2025-11-24,0.08925054652015761,0.1501501931197817,0.21416916959553475,synthetic_fallback_fast,unused,0,Low
1,MSFT,2025-11-10,2025-11-11,2025-11-24,0.09294780683584213,0.20035076749968558,0.23649615489752424,synthetic_fallback_fast,unused,0,Low
0,AAPL,2025-11-11,2025-11-12,2025-11-25,0.08846339067481174,0.14935493361309057,0.20378345363875644,synthetic_fallback_fast,unused,0,Low
1,MSFT,2025-11-11,2025-11-12,2025-11-25,0.12556306184811375,0.20009176379232138,0.22775185033570158,synthetic_fallback_fast,unused,0,Low
0,AAPL,2025-11-12,2025-11-13,2025-11-26,0.09437887394457038,0.14271725010426586,0.1923591822968179,synthetic_fallback_fast,unused,0,Low
1,MSFT,2025-11-12,2025-11-13,2025-11-26,0.12928503793679091,0.19012416820508699,0.21452837286095505,synthetic_fallback_fast,unused,0,Low
0,AAPL,2025-11-13,2025-11-14,2025-11-27,0.10472060409380995,0.14286055111471027,0.18880895947418672,synthetic_fallback_fast,unused,0,Low
1,MSFT,2025-11-13,2025-11-14,2025-11-27,0.1450419874974252,0.1799437875022398,0.20815350953931708,synthetic_fallback_fast,unused,0,Low
0,AAPL,2025-11-14,2025-11-17,2025-11-28,0.09718688094115364,0.14066119025182314,0.18539190225326024,synthetic_fallback_fast,unused,0,Low
1,MSFT,2025-11-14,2025-11-17,2025-11-28,0.14416062509172248,0.13609729188514125,0.20469701840660595,synthetic_fallback_fast,unused,0,Low
0,AAPL,2025-11-17,2025-11-18,2025-12-01,0.15189731897668518,0.13917222732916804,0.1791235311988271,synthetic_fallback_fast,unused,1,Medium
1,MSFT,2025-11-17,2025-11-18,2025-12-01,0.1508457266058662,0.13369077254339803,0.19852296577792575,synthetic_fallback_fast,unused,0,Low
0,AAPL,2025-11-18,2025-11-19,2025-12-02,0.163626949799055,0.11714461980752394,0.17301284137651787,synthetic_fallback_fast,unused,1,Medium
1,MSFT,2025-11-18,2025-11-19,2025-12-02,0.1511306070915653,0.11753961124875478,0.19280793506242683,synthetic_fallback_fast,unused,0,Low
0,AAPL,2025-11-19,2025-11-20,2025-12-03,0.1586404541448715,0.11101081822026687,0.17095016963950696,synthetic_fallback_fast,unused,1,Medium
1,MSFT,2025-11-19,2025-11-20,2025-12-03,0.16174518080947184,0.11738809910568143,0.18722798921816017,synthetic_fallback_fast,unused,1,Medium
0,AAPL,2025-11-20,2025-11-21,2025-12-04,0.15846619038026716,0.11154405524834711,0.16631918633850598,synthetic_fallback_fast,unused,1,Medium
1,MSFT,2025-11-20,2025-11-21,2025-12-04,0.16206230487202494,0.11756297393525236,0.18268191284918447,synthetic_fallback_fast,unused,1,Medium
0,AAPL,2025-11-21,2025-11-24,2025-12-05,0.15790779590270648,0.11572942678222545,0.16513666103470404,synthetic_fallback_fast,unused,1,Medium
1,MSFT,2025-11-21,2025-11-24,2025-12-05,0.16066424176504354,0.1272357362540416,0.18608780528851215,synthetic_fallback_fast,unused,1,Medium
0,AAPL,2025-11-24,2025-11-25,2025-12-08,0.15853505536887952,0.10177464301760102,0.1603946175984996,synthetic_fallback_fast,test,1,Medium
1,MSFT,2025-11-24,2025-11-25,2025-12-08,0.16089698841852917,0.12704550112747015,0.17993696810236706,synthetic_fallback_fast,test,1,Medium
0,AAPL,2025-11-25,2025-11-26,2025-12-09,0.16096213009317054,0.09360273891580034,0.1543194690324036,synthetic_fallback_fast,test,1,Medium
1,MSFT,2025-11-25,2025-11-26,2025-12-09,0.14470437397396457,0.11889046603111256,0.18226948759301012,synthetic_fallback_fast,test,0,Low
0,AAPL,2025-11-26,2025-11-27,2025-12-10,0.15788063495846366,0.09602786124904077,0.15075667277918667,synthetic_fallback_fast,test,1,Medium
1,MSFT,2025-11-26,2025-11-27,2025-12-10,0.1453923104018645,0.10972152431728828,0.17857075968056457,synthetic_fallback_fast,test,0,Low
0,AAPL,2025-11-27,2025-11-28,2025-12-11,0.1494540605311274,0.10287833944778313,0.15238486290274153,synthetic_fallback_fast,test,1,Medium
1,MSFT,2025-11-27,2025-11-28,2025-12-11,0.14553083200997602,0.11844203837473241,0.18086571981628566,synthetic_fallback_fast,test,0,Low
0,AAPL,2025-11-28,2025-12-01,2025-12-12,0.15136806582850906,0.10137599983776469,0.148046997403093,synthetic_fallback_fast,test,1,Medium
1,MSFT,2025-11-28,2025-12-01,2025-12-12,0.140567145865851,0.12102905468705322,0.17791303091099067,synthetic_fallback_fast,test,0,Low
0,AAPL,2025-12-01,2025-12-02,2025-12-15,0.09633344483508724,0.12743458177791245,0.16995166385734775,synthetic_fallback_fast,test,0,Low
1,MSFT,2025-12-01,2025-12-02,2025-12-15,0.13940430286301544,0.12530793852480987,0.17642614498458484,synthetic_fallback_fast,test,0,Low
0,AAPL,2025-12-02,2025-12-03,2025-12-16,0.0747933561487079,0.13468275616275557,0.16926557996439223,synthetic_fallback_fast,test,0,Low
1,MSFT,2025-12-02,2025-12-03,2025-12-16,0.14186835617507548,0.12559225597561602,0.16716711756091857,synthetic_fallback_fast,test,0,Low
0,AAPL,2025-12-03,2025-12-04,2025-12-17,0.07371620535160214,0.12436439079180446,0.16471606825184065,synthetic_fallback_fast,test,0,Low
1,MSFT,2025-12-03,2025-12-04,2025-12-17,0.129346486818139,0.121955628716009,0.1686268306736929,synthetic_fallback_fast,test,0,Low
0,AAPL,2025-12-04,2025-12-05,2025-12-18,0.07158565517117778,0.12498764059820541,0.15953458732493622,synthetic_fallback_fast,test,0,Low
1,MSFT,2025-12-04,2025-12-05,2025-12-18,0.13169085930438243,0.12370093373606092,0.1653477282726189,synthetic_fallback_fast,test,0,Low
0,AAPL,2025-12-05,2025-12-08,2025-12-19,0.06099852921281896,0.12844800456761,0.158054450424529,synthetic_fallback_fast,test,0,Low
1,MSFT,2025-12-05,2025-12-08,2025-12-19,0.11860723535224872,0.13135339258929726,0.1693715192915514,synthetic_fallback_fast,test,0,Low
0,AAPL,2025-12-08,2025-12-09,2025-12-22,0.062492105593556536,0.12864490630211617,0.15144122895733816,synthetic_fallback_fast,test,0,Low
1,MSFT,2025-12-08,2025-12-09,2025-12-22,0.12033277930784261,0.13139089709288337,0.16290853224243623,synthetic_fallback_fast,test,0,Low
0,AAPL,2025-12-09,2025-12-10,2025-12-23,0.06359869381709583,0.12987412909008306,0.14862332151360438,synthetic_fallback_fast,test,0,Low
1,MSFT,2025-12-09,2025-12-10,2025-12-23,0.11471255165780456,0.13547220812378868,0.16210185398942809,synthetic_fallback_fast,test,0,Low
0,AAPL,2025-12-10,2025-12-11,2025-12-24,0.061801504546439234,0.13006472762039054,0.1443821155450787,synthetic_fallback_fast,test,0,Low
1,MSFT,2025-12-10,2025-12-11,2025-12-24,0.11313101120022721,0.13757460695620682,0.15957771937443738,synthetic_fallback_fast,test,0,Low
0,AAPL,2025-12-11,2025-12-12,2025-12-25,0.06426433434506595,0.1290405384579094,0.14092246779437764,synthetic_fallback_fast,test,0,Low
1,MSFT,2025-12-11,2025-12-12,2025-12-25,0.09156047931094954,0.14528661535516463,0.16114806676024737,synthetic_fallback_fast,test,0,Low
0,AAPL,2025-12-12,2025-12-15,2025-12-26,0.07305835085955709,0.1271958748932799,0.13692409420738597,synthetic_fallback_fast,test,0,Low
1,MSFT,2025-12-12,2025-12-15,2025-12-26,0.09137296391721864,0.14237522313188414,0.15610722628508544,synthetic_fallback_fast,test,0,Low
0,AAPL,2025-12-15,2025-12-16,2025-12-29,0.0732276825297651,0.12718672907599213,0.13179671415977992,synthetic_fallback_fast,test,0,Low
1,MSFT,2025-12-15,2025-12-16,2025-12-29,0.09124412979867695,0.1452377239080382,0.1495306378440821,synthetic_fallback_fast,test,0,Low
0,AAPL,2025-12-16,2025-12-17,2025-12-30,0.07343883588153007,0.1272160069026888,0.12669264507054093,synthetic_fallback_fast,test,0,Low
1,MSFT,2025-12-16,2025-12-17,2025-12-30,0.08639068115124396,0.14657266266886737,0.14598530991289352,synthetic_fallback_fast,test,0,Low
0,AAPL,2025-12-17,2025-12-18,2025-12-31,0.08299204239626218,0.12369493244011788,0.1231738940710327,synthetic_fallback_fast,test,0,Low
1,MSFT,2025-12-17,2025-12-18,2025-12-31,0.08704143016316843,0.14644455805403583,0.14106606907762548,synthetic_fallback_fast,test,0,Low
0,AAPL,2025-12-18,2025-12-19,2026-01-01,0.11384929482650287,0.12295535677619306,0.1196275238685864,synthetic_fallback_fast,test,0,Low
1,MSFT,2025-12-18,2025-12-19,2026-01-01,0.1494366873586913,0.14765952912826147,0.1400795885876592,synthetic_fallback_fast,test,0,Low
0,AAPL,2025-12-19,2025-12-22,2026-01-02,0.13157565096631327,0.11969898197766331,0.11704879837521723,synthetic_fallback_fast,test,0,Low
1,MSFT,2025-12-19,2025-12-22,2026-01-02,0.24876026339718343,0.14121025964822825,0.13955120641060412,synthetic_fallback_fast,test,2,High
0,AAPL,2025-12-22,2025-12-23,2026-01-05,0.14814913931551407,0.12049611413304975,0.10944944358307705,synthetic_fallback_fast,test,1,Medium
1,MSFT,2025-12-22,2025-12-23,2026-01-05,0.25672954442707996,0.14207008597537743,0.1368321966288845,synthetic_fallback_fast,test,2,High
0,AAPL,2025-12-23,2025-12-24,2026-01-06,0.14702268838603152,0.12237973929407484,0.10869245784625484,synthetic_fallback_fast,test,1,Medium
1,MSFT,2025-12-23,2025-12-24,2026-01-06,0.258555048890288,0.13057244225915643,0.13476726452896115,synthetic_fallback_fast,test,2,High
0,AAPL,2025-12-24,2025-12-25,2026-01-07,0.15359170443075496,0.11988686512519044,0.1062350397433695,synthetic_fallback_fast,test,1,Medium
1,MSFT,2025-12-24,2025-12-25,2026-01-07,0.26023806884727546,0.1302642499290923,0.1321885653599385,synthetic_fallback_fast,test,2,High
0,AAPL,2025-12-25,2025-12-26,2026-01-08,0.14986977716613853,0.11503569202220743,0.10611136163314784,synthetic_fallback_fast,test,1,Medium
1,MSFT,2025-12-25,2025-12-26,2026-01-08,0.27516510918830733,0.12157825553355892,0.12743159868595935,synthetic_fallback_fast,test,2,High
0,AAPL,2025-12-26,2025-12-29,2026-01-09,0.14462466248107672,0.11884825194966478,0.10782298818246393,synthetic_fallback_fast,test,1,Medium
1,MSFT,2025-12-26,2025-12-29,2026-01-09,0.27513899067813985,0.11854986510302064,0.1229063170091368,synthetic_fallback_fast,test,2,High
0,AAPL,2025-12-29,2025-12-30,2026-01-12,0.16361284337597,0.08556408733363216,0.1047128730650809,synthetic_fallback_fast,test,1,Medium
1,MSFT,2025-12-29,2025-12-30,2026-01-12,0.28102238366524485,0.11781139774962596,0.12354116227486461,synthetic_fallback_fast,test,2,High
0,AAPL,2025-12-30,2025-12-31,2026-01-13,0.1998173836034482,0.07411919029381585,0.10201115166780533,synthetic_fallback_fast,test,1,Medium
1,MSFT,2025-12-30,2025-12-31,2026-01-13,0.2897151777127895,0.11745207591523014,0.1198846229776193,synthetic_fallback_fast,test,2,High
0,AAPL,2025-12-31,2026-01-01,2026-01-14,0.21664382802266632,0.078491267133811,0.1041719609065143,synthetic_fallback_fast,test,1,Medium
1,MSFT,2025-12-31,2026-01-01,2026-01-14,0.2896057920334611,0.110242288204311,0.11679007915238561,synthetic_fallback_fast,test,2,High
0,AAPL,2026-01-01,2026-01-02,2026-01-15,0.20359511771155514,0.09509513120759323,0.11779137252657108,synthetic_fallback_fast,test,1,Medium
1,MSFT,2026-01-01,2026-01-02,2026-01-15,0.26049580614029544,0.14084354076965316,0.1505001151548505,synthetic_fallback_fast,test,2,High
0,AAPL,2026-01-02,2026-01-05,2026-01-16,0.19379477925468153,0.1025499207540801,0.12528806294896933,synthetic_fallback_fast,test,1,Medium
1,MSFT,2026-01-02,2026-01-05,2026-01-16,0.17901820067425572,0.19487091230265716,0.2149192700272244,synthetic_fallback_fast,test,1,Medium
0,AAPL,2026-01-05,2026-01-06,2026-01-19,0.1802452330989882,0.11369571395053513,0.1335259849829753,synthetic_fallback_fast,test,1,Medium
1,MSFT,2026-01-05,2026-01-06,2026-01-19,0.1679333563271514,0.20048695313870923,0.2150882712926899,synthetic_fallback_fast,test,1,Medium
0,AAPL,2026-01-06,2026-01-07,2026-01-20,0.2128007297575451,0.11327061568539486,0.13094231963437722,synthetic_fallback_fast,test,1,Medium
1,MSFT,2026-01-06,2026-01-07,2026-01-20,0.2626252573677951,0.20001210315191392,0.21127253391893877,synthetic_fallback_fast,test,2,High
0,AAPL,2026-01-07,2026-01-08,2026-01-21,0.22726983259899555,0.11706800936666675,0.13200355306542003,synthetic_fallback_fast,test,2,High
1,MSFT,2026-01-07,2026-01-08,2026-01-21,0.26638677844228026,0.20065203484209326,0.2070556957392455,synthetic_fallback_fast,test,2,High
0,AAPL,2026-01-08,2026-01-09,2026-01-22,0.22894376738254354,0.11530579945658076,0.1279832475132583,synthetic_fallback_fast,test,2,High
1,MSFT,2026-01-08,2026-01-09,2026-01-22,0.2608340144027655,0.20505994085420962,0.21223443548053333,synthetic_fallback_fast,test,2,High
0,AAPL,2026-01-09,2026-01-12,2026-01-23,0.22924226255197575,0.114572718454446,0.12456614468635134,synthetic_fallback_fast,test,2,High
1,MSFT,2026-01-09,2026-01-12,2026-01-23,0.26147992130377673,0.20500058868989,0.2045679958529446,synthetic_fallback_fast,test,2,High
0,AAPL,2026-01-12,2026-01-13,2026-01-26,0.21634370215946236,0.12675065287060608,0.1347124923837499,synthetic_fallback_fast,test,1,Medium
1,MSFT,2026-01-12,2026-01-13,2026-01-26,0.2734311449346014,0.208924712927425,0.20588215261648915,synthetic_fallback_fast,test,2,High
0,AAPL,2026-01-13,2026-01-14,2026-01-27,0.18972383560343065,0.1505328027470456,0.1578004999023335,synthetic_fallback_fast,test,1,Medium
1,MSFT,2026-01-13,2026-01-14,2026-01-27,0.2653970199944234,0.21377351798916663,0.20671815784115039,synthetic_fallback_fast,test,2,High
0,AAPL,2026-01-14,2026-01-15,2026-01-28,0.17158922663549184,0.16404607176250458,0.16916978087514564,synthetic_fallback_fast,test,1,Medium
1,MSFT,2026-01-14,2026-01-15,2026-01-28,0.27885752977450895,0.21383138841640867,0.200660410924236,synthetic_fallback_fast,test,2,High
0,AAPL,2026-01-15,2026-01-16,2026-01-29,0.1777222501617885,0.16494337496315817,0.1651897880542458,synthetic_fallback_fast,test,1,Medium
1,MSFT,2026-01-15,2026-01-16,2026-01-29,0.27993747009861003,0.2123551136015114,0.19494644677038264,synthetic_fallback_fast,test,2,High
0,AAPL,2026-01-16,2026-01-19,2026-01-30,0.1797784579350229,0.16563298040182067,0.1617797043610959,synthetic_fallback_fast,test,1,Medium
1,MSFT,2026-01-16,2026-01-19,2026-01-30,0.28841628020765336,0.2167131569818549,0.19774749725699645,synthetic_fallback_fast,test,2,High
0,AAPL,2026-01-19,2026-01-20,2026-02-02,0.1818342076854156,0.16497956166573513,0.15663560454554878,synthetic_fallback_fast,test,1,Medium
1,MSFT,2026-01-19,2026-01-20,2026-02-02,0.287115531307018,0.21692357081359095,0.1931308518371284,synthetic_fallback_fast,test,2,High
0,AAPL,2026-01-20,2026-01-21,2026-02-03,0.16078433937107053,0.18289316756729854,0.1764306593900183,synthetic_fallback_fast,test,1,Medium
1,MSFT,2026-01-20,2026-01-21,2026-02-03,0.20001447004206271,0.26059809968048486,0.24620573479543698,synthetic_fallback_fast,test,1,Medium
0,AAPL,2026-01-21,2026-01-22,2026-02-04,0.1373659968742771,0.19396132150446885,0.18568713130787243,synthetic_fallback_fast,test,0,Low
1,MSFT,2026-01-21,2026-01-22,2026-02-04,0.19880768042688268,0.2633303706432433,0.24317908382622483,synthetic_fallback_fast,test,1,Medium
0,AAPL,2026-01-22,2026-01-23,2026-02-05,0.1519428835076476,0.19348927454918557,0.18136288086813487,synthetic_fallback_fast,test,1,Medium
1,MSFT,2026-01-22,2026-01-23,2026-02-05,0.18834517256228225,0.26809533787822115,0.24227315779285788,synthetic_fallback_fast,test,1,Medium
0,AAPL,2026-01-23,2026-01-26,2026-02-06,0.1644075045363923,0.19166156101017534,0.17654497825171214,synthetic_fallback_fast,test,1,Medium
1,MSFT,2026-01-23,2026-01-26,2026-02-06,0.19960887336227318,0.2683963612238575,0.23543996015112545,synthetic_fallback_fast,test,1,Medium
0,AAPL,2026-01-26,2026-01-27,2026-02-09,0.16693104342150536,0.19179906149618126,0.17138399649879082,synthetic_fallback_fast,test,1,Medium
1,MSFT,2026-01-26,2026-01-27,2026-02-09,0.1685822585400206,0.27725274673223993,0.2430272657645268,synthetic_fallback_fast,test,1,Medium
0,AAPL,2026-01-27,2026-01-28,2026-02-10,0.16121311044523542,0.19483598305524205,0.1707134960680099,synthetic_fallback_fast,test,1,Medium
1,MSFT,2026-01-27,2026-01-28,2026-02-10,0.167483925229574,0.2778223014978041,0.23654341069746324,synthetic_fallback_fast,test,1,Medium
0,AAPL,2026-01-28,2026-01-29,2026-02-11,0.15481088597006865,0.19541930677095443,0.16921240334498713,synthetic_fallback_fast,test,1,Medium
1,MSFT,2026-01-28,2026-01-29,2026-02-11,0.15031731169732152,0.28428246225477005,0.23882162076391117,synthetic_fallback_fast,test,0,Low
0,AAPL,2026-01-29,2026-01-30,2026-02-12,0.1507742434677057,0.19109705669966678,0.16913072208411695,synthetic_fallback_fast,test,1,Medium
1,MSFT,2026-01-29,2026-01-30,2026-02-12,0.1533769678004025,0.27039143124541926,0.23271875274650755,synthetic_fallback_fast,test,0,Low
0,AAPL,2026-01-30,2026-02-02,2026-02-13,0.14683222147702793,0.18691804407796686,0.166905508513065,synthetic_fallback_fast,test,1,Medium
1,MSFT,2026-01-30,2026-02-02,2026-02-13,0.11721163276273322,0.24003277574267615,0.2391704288397169,synthetic_fallback_fast,test,0,Low
0,AAPL,2026-02-02,2026-02-03,2026-02-16,0.14611143118058512,0.1810414636754402,0.16334536179798342,synthetic_fallback_fast,test,1,Medium
1,MSFT,2026-02-02,2026-02-03,2026-02-16,0.12583817172894607,0.23519878877772016,0.23210998094679677,synthetic_fallback_fast,test,0,Low
0,AAPL,2026-02-03,2026-02-04,2026-02-17,0.12354561453707745,0.18859447814336364,0.16985067492437772,synthetic_fallback_fast,test,0,Low
1,MSFT,2026-02-03,2026-02-04,2026-02-17,0.16065259092263404,0.23342859082994505,0.22538272737926565,synthetic_fallback_fast,test,1,Medium
0,AAPL,2026-02-04,2026-02-05,2026-02-18,0.17612187447966485,0.18777778610213638,0.16772613731797129,synthetic_fallback_fast,test,1,Medium
1,MSFT,2026-02-04,2026-02-05,2026-02-18,0.1504319926887702,0.23503873034627082,0.22298493826963325,synthetic_fallback_fast,test,0,Low
0,AAPL,2026-02-05,2026-02-06,2026-02-19,0.1684398995189596,0.19429602218255881,0.17165945023293952,synthetic_fallback_fast,test,1,Medium
1,MSFT,2026-02-05,2026-02-06,2026-02-19,0.1519664737238742,0.22749537038913334,0.2177398829769696,synthetic_fallback_fast,test,0,Low
0,AAPL,2026-02-06,2026-02-09,2026-02-20,0.16218673456595945,0.19947661828875188,0.17408771029349004,synthetic_fallback_fast,test,1,Medium
1,MSFT,2026-02-06,2026-02-09,2026-02-20,0.13713031913000262,0.23261067427139415,0.21779638960153713,synthetic_fallback_fast,test,0,Low
0,AAPL,2026-02-09,2026-02-10,2026-02-23,0.16962958703795258,0.19322340790113224,0.17060884897330492,synthetic_fallback_fast,test,1,Medium
1,MSFT,2026-02-09,2026-02-10,2026-02-23,0.2839736274094571,0.22713935030582147,0.21128769163552086,synthetic_fallback_fast,test,2,High
0,AAPL,2026-02-10,2026-02-11,2026-02-24,0.16868754866654573,0.17604658584520355,0.16662850679637561,synthetic_fallback_fast,test,1,Medium
1,MSFT,2026-02-10,2026-02-11,2026-02-24,0.28794393261609225,0.22190813801236078,0.2053740541393228,synthetic_fallback_fast,test,2,High
0,AAPL,2026-02-11,2026-02-12,2026-02-25,0.16852916696092415,0.16341553339906792,0.16184471845983842,synthetic_fallback_fast,test,1,Medium
1,MSFT,2026-02-11,2026-02-12,2026-02-25,0.2848793917109765,0.2240053750558799,0.20221029682342254,synthetic_fallback_fast,test,2,High
0,AAPL,2026-02-12,2026-02-13,2026-02-26,0.17863358947717203,0.1647999858856613,0.1598661521397551,synthetic_fallback_fast,test,1,Medium
1,MSFT,2026-02-12,2026-02-13,2026-02-26,0.3014510171766487,0.22570941652582405,0.1988122093202759,synthetic_fallback_fast,test,2,High
0,AAPL,2026-02-13,2026-02-16,2026-02-27,0.18355667880834145,0.16413408421375153,0.15574125614300965,synthetic_fallback_fast,test,1,Medium
1,MSFT,2026-02-13,2026-02-16,2026-02-27,0.3100432284755543,0.22013918045605313,0.19357145237848167,synthetic_fallback_fast,test,2,High
0,AAPL,2026-02-16,2026-02-17,2026-03-02,0.18703025848025662,0.1649427618997295,0.1522146215204762,synthetic_fallback_fast,test,1,Medium
1,MSFT,2026-02-16,2026-02-17,2026-03-02,0.306983592829048,0.2216648075155312,0.1912841892297986,synthetic_fallback_fast,test,2,High
0,AAPL,2026-02-17,2026-02-18,2026-03-03,0.1912858069940039,0.14337908260680096,0.14792549101237826,synthetic_fallback_fast,test,1,Medium
1,MSFT,2026-02-17,2026-02-18,2026-03-03,0.29017102623430885,0.18140430424381115,0.20110364759347044,synthetic_fallback_fast,test,2,High
0,AAPL,2026-02-18,2026-02-19,2026-03-04,0.15347581197926996,0.15793722133730023,0.17633841623671254,synthetic_fallback_fast,test,1,Medium
1,MSFT,2026-02-18,2026-02-19,2026-03-04,0.29510244451100953,0.17628709286421357,0.19507074888201226,synthetic_fallback_fast,test,2,High
0,AAPL,2026-02-19,2026-02-20,2026-03-05,0.1536857600611723,0.16040361529369557,0.174980217404435,synthetic_fallback_fast,test,1,Medium
1,MSFT,2026-02-19,2026-02-20,2026-03-05,0.29367097959075206,0.17112526576105708,0.1914205286462661,synthetic_fallback_fast,test,2,High
0,AAPL,2026-02-20,2026-02-23,2026-03-06,0.14965956561637617,0.16330089469603778,0.17371937100809354,synthetic_fallback_fast,test,1,Medium
1,MSFT,2026-02-20,2026-02-23,2026-03-06,0.2929338591734887,0.17124314110301228,0.18635447060486365,synthetic_fallback_fast,test,2,High
0,AAPL,2026-02-23,2026-02-24,2026-03-09,0.13773785443382405,0.16828572437443834,0.1738467712965158,synthetic_fallback_fast,test,0,Low
1,MSFT,2026-02-23,2026-02-24,2026-03-09,0.16507812824459064,0.23351766416969347,0.2646388970050584,synthetic_fallback_fast,test,1,Medium
0,AAPL,2026-02-24,2026-02-25,2026-03-10,0.14601445205380248,0.16499266052548506,0.1689733293909069,synthetic_fallback_fast,test,1,Medium
1,MSFT,2026-02-24,2026-02-25,2026-03-10,0.15787426915434166,0.23554465982136616,0.25966793387486337,synthetic_fallback_fast,test,1,Medium
0,AAPL,2026-02-25,2026-02-26,2026-03-11,0.14834758888154337,0.16181546670726604,0.16410852784249894,synthetic_fallback_fast,test,1,Medium
1,MSFT,2026-02-25,2026-02-26,2026-03-11,0.1573578714533192,0.22776255400913212,0.2520370092545113,synthetic_fallback_fast,test,1,Medium
0,AAPL,2026-02-26,2026-02-27,2026-03-12,0.1318984856776164,0.16529191114927225,0.1684663829792374,synthetic_fallback_fast,test,0,Low
1,MSFT,2026-02-26,2026-02-27,2026-03-12,0.1270420284782816,0.2391622984591027,0.25825843818709554,synthetic_fallback_fast,test,0,Low
0,AAPL,2026-02-27,2026-03-02,2026-03-13,0.1478548833739063,0.16621184614675874,0.16731451490653323,synthetic_fallback_fast,test,1,Medium
1,MSFT,2026-02-27,2026-03-02,2026-03-13,0.11416715924509097,0.2343772283930871,0.2573081787140855,synthetic_fallback_fast,test,0,Low
0,AAPL,2026-03-02,2026-03-03,2026-03-16,0.14587380574026923,0.16782262646739635,0.16571900550455707,synthetic_fallback_fast,test,1,Medium
1,MSFT,2026-03-02,2026-03-03,2026-03-16,0.12712209011011655,0.23459984199729814,0.24996730897619054,synthetic_fallback_fast,test,0,Low
0,AAPL,2026-03-03,2026-03-04,2026-03-17,0.14410141586386085,0.16101828906787488,0.16394740929827126,synthetic_fallback_fast,test,1,Medium
1,MSFT,2026-03-03,2026-03-04,2026-03-17,0.142203868790218,0.23452982692615795,0.24254189365023268,synthetic_fallback_fast,test,0,Low
0,AAPL,2026-03-04,2026-03-05,2026-03-18,0.12842926460413562,0.1651873777455878,0.16712324414005406,synthetic_fallback_fast,test,0,Low
1,MSFT,2026-03-04,2026-03-05,2026-03-18,0.14389389295475613,0.23421703309183947,0.2389427415151466,synthetic_fallback_fast,test,0,Low
0,AAPL,2026-03-05,2026-03-06,2026-03-19,0.11938352395493915,0.1612316851545276,0.16651187232847098,synthetic_fallback_fast,test,0,Low
1,MSFT,2026-03-05,2026-03-06,2026-03-19,0.14516042564459636,0.23381237498244278,0.23247492459960534,synthetic_fallback_fast,test,0,Low
0,AAPL,2026-03-06,2026-03-09,2026-03-20,0.11631101379236676,0.1560489065159564,0.16344533456867028,synthetic_fallback_fast,test,0,Low
1,MSFT,2026-03-06,2026-03-09,2026-03-20,0.14679368257841138,0.22870829704557036,0.22555331421157807,synthetic_fallback_fast,test,0,Low
0,AAPL,2026-03-09,2026-03-10,2026-03-23,0.11930596047773084,0.1545087592059098,0.15860567526428646,synthetic_fallback_fast,test,0,Low
1,MSFT,2026-03-09,2026-03-10,2026-03-23,0.1393296619470221,0.23226257715011112,0.22325898666426097,synthetic_fallback_fast,test,0,Low
0,AAPL,2026-03-10,2026-03-11,2026-03-24,0.12730024842888993,0.15775884964670037,0.159003910076765,synthetic_fallback_fast,test,0,Low
1,MSFT,2026-03-10,2026-03-11,2026-03-24,0.13869096490040214,0.2322024905028348,0.21688179028672983,synthetic_fallback_fast,test,0,Low
0,AAPL,2026-03-11,2026-03-12,2026-03-25,0.12423934985106262,0.15875938908220588,0.15581728443990298,synthetic_fallback_fast,test,0,Low
1,MSFT,2026-03-11,2026-03-12,2026-03-25,0.13935279018470847,0.23012797258257772,0.2105208670041843,synthetic_fallback_fast,test,0,Low
0,AAPL,2026-03-12,2026-03-13,2026-03-26,0.14172800306559027,0.1570146009349882,0.15201498284466974,synthetic_fallback_fast,test,1,Medium
1,MSFT,2026-03-12,2026-03-13,2026-03-26,0.14043417151195411,0.23131406437645838,0.20837078087998587,synthetic_fallback_fast,test,0,Low
0,AAPL,2026-03-13,2026-03-16,2026-03-27,0.17289428274931926,0.16666451462842963,0.16049771727344653,synthetic_fallback_fast,test,1,Medium
1,MSFT,2026-03-13,2026-03-16,2026-03-27,0.14691161809824688,0.23362463886931828,0.20615834602641228,synthetic_fallback_fast,test,0,Low
0,AAPL,2026-03-16,2026-03-17,2026-03-30,0.226309203491196,0.16771923680416242,0.158143253738258,synthetic_fallback_fast,test,2,High
1,MSFT,2026-03-16,2026-03-17,2026-03-30,0.25249655813628125,0.23494568740476526,0.20513139484639487,synthetic_fallback_fast,test,2,High
0,AAPL,2026-03-17,2026-03-18,2026-03-31,0.2238099380380341,0.16934502946841498,0.15577505382777784,synthetic_fallback_fast,test,1,Medium
1,MSFT,2026-03-17,2026-03-18,2026-03-31,0.24444610505839925,0.22849635091700865,0.2052410333427296,synthetic_fallback_fast,test,2,High
0,AAPL,2026-03-18,2026-03-19,2026-04-01,0.22376536417699774,0.1415077751741142,0.15132867918679707,synthetic_fallback_fast,test,1,Medium
1,MSFT,2026-03-18,2026-03-19,2026-04-01,0.2397240038154283,0.23215394158407937,0.20417361186242042,synthetic_fallback_fast,test,2,High
0,AAPL,2026-03-19,2026-03-20,2026-04-02,0.23117509330598468,0.13760766446219438,0.14710648397968812,synthetic_fallback_fast,test,2,High
1,MSFT,2026-03-19,2026-03-20,2026-04-02,0.23762778107613294,0.23164001535476583,0.19967672887403293,synthetic_fallback_fast,test,2,High
0,AAPL,2026-03-20,2026-03-23,2026-04-03,0.2548473476033503,0.13402655988626014,0.14330375834814557,synthetic_fallback_fast,test,2,High
1,MSFT,2026-03-20,2026-03-23,2026-04-03,0.23675067536662325,0.23168797022634205,0.19453402578247025,synthetic_fallback_fast,test,1,Medium
0,AAPL,2026-03-23,2026-03-24,2026-04-06,0.2952360158741946,0.1288519086966646,0.14062462246352084,synthetic_fallback_fast,test,2,High
1,MSFT,2026-03-23,2026-03-24,2026-04-06,0.3023578924976697,0.15274741098134687,0.19052592765163404,synthetic_fallback_fast,test,2,High
0,AAPL,2026-03-24,2026-03-25,2026-04-07,0.2874554488652117,0.13697732195263068,0.1463513548582932,synthetic_fallback_fast,test,2,High
1,MSFT,2026-03-24,2026-03-25,2026-04-07,0.3036704986269743,0.1485925109250498,0.18497700629981745,synthetic_fallback_fast,test,2,High
0,AAPL,2026-03-25,2026-03-26,2026-04-08,0.28888197306886754,0.1368254785819917,0.14197107935369271,synthetic_fallback_fast,test,2,High
1,MSFT,2026-03-25,2026-03-26,2026-04-08,0.3052553962564595,0.14862822719891186,0.179932530887962,synthetic_fallback_fast,test,2,High
0,AAPL,2026-03-26,2026-03-27,2026-04-09,0.28664400365734694,0.1369014926452746,0.14809811674155843,synthetic_fallback_fast,test,2,High
1,MSFT,2026-03-26,2026-03-27,2026-04-09,0.3018854516784998,0.1339056263346045,0.17920446054386746,synthetic_fallback_fast,test,2,High
0,AAPL,2026-03-27,2026-03-30,2026-04-10,0.3028183483942025,0.16086251823360373,0.17463843447033522,synthetic_fallback_fast,test,2,High
1,MSFT,2026-03-27,2026-03-30,2026-04-10,0.3313843425397873,0.13156208379000978,0.1796382219649555,synthetic_fallback_fast,test,2,High
0,AAPL,2026-03-30,2026-03-31,2026-04-13,0.2634405812955268,0.19038779213222856,0.20558676274055399,synthetic_fallback_fast,test,2,High
1,MSFT,2026-03-30,2026-03-31,2026-04-13,0.2633019006267833,0.19989314353503104,0.24050951628049294,synthetic_fallback_fast,test,2,High
0,AAPL,2026-03-31,2026-04-01,2026-04-14,0.3217674077052304,0.18822341302101345,0.1995478704729492,synthetic_fallback_fast,test,2,High
1,MSFT,2026-03-31,2026-04-01,2026-04-14,0.2823396084284479,0.1999697959406964,0.2334815599164781,synthetic_fallback_fast,test,2,High
0,AAPL,2026-04-01,2026-04-02,2026-04-15,0.32472985964838763,0.1824349393784309,0.1935924124280895,synthetic_fallback_fast,test,2,High
1,MSFT,2026-04-01,2026-04-02,2026-04-15,0.2809267219160234,0.19770312394468417,0.22789425132196262,synthetic_fallback_fast,test,2,High
0,AAPL,2026-04-02,2026-04-03,2026-04-16,0.3192806462510105,0.18397601685672274,0.19341353543919107,synthetic_fallback_fast,test,2,High
1,MSFT,2026-04-02,2026-04-03,2026-04-16,0.2809496313709127,0.1968991004454908,0.2207951699280822,synthetic_fallback_fast,test,2,High
0,AAPL,2026-04-03,2026-04-06,2026-04-17,0.30149817339579515,0.19808511113896343,0.20577733646892324,synthetic_fallback_fast,test,2,High
1,MSFT,2026-04-03,2026-04-06,2026-04-17,0.2831666151651177,0.1969762263973544,0.2143207691039987,synthetic_fallback_fast,test,2,High
0,AAPL,2026-04-06,2026-04-07,2026-04-20,0.26540114483849475,0.22516462563509126,0.23151640876307905,synthetic_fallback_fast,test,2,High
1,MSFT,2026-04-06,2026-04-07,2026-04-20,0.2089959873403147,0.235407147145009,0.25537614189054436,synthetic_fallback_fast,test,1,Medium
0,AAPL,2026-04-07,2026-04-08,2026-04-21,0.2660374193126625,0.22230158381392318,0.22414572406103803,synthetic_fallback_fast,test,2,High
1,MSFT,2026-04-07,2026-04-08,2026-04-21,0.20957602874153608,0.23606244457914072,0.24858132085906595,synthetic_fallback_fast,test,1,Medium
0,AAPL,2026-04-08,2026-04-09,2026-04-22,0.2651970597781659,0.22236030492825898,0.21823057595504824,synthetic_fallback_fast,test,2,High
1,MSFT,2026-04-08,2026-04-09,2026-04-22,0.21165499205591973,0.23727627049069977,0.24266793006582016,synthetic_fallback_fast,test,1,Medium
0,AAPL,2026-04-09,2026-04-10,2026-04-23,0.26450704163223543,0.22611016306844003,0.21699365639508061,synthetic_fallback_fast,test,2,High
1,MSFT,2026-04-09,2026-04-10,2026-04-23,0.20910192914696565,0.2354321372108965,0.23683594961851706,synthetic_fallback_fast,test,1,Medium
0,AAPL,2026-04-10,2026-04-13,2026-04-24,0.21006924775216643,0.24656782548783018,0.2449134589610417,synthetic_fallback_fast,test,1,Medium
1,MSFT,2026-04-10,2026-04-13,2026-04-24,0.16712945365791682,0.25631875274038396,0.25838574844268913,synthetic_fallback_fast,test,1,Medium
0,AAPL,2026-04-13,2026-04-14,2026-04-27,0.22678300326913559,0.24557768165912858,0.23794304379959977,synthetic_fallback_fast,test,2,High
1,MSFT,2026-04-13,2026-04-14,2026-04-27,0.17451156376868743,0.2579558128288108,0.25673146181283385,synthetic_fallback_fast,test,1,Medium
0,AAPL,2026-04-14,2026-04-15,2026-04-28,0.13121872654483085,0.27715081907323724,0.2714425532455811,synthetic_fallback_fast,test,0,Low
1,MSFT,2026-04-14,2026-04-15,2026-04-28,0.15216881056728113,0.26407342990705374,0.2600071207071012,synthetic_fallback_fast,test,0,Low
0,AAPL,2026-04-15,2026-04-16,2026-04-29,0.12727827641036277,0.27885517742416577,0.26524517181007967,synthetic_fallback_fast,test,0,Low
1,MSFT,2026-04-15,2026-04-16,2026-04-29,0.15216274994130205,0.2611392550841239,0.25244092049307826,synthetic_fallback_fast,test,0,Low
0,AAPL,2026-04-16,2026-04-17,2026-04-30,0.1306293067468493,0.27873110235089804,0.2572778855493586,synthetic_fallback_fast,test,0,Low
1,MSFT,2026-04-16,2026-04-17,2026-04-30,0.1574022175935083,0.2601919077398626,0.24473956637813482,synthetic_fallback_fast,test,1,Medium
0,AAPL,2026-04-17,2026-04-20,2026-05-01,0.1281948007620279,0.2791489917064575,0.2504883219165815,synthetic_fallback_fast,test,0,Low
1,MSFT,2026-04-17,2026-04-20,2026-05-01,0.21658430498517492,0.2609925422599486,0.239083696629072,synthetic_fallback_fast,test,1,Medium
0,AAPL,2026-04-20,2026-04-21,2026-05-04,0.1365275103388533,0.2807152229135885,0.24601939168594997,synthetic_fallback_fast,test,0,Low
1,MSFT,2026-04-20,2026-04-21,2026-05-04,0.2225702561388823,0.2599034608080329,0.2315177054893202,synthetic_fallback_fast,test,1,Medium
0,AAPL,2026-04-21,2026-04-22,2026-05-05,0.1594865979182146,0.27695355527311954,0.23908357126566818,synthetic_fallback_fast,test,1,Medium
1,MSFT,2026-04-21,2026-04-22,2026-05-05,0.2294872251758068,0.26090025254819926,0.2260332831296915,synthetic_fallback_fast,test,1,Medium
0,AAPL,2026-04-22,2026-04-23,2026-05-06,0.23491368688797218,0.2772925124116643,0.23236326577596275,synthetic_fallback_fast,test,2,High
1,MSFT,2026-04-22,2026-04-23,2026-05-06,0.2805588780962563,0.26265823098265884,0.22184760050391947,synthetic_fallback_fast,test,2,High
0,AAPL,2026-04-23,2026-04-24,2026-05-07,0.27432862545950354,0.27579771564114725,0.22982350870522744,synthetic_fallback_fast,test,2,High
1,MSFT,2026-04-23,2026-04-24,2026-05-07,0.29231786472740323,0.25967137184152056,0.21524693259806107,synthetic_fallback_fast,test,2,High
0,AAPL,2026-04-24,2026-04-27,2026-05-08,0.27516934177591207,0.2606031858739966,0.22306574208054522,synthetic_fallback_fast,test,2,High
1,MSFT,2026-04-24,2026-04-27,2026-05-08,0.2904180390418337,0.26243840873671753,0.21897273042775128,synthetic_fallback_fast,test,2,High
0,AAPL,2026-04-27,2026-04-28,2026-05-11,0.2684404033721064,0.24579612532045114,0.22674591420661996,synthetic_fallback_fast,test,2,High
1,MSFT,2026-04-27,2026-04-28,2026-05-11,0.2809217442964004,0.2233631312041774,0.22304913819828734,synthetic_fallback_fast,test,2,High
0,AAPL,2026-04-28,2026-04-29,2026-05-12,0.26924953277193997,0.24571591203805979,0.21970803859198282,synthetic_fallback_fast,test,2,High
1,MSFT,2026-04-28,2026-04-29,2026-05-12,0.2790637042643112,0.22679396089511553,0.22089966631816624,synthetic_fallback_fast,test,2,High
0,AAPL,2026-04-29,2026-04-30,2026-05-13,0.3035553205091866,0.24662648012049948,0.21444531204140158,synthetic_fallback_fast,test,2,High
1,MSFT,2026-04-29,2026-04-30,2026-05-13,0.30746567450989615,0.22591295398469516,0.2145979852451434,synthetic_fallback_fast,test,2,High
0,AAPL,2026-04-30,2026-05-01,2026-05-14,0.3021226310679136,0.24393046842453422,0.2091269265677746,synthetic_fallback_fast,test,2,High
1,MSFT,2026-04-30,2026-05-01,2026-05-14,0.34426055641871856,0.22771490231296448,0.2105580757126357,synthetic_fallback_fast,test,2,High
0,AAPL,2026-05-01,2026-05-04,2026-05-15,0.30293485618470173,0.23166252988282005,0.20290440733482412,synthetic_fallback_fast,test,2,High
1,MSFT,2026-05-01,2026-05-04,2026-05-15,0.3090410477566672,0.2520834118996936,0.23624846492029125,synthetic_fallback_fast,test,2,High
0,AAPL,2026-05-04,2026-05-05,2026-05-18,0.2958795626462861,0.21104209148995534,0.20388808399880948,synthetic_fallback_fast,test,2,High
1,MSFT,2026-05-04,2026-05-05,2026-05-18,0.30737546753429706,0.21588983491827568,0.232658363269175,synthetic_fallback_fast,test,2,High
0,AAPL,2026-05-05,2026-05-06,2026-05-19,0.2845867619030358,0.21933066747501098,0.2085392750583173,synthetic_fallback_fast,test,2,High
1,MSFT,2026-05-05,2026-05-06,2026-05-19,0.3024376355786587,0.21975725055383794,0.23128355246944388,synthetic_fallback_fast,test,2,High
0,AAPL,2026-05-06,2026-05-07,2026-05-20,0.26001815832082154,0.2505133936561919,0.2432221923608024,synthetic_fallback_fast,test,2,High
1,MSFT,2026-05-06,2026-05-07,2026-05-20,0.264166758176272,0.2485066596097793,0.25946151719466487,synthetic_fallback_fast,test,2,High
0,AAPL,2026-05-07,2026-05-08,2026-05-21,0.22433668063004658,0.26946258536162093,0.2642637528778112,synthetic_fallback_fast,test,1,Medium
1,MSFT,2026-05-07,2026-05-08,2026-05-21,0.2672894396304387,0.2541390867337913,0.25964785662613843,synthetic_fallback_fast,test,2,High
0,AAPL,2026-05-08,2026-05-11,2026-05-22,0.22394799523926626,0.24479303044056402,0.25704633752326617,synthetic_fallback_fast,test,1,Medium
1,MSFT,2026-05-08,2026-05-11,2026-05-22,0.2566266882664096,0.23693342069123322,0.25941928392818664,synthetic_fallback_fast,test,2,High
0,AAPL,2026-05-11,2026-05-12,2026-05-25,0.21822652789826943,0.2484861975385634,0.25405938663355443,synthetic_fallback_fast,test,1,Medium
1,MSFT,2026-05-11,2026-05-12,2026-05-25,0.25233851241820393,0.23384964433105818,0.2542304585551474,synthetic_fallback_fast,test,2,High
0,AAPL,2026-05-12,2026-05-13,2026-05-26,0.21858598385428893,0.21179431660688522,0.24700792155258416,synthetic_fallback_fast,test,1,Medium
1,MSFT,2026-05-12,2026-05-13,2026-05-26,0.2512722360805039,0.22475753374156343,0.24897530377381072,synthetic_fallback_fast,test,2,High
0,AAPL,2026-05-13,2026-05-14,2026-05-27,0.1648711655165075,0.2327505018849881,0.2637328707014377,synthetic_fallback_fast,test,1,Medium
1,MSFT,2026-05-13,2026-05-14,2026-05-27,0.21609734830643007,0.24257848572320326,0.2618858031180697,synthetic_fallback_fast,test,1,Medium
0,AAPL,2026-05-14,2026-05-15,2026-05-28,0.16600989813934727,0.23274675076632226,0.2557808159200102,synthetic_fallback_fast,test,1,Medium
1,MSFT,2026-05-14,2026-05-15,2026-05-28,0.14815093518452646,0.267666573192358,0.282830116071215,synthetic_fallback_fast,test,0,Low
0,AAPL,2026-05-15,2026-05-18,2026-05-29,0.16499681831489674,0.23259775797937296,0.2488255016373792,synthetic_fallback_fast,test,1,Medium
1,MSFT,2026-05-15,2026-05-18,2026-05-29,0.15769118614716948,0.26684745676551797,0.2748506361503963,synthetic_fallback_fast,test,1,Medium
0,AAPL,2026-05-18,2026-05-19,2026-06-01,0.16689192077264606,0.23041753044319702,0.2418309922242882,synthetic_fallback_fast,test,1,Medium
1,MSFT,2026-05-18,2026-05-19,2026-06-01,0.15590159061706776,0.26834417914280845,0.26632819433508353,synthetic_fallback_fast,test,1,Medium
0,AAPL,2026-05-19,2026-05-20,2026-06-02,0.16502303703144391,0.23067899770674988,0.23546307407102288,synthetic_fallback_fast,test,1,Medium
1,MSFT,2026-05-19,2026-05-20,2026-06-02,0.16564874620110728,0.26845196025853585,0.25964925514847664,synthetic_fallback_fast,test,1,Medium
0,AAPL,2026-05-20,2026-05-21,2026-06-03,0.1039854839428823,0.2477840621830347,0.2496242954610948,synthetic_fallback_fast,test,0,Low
1,MSFT,2026-05-20,2026-05-21,2026-06-03,0.14588028002692535,0.2724861099248831,0.2594870688400132,synthetic_fallback_fast,test,0,Low
0,AAPL,2026-05-21,2026-05-22,2026-06-04,0.06975885917345535,0.2505824624974861,0.24959993282478019,synthetic_fallback_fast,test,0,Low
1,MSFT,2026-05-21,2026-05-22,2026-06-04,0.1140169305813703,0.2800833613201098,0.2612622664539066,synthetic_fallback_fast,test,0,Low
0,AAPL,2026-05-22,2026-05-25,2026-06-05,0.06730181990711463,0.25086935965266377,0.2426054215007395,synthetic_fallback_fast,test,0,Low
1,MSFT,2026-05-22,2026-05-25,2026-06-05,0.12069571707750422,0.2740436959058619,0.2541989771317574,synthetic_fallback_fast,test,0,Low
0,AAPL,2026-05-25,2026-05-26,2026-06-08,0.05592614180749232,0.24462529268364025,0.23710315628468917,synthetic_fallback_fast,test,0,Low
1,MSFT,2026-05-25,2026-05-26,2026-06-08,0.12498328391877918,0.26701287540862545,0.24662851403381802,synthetic_fallback_fast,test,0,Low
0,AAPL,2026-05-26,2026-05-27,2026-06-09,0.06462766355010122,0.24522963038288767,0.230762845530816,synthetic_fallback_fast,test,0,Low
1,MSFT,2026-05-26,2026-05-27,2026-06-09,0.12068531261195613,0.265531813218883,0.2413832544946742,synthetic_fallback_fast,test,0,Low
0,AAPL,2026-05-27,2026-05-28,2026-06-10,0.07996831827875794,0.24426249592211924,0.22375533336721787,synthetic_fallback_fast,test,0,Low
1,MSFT,2026-05-27,2026-05-28,2026-06-10,0.14035853318666675,0.26573784539174694,0.23474090103716938,synthetic_fallback_fast,test,0,Low
0,AAPL,2026-05-28,2026-05-29,2026-06-11,0.07761219881556872,0.2437594823628766,0.21756081622547008,synthetic_fallback_fast,test,0,Low
1,MSFT,2026-05-28,2026-05-29,2026-06-11,0.1412880267830694,0.26501323580320996,0.22889021069243512,synthetic_fallback_fast,test,0,Low
0,AAPL,2026-05-29,2026-06-01,2026-06-12,0.09081083731478641,0.24391953298750488,0.21149740810056217,synthetic_fallback_fast,test,0,Low
1,MSFT,2026-05-29,2026-06-01,2026-06-12,0.14790133441766198,0.24532924752976348,0.22661596791995406,synthetic_fallback_fast,test,0,Low
0,AAPL,2026-06-01,2026-06-02,2026-06-15,0.08556263955757365,0.24020577512930524,0.20681726613423712,synthetic_fallback_fast,test,0,Low
1,MSFT,2026-06-01,2026-06-02,2026-06-15,0.14460521088301323,0.24370574880258725,0.22119224683318983,synthetic_fallback_fast,test,0,Low
0,AAPL,2026-06-02,2026-06-03,2026-06-16,0.08619722123519319,0.23261795696112594,0.20064360365107473,synthetic_fallback_fast,test,0,Low
1,MSFT,2026-06-02,2026-06-03,2026-06-16,0.13006691118677555,0.24383194061936228,0.2206250040502062,synthetic_fallback_fast,test,0,Low
0,AAPL,2026-06-03,2026-06-04,2026-06-17,0.09869035268797467,0.19801821068703154,0.195224498483568,synthetic_fallback_fast,test,0,Low
1,MSFT,2026-06-03,2026-06-04,2026-06-17,0.1289921390579997,0.21338361256911828,0.21448669791079114,synthetic_fallback_fast,test,0,Low
0,AAPL,2026-06-04,2026-06-05,2026-06-18,0.10310456987942652,0.16612231142939454,0.18984895617200517,synthetic_fallback_fast,test,0,Low
1,MSFT,2026-06-04,2026-06-05,2026-06-18,0.1296701588336863,0.2054793237738909,0.20821397530239039,synthetic_fallback_fast,test,0,Low
0,AAPL,2026-06-05,2026-06-08,2026-06-19,0.10532949125968136,0.16535150367398557,0.18406218993684498,synthetic_fallback_fast,test,0,Low
1,MSFT,2026-06-05,2026-06-08,2026-06-19,0.13444722848290036,0.20053018881385157,0.20543231713531307,synthetic_fallback_fast,test,0,Low
0,AAPL,2026-06-08,2026-06-09,2026-06-22,0.13883137414496843,0.15929618767567214,0.1785917682416355,synthetic_fallback_fast,test,0,Low
1,MSFT,2026-06-08,2026-06-09,2026-06-22,0.17051633866488583,0.1991174855563346,0.20082298803215012,synthetic_fallback_fast,test,1,Medium
0,AAPL,2026-06-09,2026-06-10,2026-06-23,0.13276429771444268,0.1611778012529836,0.17615837963190487,synthetic_fallback_fast,test,0,Low
1,MSFT,2026-06-09,2026-06-10,2026-06-23,0.1724121556323342,0.19710743429046773,0.19565438738740093,synthetic_fallback_fast,test,1,Medium
0,AAPL,2026-06-10,2026-06-11,2026-06-24,0.1389466212620509,0.12957127989470568,0.17491475006374732,synthetic_fallback_fast,test,0,Low
1,MSFT,2026-06-10,2026-06-11,2026-06-24,0.15796520109701223,0.18220672570377747,0.19851266394624506,synthetic_fallback_fast,test,1,Medium
0,AAPL,2026-06-11,2026-06-12,2026-06-25,0.14442186068514384,0.1295819039936206,0.1698314157020269,synthetic_fallback_fast,test,1,Medium
1,MSFT,2026-06-11,2026-06-12,2026-06-25,0.16260339526119563,0.14476015699822772,0.19439835281336676,synthetic_fallback_fast,test,1,Medium
0,AAPL,2026-06-12,2026-06-15,2026-06-26,0.13579536236424636,0.13317386798439781,0.16941308436934963,synthetic_fallback_fast,test,0,Low
1,MSFT,2026-06-12,2026-06-15,2026-06-26,0.1501606879196257,0.15287464621549635,0.19690675122043846,synthetic_fallback_fast,test,0,Low
0,AAPL,2026-06-15,2026-06-16,2026-06-29,0.13604629743447366,0.13261575793856933,0.16470997461379241,synthetic_fallback_fast,test,0,Low
1,MSFT,2026-06-15,2026-06-16,2026-06-29,0.15119633427275772,0.15035952409384068,0.1911865297027711,synthetic_fallback_fast,test,0,Low
0,AAPL,2026-06-16,2026-06-17,2026-06-30,0.13570575861366013,0.1316483264226138,0.15995169856280644,synthetic_fallback_fast,test,0,Low
1,MSFT,2026-06-16,2026-06-17,2026-06-30,0.15325895945710316,0.14892432390927182,0.18610171215606935,synthetic_fallback_fast,test,0,Low
0,AAPL,2026-06-17,2026-06-18,2026-07-01,0.14991934345540617,0.1013724977114411,0.16040465823604955,synthetic_fallback_fast,test,1,Medium
1,MSFT,2026-06-17,2026-06-18,2026-07-01,0.1932482833060787,0.1376953667330395,0.18064250356231717,synthetic_fallback_fast,test,1,Medium
0,AAPL,2026-06-18,2026-06-19,2026-07-02,0.1470569978110585,0.0880251406224481,0.15766319959884906,synthetic_fallback_fast,test,1,Medium
1,MSFT,2026-06-18,2026-06-19,2026-07-02,0.19362424478418433,0.1220946570312363,0.17574805054055337,synthetic_fallback_fast,test,1,Medium
0,AAPL,2026-06-19,2026-06-22,2026-07-03,0.1457581992375857,0.08838505725469939,0.1531874069118028,synthetic_fallback_fast,test,1,Medium
1,MSFT,2026-06-19,2026-06-22,2026-07-03,0.2186921169260637,0.1277566306842548,0.17667802035760918,synthetic_fallback_fast,test,1,Medium
0,AAPL,2026-06-22,2026-06-23,2026-07-06,0.1221922133984536,0.10583450237151386,0.1632126244131778,synthetic_fallback_fast,test,0,Low
1,MSFT,2026-06-22,2026-06-23,2026-07-06,0.19012619182354137,0.14949355004614784,0.1892925483840036,synthetic_fallback_fast,test,1,Medium
0,AAPL,2026-06-23,2026-06-24,2026-07-07,0.12252514286904906,0.10441047275909214,0.15844092043202312,synthetic_fallback_fast,test,0,Low
1,MSFT,2026-06-23,2026-06-24,2026-07-07,0.19433687872793248,0.14881346728376738,0.18578853036788057,synthetic_fallback_fast,test,1,Medium
0,AAPL,2026-06-24,2026-06-25,2026-07-08,0.11573117092282587,0.11336025645805621,0.1613187462941505,synthetic_fallback_fast,test,0,Low
1,MSFT,2026-06-24,2026-06-25,2026-07-08,0.20284609470157278,0.1494214218175094,0.1817117512648199,synthetic_fallback_fast,test,1,Medium
0,AAPL,2026-06-25,2026-06-26,2026-07-09,0.11583511480517125,0.11593387608621232,0.15942626398574855,synthetic_fallback_fast,test,0,Low
1,MSFT,2026-06-25,2026-06-26,2026-07-09,0.2062966739919533,0.15231902485034815,0.18081619001438026,synthetic_fallback_fast,test,1,Medium
0,AAPL,2026-06-26,2026-06-29,2026-07-10,0.12083117481135948,0.11551404376405837,0.15425235993088973,synthetic_fallback_fast,test,0,Low
1,MSFT,2026-06-26,2026-06-29,2026-07-10,0.2217575247213716,0.1490352926642215,0.17784390014416795,synthetic_fallback_fast,test,1,Medium
0,AAPL,2026-06-29,2026-06-30,2026-07-13,0.1218565366937285,0.11364321434579484,0.1487901751213386,synthetic_fallback_fast,test,0,Low
1,MSFT,2026-06-29,2026-06-30,2026-07-13,0.22220697578776022,0.14793748428312586,0.17137405667490646,synthetic_fallback_fast,test,1,Medium
0,AAPL,2026-06-30,2026-07-01,2026-07-14,0.12733703365391819,0.113679404180304,0.144579597009169,synthetic_fallback_fast,test,0,Low
1,MSFT,2026-06-30,2026-07-01,2026-07-14,0.22060046464723287,0.14213674760515407,0.1680315517911218,synthetic_fallback_fast,test,1,Medium
0,AAPL,2026-07-01,2026-07-02,2026-07-15,0.1701207302865849,0.12691649864335386,0.15408590271905723,synthetic_fallback_fast,test,1,Medium
1,MSFT,2026-07-01,2026-07-02,2026-07-15,0.23007726402493303,0.16429222583479838,0.1869433068221786,synthetic_fallback_fast,test,1,Medium
0,AAPL,2026-07-02,2026-07-03,2026-07-16,0.18327648091271578,0.1269966789629225,0.14992724159665888,synthetic_fallback_fast,test,1,Medium
1,MSFT,2026-07-02,2026-07-03,2026-07-16,0.23067552124887275,0.1647796987802186,0.18211906780455359,synthetic_fallback_fast,test,1,Medium
0,AAPL,2026-07-03,2026-07-06,2026-07-17,0.1998507070420589,0.1271608319688241,0.14426120855678665,synthetic_fallback_fast,test,1,Medium
1,MSFT,2026-07-03,2026-07-06,2026-07-17,0.21121264232960107,0.1815245152208598,0.19812931858866462,synthetic_fallback_fast,test,1,Medium
0,AAPL,2026-07-06,2026-07-07,2026-07-20,0.19732059492201598,0.1307766941434777,0.144007927912114,synthetic_fallback_fast,test,1,Medium
1,MSFT,2026-07-06,2026-07-07,2026-07-20,0.21613516360252213,0.18058763879208356,0.19262347621450543,synthetic_fallback_fast,test,1,Medium
0,AAPL,2026-07-07,2026-07-08,2026-07-21,0.21236536864455582,0.1277473471010065,0.13768362488888353,synthetic_fallback_fast,test,1,Medium
1,MSFT,2026-07-07,2026-07-08,2026-07-21,0.21243546205298686,0.18370189689208893,0.19101614889470878,synthetic_fallback_fast,test,1,Medium
0,AAPL,2026-07-08,2026-07-09,2026-07-22,0.28028417193057154,0.1278668594345465,0.1386168743339701,synthetic_fallback_fast,test,2,High
1,MSFT,2026-07-08,2026-07-09,2026-07-22,0.23423496547270212,0.18179596102952747,0.19214901761528438,synthetic_fallback_fast,test,1,Medium
0,AAPL,2026-07-09,2026-07-10,2026-07-23,0.29495860709717764,0.130911129522448,0.13809207751484878,synthetic_fallback_fast,test,2,High
1,MSFT,2026-07-09,2026-07-10,2026-07-23,0.23077810577949653,0.18573930904713046,0.19288687096288074,synthetic_fallback_fast,test,1,Medium
0,AAPL,2026-07-10,2026-07-13,2026-07-24,0.30395783585538816,0.12853122820141863,0.1368689591847734,synthetic_fallback_fast,test,2,High
1,MSFT,2026-07-10,2026-07-13,2026-07-24,0.24270956115875714,0.18937348278870111,0.19960784095626052,synthetic_fallback_fast,test,2,High
